OrganizationIdentifier,OrganizationFormalName,MonitoringLocationIdentifier,MonitoringLocationName,MonitoringLocationTypeName,MonitoringLocationDescriptionText,HUCEightDigitCode,DrainageAreaMeasure/MeasureValue,DrainageAreaMeasure/MeasureUnitCode,ContributingDrainageAreaMeasure/MeasureValue,ContributingDrainageAreaMeasure/MeasureUnitCode,LatitudeMeasure,LongitudeMeasure,SourceMapScaleNumeric,HorizontalAccuracyMeasure/MeasureValue,HorizontalAccuracyMeasure/MeasureUnitCode,HorizontalCollectionMethodName,HorizontalCoordinateReferenceSystemDatumName,VerticalMeasure/MeasureValue,VerticalMeasure/MeasureUnitCode,VerticalAccuracyMeasure/MeasureValue,VerticalAccuracyMeasure/MeasureUnitCode,VerticalCollectionMethodName,VerticalCoordinateReferenceSystemDatumName,CountryCode,StateCode,CountyCode,AquiferName,LocalAqfrName,FormationTypeText,AquiferTypeName,ConstructionDateText,WellDepthMeasure/MeasureValue,WellDepthMeasure/MeasureUnitCode,WellHoleDepthMeasure/MeasureValue,WellHoleDepthMeasure/MeasureUnitCode,ProviderName,index_right,huc8,name,conductivity,temperature,dissolved_oxygen,dissolved_solids,chlorophyll,pH,nitrogen,phosphorus,turbidity,discharge,water_level,geometry
TCEQMAIN,Texas Commission on Environmental Quality,TCEQMAIN-10249,RIO GRANDE RIVER 285 METERS SOUTH 30 METERS WEST FROM THE INTERSECTION OF FM ROAD 813/CANTU ROAD AND AVILIA ROAD,River/Stream,,13090002,,,,,26.0312,-97.7278,,,,Interpolation-Photo,NAD83,,,,,,,US,48,061,,,,,,,,,,STORET,1,13090002,Lower Rio Grande,True,True,True,True,True,False,True,True,True,False,False,POINT (-97.7278 26.0312)
TCEQMAIN,Texas Commission on Environmental Quality,TCEQMAIN-13036,NORTH FLOODWAY AT FM 1420,River/Stream,,12110208,,,,,26.3576,-97.5859,,,,Interpolation-Photo,NAD83,,,,,,,US,48,489,,,,,,,,,,STORET,0,12110208,South Laguna Madre,False,False,False,False,False,False,False,False,False,False,False,POINT (-97.5859 26.3576)
TCEQMAIN,Texas Commission on Environmental Quality,TCEQMAIN-13037,NORTH FLOODWAY AT SH 107,River/Stream,,12110208,,,,,26.2938,-97.9145,,,,Interpolation-Photo,NAD83,,,,,,,US,48,215,,,,,,,,,,STORET,0,12110208,South Laguna Madre,False,False,False,False,False,False,False,False,False,False,False,POINT (-97.9145 26.2938)
TCEQMAIN,Texas Commission on Environmental Quality,TCEQMAIN-13038,UNNAMED DITCH AT KM 42.7,River/Stream,,12110208,,,,,26.1745,-97.6252,,,,Interpolation-Photo,NAD83,,,,,,,US,48,061,,,,,,,,,,STORET,0,12110208,South Laguna Madre,False,False,False,False,False,False,False,False,False,False,False,POINT (-97.6252 26.1745)
TCEQMAIN,Texas Commission on Environmental Quality,TCEQMAIN-13039,UNMD DRAIN DTCH SW RANGRVL RD,River/Stream,,12110208,,,,,26.1399,-97.7259,,,,Interpolation-Photo,NAD83,,,,,,,US,48,061,,,,,,,,,,STORET,0,12110208,South Laguna Madre,True,True,True,False,False,False,True,True,False,False,False,POINT (-97.7259 26.1399)
TCEQMAIN,Texas Commission on Environmental Quality,TCEQMAIN-13040,UNMD DRAIN DTCH SE FM800,River/Stream,,12110208,,,,,26.1417,-97.7553,,,,Interpolation-Photo,NAD83,,,,,,,US,48,061,,,,,,,,,,STORET,0,12110208,South Laguna Madre,False,False,False,False,False,False,False,False,False,False,False,POINT (-97.7553 26.1417)
TCEQMAIN,Texas Commission on Environmental Quality,TCEQMAIN-13041,UNMD DRAIN DTCH S ARROYO COLO,River/Stream,,12110208,,,,,26.1314,-97.7789,,,,Interpolation-Photo,NAD83,,,,,,,US,48,061,,,,,,,,,,STORET,0,12110208,South Laguna Madre,False,False,False,False,False,False,False,False,False,False,False,POINT (-97.7789 26.1314)
TCEQMAIN,Texas Commission on Environmental Quality,TCEQMAIN-13042,LA FERIA DITCH N OF ARROYO COL,Canal Drainage,,12110208,,,,,26.1272,-97.8392,,,,Interpolation-Photo,NAD83,,,,,,,US,48,061,,,,,,,,,,STORET,0,12110208,South Laguna Madre,False,False,False,False,False,False,False,False,False,False,False,POINT (-97.8392 26.1272)
TCEQMAIN,Texas Commission on Environmental Quality,TCEQMAIN-13043,UNMD DRAIN DTCH SE FM 2556,River/Stream,,12110208,,,,,26.1225,-97.8363,,,,Interpolation-Photo,NAD83,,,,,,,US,48,061,,,,,,,,,,STORET,0,12110208,South Laguna Madre,False,False,False,False,False,False,False,False,False,False,False,POINT (-97.8363 26.1225)
TCEQMAIN,Texas Commission on Environmental Quality,TCEQMAIN-13044,UNMD DRAIN DTCH NW FM 2556,River/Stream,,12110208,,,,,26.1181,-97.8511,,,,Interpolation-Photo,NAD83,,,,,,,US,48,061,,,,,,,,,,STORET,0,12110208,South Laguna Madre,False,False,False,False,False,False,False,False,False,False,False,POINT (-97.8511 26.1181)
TCEQMAIN,Texas Commission on Environmental Quality,TCEQMAIN-13045,UNMD DRAIN DTCH SE FM 491,River/Stream,,12110208,,,,,26.1191,-97.8894,,,,Interpolation-Photo,NAD83,,,,,,,US,48,215,,,,,,,,,,STORET,0,12110208,South Laguna Madre,False,False,False,False,False,False,False,False,False,False,False,POINT (-97.8894 26.1191)
TCEQMAIN,Texas Commission on Environmental Quality,TCEQMAIN-13046,ARROYO ANACUITAS,River/Stream,,12110208,,,,,26.1294,-97.8939,,,,Interpolation-Photo,NAD83,,,,,,,US,48,215,,,,,,,,,,STORET,0,12110208,South Laguna Madre,False,False,False,False,False,False,False,False,False,False,False,POINT (-97.8939 26.1294)
TCEQMAIN,Texas Commission on Environmental Quality,TCEQMAIN-13047,UNMD DRAIN DTCH ARROYO COLORAD,River/Stream,,12110208,,,,,26.1274,-97.9283,,,,Interpolation-Photo,NAD83,,,,,,,US,48,215,,,,,,,,,,STORET,0,12110208,South Laguna Madre,False,False,False,False,False,False,False,False,False,False,False,POINT (-97.9283 26.1274)
TCEQMAIN,Texas Commission on Environmental Quality,TCEQMAIN-13048,UNMD DRAIN DTCH ARROYO COLORAD,River/Stream,,12110208,,,,,26.1251,-97.9309,,,,Interpolation-Photo,NAD83,,,,,,,US,48,215,,,,,,,,,,STORET,0,12110208,South Laguna Madre,False,False,False,False,False,False,False,False,False,False,False,POINT (-97.9309 26.1251)
TCEQMAIN,Texas Commission on Environmental Quality,TCEQMAIN-13049,UNMD DRAIN DTCH LLANO GR LAKE,River/Stream,,12110208,,,,,26.1208,-97.9616,,,,Interpolation-Photo,NAD83,,,,,,,US,48,215,,,,,,,,,,STORET,0,12110208,South Laguna Madre,False,False,False,False,False,False,False,False,False,False,False,POINT (-97.9616 26.1208)
TCEQMAIN,Texas Commission on Environmental Quality,TCEQMAIN-13050,UNMD DITCH E OF FM 88,River/Stream,,12110208,,,,,26.0975,-97.9801,,,,Interpolation-Photo,NAD83,,,,,,,US,48,215,,,,,,,,,,STORET,0,12110208,South Laguna Madre,False,False,False,False,False,False,False,False,False,False,False,POINT (-97.9801 26.0975)
TCEQMAIN,Texas Commission on Environmental Quality,TCEQMAIN-13051,UNMD DITCH E OF FM 88,River/Stream,,12110208,,,,,26.1053,-97.9903,,,,Interpolation-Photo,NAD83,,,,,,,US,48,215,,,,,,,,,,STORET,0,12110208,South Laguna Madre,False,False,False,False,False,False,False,False,False,False,False,POINT (-97.9903 26.1053)
TCEQMAIN,Texas Commission on Environmental Quality,TCEQMAIN-13052,UNMD DRAIN DTCH S OF LLANO GRN,River/Stream,,12110208,,,,,26.0803,-97.9994,,,,Interpolation-Photo,NAD83,,,,,,,US,48,215,,,,,,,,,,STORET,0,12110208,South Laguna Madre,False,False,False,False,False,False,False,False,False,False,False,POINT (-97.9994 26.0803)
TCEQMAIN,Texas Commission on Environmental Quality,TCEQMAIN-13053,UNMD DRAIN DTCH ARROYO COLORAD,River/Stream,,12110208,,,,,26.1139,-98.0118,,,,Interpolation-Photo,NAD83,,,,,,,US,48,215,,,,,,,,,,STORET,0,12110208,South Laguna Madre,False,False,False,False,False,False,False,False,False,False,False,POINT (-98.0118 26.1139)
TCEQMAIN,Texas Commission on Environmental Quality,TCEQMAIN-13054,UNMD DITCH END OF MIDWAY RD,River/Stream,,12110208,,,,,26.1108,-98.0198,,,,Interpolation-Photo,NAD83,,,,,,,US,48,215,,,,,,,,,,STORET,0,12110208,South Laguna Madre,False,False,False,False,False,False,False,False,False,False,False,POINT (-98.0198 26.1108)
TCEQMAIN,Texas Commission on Environmental Quality,TCEQMAIN-13055,DONNA DITCH N ARROYO COLORADO,Canal Drainage,,12110208,,,,,26.1172,-97.9926,,,,Interpolation-Photo,NAD83,,,,,,,US,48,215,,,,,,,,,,STORET,0,12110208,South Laguna Madre,False,False,False,False,False,False,False,False,False,False,False,POINT (-97.9926 26.1172)
TCEQMAIN,Texas Commission on Environmental Quality,TCEQMAIN-13056,UNMD DITCH S ARROYO COLORADO,River/Stream,,12110208,,,,,26.0805,-98.0341,,,,Interpolation-Photo,NAD83,,,,,,,US,48,215,,,,,,,,,,STORET,0,12110208,South Laguna Madre,False,False,False,False,False,False,False,False,False,False,False,POINT (-98.0341 26.0805)
TCEQMAIN,Texas Commission on Environmental Quality,TCEQMAIN-13057,LAGUNA MADRE N PK RD 100,River/Stream,,12110208,,,,,26.0913,-97.1765,,,,Interpolation-Photo,NAD83,,,,,,,US,48,061,,,,,,,,,,STORET,0,12110208,South Laguna Madre,False,False,False,False,False,False,False,False,False,False,False,POINT (-97.1765 26.0913)
TCEQMAIN,Texas Commission on Environmental Quality,TCEQMAIN-13058,UNMD DITCH S OF ARROYO COLORAD,River/Stream,,12110208,,,,,26.1185,-98.1015,,,,Interpolation-Photo,NAD83,,,,,,,US,48,215,,,,,,,,,,STORET,0,12110208,South Laguna Madre,False,False,False,False,False,False,False,False,False,False,False,POINT (-98.1015 26.1185)
TCEQMAIN,Texas Commission on Environmental Quality,TCEQMAIN-13059,ALAMO DITCH N ARROYO COLORADO,Canal Drainage,,12110208,,,,,26.1322,-98.1028,,,,Interpolation-Photo,NAD83,,,,,,,US,48,215,,,,,,,,,,STORET,0,12110208,South Laguna Madre,False,False,False,False,False,False,False,False,False,False,False,POINT (-98.1028 26.1322)
TCEQMAIN,Texas Commission on Environmental Quality,TCEQMAIN-13060,UNNAMED DITCH AT BORDER RD.,River/Stream,,12110208,,,,,26.1181,-98.1054,,,,Interpolation-Photo,NAD83,,,,,,,US,48,215,,,,,,,,,,STORET,0,12110208,South Laguna Madre,False,False,False,False,False,False,False,False,False,False,False,POINT (-98.1054 26.1181)
TCEQMAIN,Texas Commission on Environmental Quality,TCEQMAIN-13061,PHARR-SAN JUAN DITCH,River/Stream,,12110208,,,,,26.1592,-98.164,,,,Interpolation-Photo,NAD83,,,,,,,US,48,215,,,,,,,,,,STORET,0,12110208,South Laguna Madre,False,False,False,False,False,False,False,False,False,False,False,POINT (-98.164 26.1592)
TCEQMAIN,Texas Commission on Environmental Quality,TCEQMAIN-13062,UNMD DRAIN PIPE W US281,River/Stream,,12110208,,,,,26.1488,-98.192,,,,Interpolation-Photo,NAD83,,,,,,,US,48,215,,,,,,,,,,STORET,0,12110208,South Laguna Madre,False,False,False,False,False,False,False,False,False,False,False,POINT (-98.192 26.1488)
TCEQMAIN,Texas Commission on Environmental Quality,TCEQMAIN-13063,AIRPORT DTCH N ARROYO COLORADO,Canal Drainage,,12110208,,,,,26.1742,-98.2439,,,,Interpolation-Photo,NAD83,,,,,,,US,48,215,,,,,,,,,,STORET,0,12110208,South Laguna Madre,False,False,False,False,False,False,False,False,False,False,False,POINT (-98.2439 26.1742)
TCEQMAIN,Texas Commission on Environmental Quality,TCEQMAIN-13064,UNMD DITCH S OF ARROYO COLORAD,River/Stream,,12110208,,,,,26.1728,-98.2519,,,,Interpolation-Photo,NAD83,,,,,,,US,48,215,,,,,,,,,,STORET,0,12110208,South Laguna Madre,False,False,False,False,False,False,False,False,False,False,False,POINT (-98.2519 26.1728)
TCEQMAIN,Texas Commission on Environmental Quality,TCEQMAIN-13065,MCALLEN GOLF COURSE DRAIN,River/Stream,,12110208,,,,,26.1777,-98.2655,,,,Interpolation-Photo,NAD83,,,,,,,US,48,215,,,,,,,,,,STORET,0,12110208,South Laguna Madre,False,False,False,False,False,False,False,False,False,False,False,POINT (-98.2655 26.1777)
TCEQMAIN,Texas Commission on Environmental Quality,TCEQMAIN-13066,UNMD DITCH S OF ARROYO COLORAD,River/Stream,,12110208,,,,,26.1752,-98.2731,,,,Interpolation-Photo,NAD83,,,,,,,US,48,215,,,,,,,,,,STORET,0,12110208,South Laguna Madre,False,False,False,False,False,False,False,False,False,False,False,POINT (-98.2731 26.1752)
TCEQMAIN,Texas Commission on Environmental Quality,TCEQMAIN-13067,MISSION DITCH N ARROYO COLORAD,Canal Drainage,,12110208,,,,,26.1902,-98.3265,,,,Interpolation-Photo,NAD83,,,,,,,US,48,215,,,,,,,,,,STORET,0,12110208,South Laguna Madre,False,False,False,False,False,False,False,False,False,False,False,POINT (-98.3265 26.1902)
TCEQMAIN,Texas Commission on Environmental Quality,TCEQMAIN-13068,CAYO ATASCOSO NR CONFL ARROYO,River/Stream,,12110208,,,,,26.3548,-97.3627,,,,Interpolation-Photo,NAD83,,,,,,,US,48,061,,,,,,,,,,STORET,0,12110208,South Laguna Madre,False,False,False,False,False,False,False,False,False,False,False,POINT (-97.3627 26.3548)
TCEQMAIN,Texas Commission on Environmental Quality,TCEQMAIN-13069,CAYO ATASCOSO AT FM 106,River/Stream,,12110208,,,,,26.1957,-97.4014,,,,Interpolation-Photo,NAD83,,,,,,,US,48,061,,,,,,,,,,STORET,0,12110208,South Laguna Madre,False,False,False,False,False,False,False,False,False,False,False,POINT (-97.4014 26.1957)
TCEQMAIN,Texas Commission on Environmental Quality,TCEQMAIN-13070,ARROYO COLORADO TDL 5KM GIWW,River/Stream,,12110208,,,,,26.3532,-97.3749,,,,Interpolation-Photo,NAD83,,,,,,,US,48,061,,,,,,,,,,STORET,0,12110208,South Laguna Madre,False,False,False,False,False,False,False,False,False,False,False,POINT (-97.3749 26.3532)
TCEQMAIN,Texas Commission on Environmental Quality,TCEQMAIN-13071,ARROYO COLORADO AT CM 22,River/Stream,,12110208,,,,,26.3322,-97.4736,,,,Interpolation-Photo,NAD83,,,,,,,US,48,489,,,,,,,,,,STORET,0,12110208,South Laguna Madre,True,True,True,True,True,False,True,True,False,False,False,POINT (-97.4736 26.3322)
TCEQMAIN,Texas Commission on Environmental Quality,TCEQMAIN-13072,ARROYO COLORADO AT FM 106 CAMS 0730,River/Stream,,12110208,,,,,26.2356,-97.5848,,,,Interpolation-Photo,NAD83,,,,,,,US,48,061,,,,,,,,,,STORET,0,12110208,South Laguna Madre,True,True,True,True,True,False,True,True,False,False,False,POINT (-97.5848 26.2356)
TCEQMAIN,Texas Commission on Environmental Quality,TCEQMAIN-13073,ARROYO COLO AT CAMP PERRY,River/Stream,,12110208,,,,,26.265,-97.5831,,,,Interpolation-Photo,NAD83,,,,,,,US,48,061,,,,,,,,,,STORET,0,12110208,South Laguna Madre,True,True,True,True,True,False,True,True,False,False,False,POINT (-97.5831 26.265)
TCEQMAIN,Texas Commission on Environmental Quality,TCEQMAIN-13074,ARROYO COLORADO /PT.HARLINGEN,River/Stream,,12110208,,,,,26.1949,-97.6016,,,,Interpolation-Photo,NAD83,,,,,,,US,48,061,,,,,,,,,,STORET,0,12110208,South Laguna Madre,True,True,True,True,True,False,True,True,False,False,False,POINT (-97.6016 26.1949)
TCEQMAIN,Texas Commission on Environmental Quality,TCEQMAIN-13075,ARROYO COLORADO AT COUNTY RD,River/Stream,,12110208,,,,,26.1842,-97.6264,,,,Interpolation-Photo,NAD83,,,,,,,US,48,061,,,,,,,,,,STORET,0,12110208,South Laguna Madre,False,False,False,False,False,False,False,False,False,False,False,POINT (-97.6264 26.1842)
TCEQMAIN,Texas Commission on Environmental Quality,TCEQMAIN-13076,ARROYO COLORADO AT FM 801,River/Stream,,12110208,,,,,26.1839,-97.6664,,,,Interpolation-Photo,NAD83,,,,,,,US,48,061,,,,,,,,,,STORET,0,12110208,South Laguna Madre,False,False,False,False,False,False,False,False,False,False,False,POINT (-97.6664 26.1839)
TCEQMAIN,Texas Commission on Environmental Quality,TCEQMAIN-13077,ARROYO COLORADO AT LOOP 499,River/Stream,,12110208,,,,,26.1839,-97.6664,,,,Interpolation-Photo,NAD83,,,,,,,US,48,061,,,,,,,,,,STORET,0,12110208,South Laguna Madre,False,False,False,False,False,False,False,False,False,False,False,POINT (-97.6664 26.1839)
TCEQMAIN,Texas Commission on Environmental Quality,TCEQMAIN-13078,ARROYO COLORADO AT COMMERCE ST,River/Stream,,12110208,,,,,26.177,-97.6772,,,,Interpolation-Photo,NAD83,,,,,,,US,48,061,,,,,,,,,,STORET,0,12110208,South Laguna Madre,False,False,False,False,False,False,False,False,False,False,False,POINT (-97.6772 26.177)
TCEQMAIN,Texas Commission on Environmental Quality,TCEQMAIN-13079,ARROYO COLORADO AT US 77,River/Stream,,12110208,,,,,26.1735,-97.7008,,,,Interpolation-Photo,NAD83,,,,,,,US,48,061,,,,,,,,,,STORET,0,12110208,South Laguna Madre,True,True,True,True,True,False,True,True,True,False,True,POINT (-97.7008 26.1735)
TCEQMAIN,Texas Commission on Environmental Quality,TCEQMAIN-13080,ARROYO COLORADO AT FM 506,River/Stream,,12110208,,,,,26.1296,-97.8236,,,,Interpolation-Photo,NAD83,,,,,,,US,48,061,,,,,,,,,,STORET,0,12110208,South Laguna Madre,True,True,True,True,True,False,True,True,True,False,False,POINT (-97.8236 26.1296)
TCEQMAIN,Texas Commission on Environmental Quality,TCEQMAIN-13081,ARROYO COLORADO MAIN FLOODWAY,River/Stream,,12110208,,,,,26.1197,-97.961,,,,Interpolation-Photo,NAD83,,,,,,,US,48,215,,,,,,,,,,STORET,0,12110208,South Laguna Madre,True,True,True,True,True,False,True,True,False,False,False,POINT (-97.961 26.1197)
TCEQMAIN,Texas Commission on Environmental Quality,TCEQMAIN-13082,ARROYO COLORADO AT FM 493,River/Stream,,12110208,,,,,26.0924,-98.0571,,,,Interpolation-Photo,NAD83,,,,,,,US,48,215,,,,,,,,,,STORET,0,12110208,South Laguna Madre,True,True,True,False,False,False,False,False,False,False,False,POINT (-98.0571 26.0924)
TCEQMAIN,Texas Commission on Environmental Quality,TCEQMAIN-13083,ARROYO COLORADO AT FM 907,River/Stream,,12110208,,,,,26.1413,-98.1304,,,,Interpolation-Photo,NAD83,,,,,,,US,48,215,,,,,,,,,,STORET,0,12110208,South Laguna Madre,False,False,False,False,False,False,False,False,False,False,False,POINT (-98.1304 26.1413)
TCEQMAIN,Texas Commission on Environmental Quality,TCEQMAIN-13084,ARROYO COLORADO AT US 281,River/Stream,,12110208,,,,,26.1473,-98.192,,,,Interpolation-Photo,NAD83,,,,,,,US,48,215,,,,,,,,,,STORET,0,12110208,South Laguna Madre,True,True,True,True,True,False,True,True,False,False,False,POINT (-98.192 26.1473)
TCEQMAIN,Texas Commission on Environmental Quality,TCEQMAIN-13085,ARROYO COLORADO AT FM 2061,River/Stream,,12110208,,,,,26.1563,-98.2111,,,,Interpolation-Photo,NAD83,,,,,,,US,48,215,,,,,,,,,,STORET,0,12110208,South Laguna Madre,False,False,False,False,False,False,False,False,False,False,False,POINT (-98.2111 26.1563)
TCEQMAIN,Texas Commission on Environmental Quality,TCEQMAIN-13086,ARROYO COLORADO AT FM 336,River/Stream,,12110208,,,,,26.1643,-98.2301,,,,Interpolation-Photo,NAD83,,,,,,,US,48,215,,,,,,,,,,STORET,0,12110208,South Laguna Madre,True,True,True,False,False,False,False,False,False,False,False,POINT (-98.2301 26.1643)
TCEQMAIN,Texas Commission on Environmental Quality,TCEQMAIN-13087,ARROYO COLORADO AT FM 115,River/Stream,,12110208,,,,,26.1734,-98.2505,,,,Interpolation-Photo,NAD83,,,,,,,US,48,215,,,,,,,,,,STORET,0,12110208,South Laguna Madre,False,False,False,False,False,False,False,False,False,False,False,POINT (-98.2505 26.1734)
TCEQMAIN,Texas Commission on Environmental Quality,TCEQMAIN-13088,ARROYO COLORADO AT FM 494,River/Stream,,12110208,,,,,26.186,-98.2901,,,,Interpolation-Photo,NAD83,,,,,,,US,48,215,,,,,,,,,,STORET,0,12110208,South Laguna Madre,False,False,False,False,False,False,False,False,False,False,False,POINT (-98.2901 26.186)
TCEQMAIN,Texas Commission on Environmental Quality,TCEQMAIN-13089,ARROYO COLORADO AT FM 1016,River/Stream,,12110208,,,,,26.1898,-98.3303,,,,Interpolation-Photo,NAD83,,,,,,,US,48,215,,,,,,,,,,STORET,0,12110208,South Laguna Madre,False,False,False,False,False,False,False,False,False,False,False,POINT (-98.3303 26.1898)
TCEQMAIN,Texas Commission on Environmental Quality,TCEQMAIN-13103,LOS OLMOS CREEK AT US 83,River/Stream,,13090001,,,,,26.3615,-98.7863,,,,Interpolation-Photo,WGS84,,,,,,,US,48,427,,,,,,,,,,STORET,2,13090001,Los Olmos,True,True,True,True,True,False,True,True,False,False,False,POINT (-98.7863 26.3615)
TCEQMAIN,Texas Commission on Environmental Quality,TCEQMAIN-13104,LOS OLMOS CREEK AT SH 755,River/Stream,,13090001,,,,,26.3886,-98.8057,,,,Interpolation-Photo,NAD83,,,,,,,US,48,427,,,,,,,,,,STORET,2,13090001,Los Olmos,True,True,True,True,True,False,True,True,False,False,False,POINT (-98.8057 26.3886)
TCEQMAIN,Texas Commission on Environmental Quality,TCEQMAIN-13176,RIO GRANDE RIVER TIDAL AT THE END OF QUICKSILVER AVE,River/Stream,,13090002,,,,,25.9596,-97.2277,,,,Interpolation-Photo,WGS84,,,,,,,US,48,061,,,,,,,,,,STORET,1,13090002,Lower Rio Grande,True,True,True,True,True,False,True,True,False,False,False,POINT (-97.2277 25.9596)
TCEQMAIN,Texas Commission on Environmental Quality,TCEQMAIN-13177,RIO GRANDE AT EL JARDIN PUMP,River/Stream,,13090002,,,,,25.8787,-97.4546,,,,Interpolation-Photo,WGS84,,,,,,,US,48,061,,,,,,,,,,STORET,1,13090002,Lower Rio Grande,True,True,True,True,True,False,True,True,True,False,True,POINT (-97.4546 25.8787)
TCEQMAIN,Texas Commission on Environmental Quality,TCEQMAIN-13178,RIO GRANDE AT US 77,River/Stream,,13090002,,,,,25.8986,-97.4975,,,,Interpolation-Photo,NAD83,,,,,,,,,,,,,,,,,,,STORET,1,13090002,Lower Rio Grande,True,True,True,True,True,False,True,True,True,False,False,POINT (-97.4975 25.8986)
TCEQMAIN,Texas Commission on Environmental Quality,TCEQMAIN-13179,RIO GRANDE AT RIVER BEND GOLF COURSE BOAT RAMP,River/Stream,,13090002,,,,,25.9537,-97.5749,,,,Interpolation-Photo,WGS84,,,,,,,US,48,061,,,,,,,,,,STORET,1,13090002,Lower Rio Grande,True,True,True,True,True,False,True,True,False,False,False,POINT (-97.5749 25.9537)
TCEQMAIN,Texas Commission on Environmental Quality,TCEQMAIN-13180,RIO GRANDE S OF LAS MILPAS,River/Stream,,,,,,,26.0631,-98.1831,,,,Interpolation-Photo,NAD83,,,,,,,,,,,,,,,,,,,STORET,1,13090002,Lower Rio Grande,False,False,False,False,False,False,False,False,False,False,False,POINT (-98.1831 26.0631)
TCEQMAIN,Texas Commission on Environmental Quality,TCEQMAIN-13181,RIO GRANDE RIVER AT US 281/INTERNATIONAL BLVD,River/Stream,,13090002,,,,,26.0956,-98.2719,,,,Interpolation-Photo,WGS84,,,,,,,US,48,215,,,,,,,,,,STORET,1,13090002,Lower Rio Grande,True,True,True,True,True,False,True,True,False,False,False,POINT (-98.2719 26.0956)
TCEQMAIN,Texas Commission on Environmental Quality,TCEQMAIN-13182,RIO GRANDE EAST BANK AT ANZALDUAS DAM CAMS 0736,River/Stream,,13090002,,,,,26.1381,-98.3345,,,,Interpolation-Photo,NAD83,,,,,,,US,48,215,,,,,,,,,,STORET,1,13090002,Lower Rio Grande,False,False,False,False,False,False,False,False,False,False,False,POINT (-98.3345 26.1381)
TCEQMAIN,Texas Commission on Environmental Quality,TCEQMAIN-13183,RIO GRANDE AT PENITAS,River/Stream,,,,,,,26.2231,-98.4492,,,,Interpolation-Photo,NAD83,,,,,,,,,,,,,,,,,,,STORET,1,13090002,Lower Rio Grande,False,False,False,False,False,False,False,False,False,False,False,POINT (-98.4492 26.2231)
TCEQMAIN,Texas Commission on Environmental Quality,TCEQMAIN-13184,RIO GRANDE AT FM 886,River/Stream,,13090001,,,,,26.2393,-98.5649,,,,Interpolation-Photo,NAD83,,,,,,,US,48,215,,,,,,,,,,STORET,2,13090001,Los Olmos,True,True,True,True,True,False,True,True,False,False,False,POINT (-98.5649 26.2393)
TCEQMAIN,Texas Commission on Environmental Quality,TCEQMAIN-13185,RIO GRANDE AT FT RINGOLD,River/Stream,,13090001,,,,,26.3681,-98.8056,,,,Interpolation-Photo,NAD83,,,,,,,,,,,,,,,,,,,STORET,2,13090001,Los Olmos,True,True,True,True,True,False,True,True,False,False,False,POINT (-98.8056 26.3681)
TCEQMAIN,Texas Commission on Environmental Quality,TCEQMAIN-13186,RIO GRANDE BELOW RIO ALAMO,River/Stream,,13090001,,,,,26.399,-99.0851,,,,Interpolation-Photo,WGS84,,,,,,,US,48,427,,,,,,,,,,STORET,2,13090001,Los Olmos,True,True,True,True,True,False,True,True,False,False,False,POINT (-99.0851 26.399)
TCEQMAIN,Texas Commission on Environmental Quality,TCEQMAIN-13187,RIO GRANDE BELOW FALCON DAM,River/Stream,,,,,,,26.5292,-99.1583,,,,Interpolation-Photo,NAD83,,,,,,,,,,,,,,,,,,,STORET,2,13090001,Los Olmos,False,False,False,False,False,False,False,False,False,False,False,POINT (-99.1583 26.5292)
TCEQMAIN,Texas Commission on Environmental Quality,TCEQMAIN-13188,RIO GRANDE S TAILRACE,River/Stream,,13090001,,,,,26.5569,-99.1681,,,,Interpolation-Photo,NAD83,,,,,,,US,48,427,,,,,,,,,,STORET,2,13090001,Los Olmos,True,True,True,True,False,False,True,True,True,False,True,POINT (-99.1681 26.5569)
TCEQMAIN,Texas Commission on Environmental Quality,TCEQMAIN-13277,PORT MANSFIELD AT HARBOR 1,Estuary,,12110208,,,,,26.5569,-97.4256,,,,Interpolation-Photo,NAD83,,,,,,,US,48,489,,,,,,,,,,STORET,0,12110208,South Laguna Madre,False,False,False,False,False,False,False,False,False,False,False,POINT (-97.4256 26.5569)
TCEQMAIN,Texas Commission on Environmental Quality,TCEQMAIN-13278,PORT MANSFIELD NW DOCK,Estuary,,12110208,,,,,26.555,-97.4292,,,,Interpolation-Photo,NAD83,,,,,,,US,48,489,,,,,,,,,,STORET,0,12110208,South Laguna Madre,False,False,False,False,False,False,False,False,False,False,False,POINT (-97.4292 26.555)
TCEQMAIN,Texas Commission on Environmental Quality,TCEQMAIN-13279,PORT MANSFIELD BOAT LAUNCH,Estuary,,12110208,,,,,26.5564,-97.4267,,,,Interpolation-Photo,NAD83,,,,,,,US,48,489,,,,,,,,,,STORET,0,12110208,South Laguna Madre,False,False,False,False,False,False,False,False,False,False,False,POINT (-97.4267 26.5564)
TCEQMAIN,Texas Commission on Environmental Quality,TCEQMAIN-13280,PORT MANSFIELD SE MARINA,Estuary,,12110208,,,,,26.5544,-97.4283,,,,Interpolation-Photo,NAD83,,,,,,,US,48,489,,,,,,,,,,STORET,0,12110208,South Laguna Madre,False,False,False,False,False,False,False,False,False,False,False,POINT (-97.4283 26.5544)
TCEQMAIN,Texas Commission on Environmental Quality,TCEQMAIN-13281,PORT MANSFIELD AT CM 25,Estuary,,12110208,,,,,26.5581,-97.3414,,,,Interpolation-Photo,NAD83,,,,,,,US,48,489,,,,,,,,,,STORET,0,12110208,South Laguna Madre,False,False,False,False,False,False,False,False,False,False,False,POINT (-97.3414 26.5581)
TCEQMAIN,Texas Commission on Environmental Quality,TCEQMAIN-13282,PORT ISABEL NR CM 4,Estuary,,12110208,,,,,26.0483,-97.2069,,,,Interpolation-Photo,NAD83,,,,,,,US,48,061,,,,,,,,,,STORET,0,12110208,South Laguna Madre,False,False,False,False,False,False,False,False,False,False,False,POINT (-97.2069 26.0483)
TCEQMAIN,Texas Commission on Environmental Quality,TCEQMAIN-13283,PORT ISABEL NR CM 142,Estuary,,12110208,,,,,26.0603,-97.2125,,,,Interpolation-Photo,NAD83,,,,,,,US,48,061,,,,,,,,,,STORET,0,12110208,South Laguna Madre,False,False,False,False,False,False,False,False,False,False,False,POINT (-97.2125 26.0603)
TCEQMAIN,Texas Commission on Environmental Quality,TCEQMAIN-13284,PORT ISABEL AT EAST ENTRANCE,Estuary,,12110208,,,,,26.07,-97.2017,,,,Interpolation-Photo,NAD83,,,,,,,US,48,061,,,,,,,,,,STORET,0,12110208,South Laguna Madre,False,False,False,False,False,False,False,False,False,False,False,POINT (-97.2017 26.07)
TCEQMAIN,Texas Commission on Environmental Quality,TCEQMAIN-13285,PORT ISABEL AT SH 100,Estuary,,12110208,,,,,26.0729,-97.2138,,,,Interpolation-Photo,NAD83,,,,,,,US,48,061,,,,,,,,,,STORET,0,12110208,South Laguna Madre,True,True,True,True,True,False,True,True,False,False,False,POINT (-97.2138 26.0729)
TCEQMAIN,Texas Commission on Environmental Quality,TCEQMAIN-13286,PORT ISABEL NR NORTH ENTRANCE,Estuary,,12110208,,,,,26.0777,-97.2192,,,,Interpolation-Photo,NAD83,,,,,,,US,48,061,,,,,,,,,,STORET,0,12110208,South Laguna Madre,False,False,False,False,False,False,False,False,False,False,False,POINT (-97.2192 26.0777)
TCEQMAIN,Texas Commission on Environmental Quality,TCEQMAIN-13446,LAGUNA MADRE GIWW CM 129,Estuary,,12110208,,,,,26.0833,-97.2,,,,Interpolation-Photo,NAD83,,,,,,,US,48,061,,,,,,,,,,STORET,0,12110208,South Laguna Madre,True,True,True,True,True,False,True,True,False,False,False,POINT (-97.2 26.0833)
TCEQMAIN,Texas Commission on Environmental Quality,TCEQMAIN-13447,LAGUNA MADRE GIWW AND ARROYO,Estuary,,12110208,,,,,26.3667,-97.3167,,,,Interpolation-Photo,NAD83,,,,,,,US,48,061,,,,,,,,,,STORET,0,12110208,South Laguna Madre,True,True,True,True,True,False,True,True,False,False,False,POINT (-97.3167 26.3667)
TCEQMAIN,Texas Commission on Environmental Quality,TCEQMAIN-13459,SOUTH BAY NEAR CLARK ISLAND,Estuary,,12110208,,,,,26.05,-97.1833,,,,Interpolation-Photo,NAD83,,,,,,,US,48,061,,,,,,,,,,STORET,0,12110208,South Laguna Madre,True,True,True,True,True,False,True,True,False,False,False,POINT (-97.1833 26.05)
TCEQMAIN,Texas Commission on Environmental Quality,TCEQMAIN-13460,BROWNSVILLE SHIP CHANNEL CM 35,Estuary,,12110208,,,,,26.0147,-97.2575,,,,Interpolation-Photo,NAD83,,,,,,,US,48,061,,,,,,,,,,STORET,0,12110208,South Laguna Madre,True,True,True,True,True,False,True,True,False,False,False,POINT (-97.2575 26.0147)
TCEQMAIN,Texas Commission on Environmental Quality,TCEQMAIN-13470,GULF OF MEXICO AT PT ISABEL,Ocean,,,,,,,26.0667,-97.1333,,,,Interpolation-Photo,NAD83,,,,,,,US,48,061,,,,,,,,,,STORET,0,12110208,South Laguna Madre,True,True,True,True,True,False,True,True,False,False,False,POINT (-97.1333 26.0667)
TCEQMAIN,Texas Commission on Environmental Quality,TCEQMAIN-13557,ARROYO COLORADO AT THOMAE PARK,River/Stream,,12110208,,,,,26.3522,-97.3806,,,,Interpolation-Photo,NAD83,,,,,,,US,48,061,,,,,,,,,,STORET,0,12110208,South Laguna Madre,False,False,False,False,False,False,False,False,False,False,False,POINT (-97.3806 26.3522)
TCEQMAIN,Texas Commission on Environmental Quality,TCEQMAIN-13558,"ARROYO COLORADO TIDAL, MKR 18",River/Stream,,12110208,,,,,26.3447,-97.4214,,,,Interpolation-Photo,NAD83,,,,,,,US,48,061,,,,,,,,,,STORET,0,12110208,South Laguna Madre,False,False,False,False,False,False,False,False,False,False,False,POINT (-97.4214 26.3447)
TCEQMAIN,Texas Commission on Environmental Quality,TCEQMAIN-13559,"ARROYO COLORADO AT CM27, MI 15",River/Stream,,12110208,,,,,26.3061,-97.5258,,,,Interpolation-Photo,NAD83,,,,,,,US,48,061,,,,,,,,,,STORET,0,12110208,South Laguna Madre,True,True,True,True,True,False,True,True,False,False,False,POINT (-97.5258 26.3061)
TCEQMAIN,Texas Commission on Environmental Quality,TCEQMAIN-13663,RIO ALAMO NR CIUDAD MIER MEX,River/Stream,,,,,,,26.45,-99.1514,,,,Interpolation-Photo,NAD83,,,,,,,,,,,,,,,,,,,STORET,2,13090001,Los Olmos,False,False,False,False,False,False,False,False,False,False,False,POINT (-99.1514 26.45)
TCEQMAIN,Texas Commission on Environmental Quality,TCEQMAIN-13664,RIO GRANDE BELOW ANZALDUAS,River/Stream,,13090002,,,,,26.1316,-98.3309,,,,Interpolation-Photo,NAD83,,,,,,,US,48,215,,,,,,,,,,STORET,1,13090002,Lower Rio Grande,True,True,True,True,True,False,True,True,False,False,False,POINT (-98.3309 26.1316)
TCEQMAIN,Texas Commission on Environmental Quality,TCEQMAIN-13719,PUERTECITOS DRAIN DIAZ ORDAZ,Canal Drainage,,,,,,,26.2844,-98.7453,,,,Interpolation-Photo,NAD83,,,,,,,,,,,,,,,,,,,STORET,2,13090001,Los Olmos,False,False,False,False,False,False,False,False,False,False,False,POINT (-98.7453 26.2844)
TCEQMAIN,Texas Commission on Environmental Quality,TCEQMAIN-13720,ANHELO DRAIN NEAR REYNOSA MEX,Canal Drainage,,,,,,,26.0758,-98.2286,,,,Interpolation-Photo,NAD83,,,,,,,,,,,,,,,,,,,STORET,1,13090002,Lower Rio Grande,False,False,False,False,False,False,False,False,False,False,False,POINT (-98.2286 26.0758)
TCEQMAIN,Texas Commission on Environmental Quality,TCEQMAIN-13782,ARROYO COLORADO CM 16,River/Stream,,12110208,,,,,26.34,-97.4317,,,,Interpolation-Photo,NAD83,,,,,,,US,48,061,,,,,,,,,,STORET,0,12110208,South Laguna Madre,True,True,True,True,True,False,True,True,False,False,False,POINT (-97.4317 26.34)
TCEQMAIN,Texas Commission on Environmental Quality,TCEQMAIN-14094,WEIR AT 51+80 BELOW FALCON DAM,River/Stream,,13090001,,,,,26.555,-99.1522,,,,Interpolation-Photo,NAD83,,,,,,,US,48,427,,,,,,,,,,STORET,2,13090001,Los Olmos,False,False,False,False,False,False,False,False,False,False,False,POINT (-99.1522 26.555)
TCEQMAIN,Texas Commission on Environmental Quality,TCEQMAIN-14095,WEIR AT 73+75 BELOW FALCON DAM,River/Stream,,13090001,,,,,26.5556,-99.1581,,,,Interpolation-Photo,NAD83,,,,,,,US,48,427,,,,,,,,,,STORET,2,13090001,Los Olmos,False,False,False,False,False,False,False,False,False,False,False,POINT (-99.1581 26.5556)
TCEQMAIN,Texas Commission on Environmental Quality,TCEQMAIN-14096,WEIR U.S GALLERY FALCON DAM,River/Stream,,13090001,,,,,26.5578,-99.1622,,,,Interpolation-Photo,NAD83,,,,,,,US,48,427,,,,,,,,,,STORET,2,13090001,Los Olmos,False,False,False,False,False,False,False,False,False,False,False,POINT (-99.1622 26.5578)
TCEQMAIN,Texas Commission on Environmental Quality,TCEQMAIN-14461,DRAINAGE DITCH AT MIDLANE DR,Canal Drainage,,12110208,,,,,26.1777,-97.7168,,,,Interpolation-Photo,NAD83,,,,,,,US,48,061,,,,,,,,,,STORET,0,12110208,South Laguna Madre,False,False,False,False,False,False,False,False,False,False,False,POINT (-97.7168 26.1777)
TCEQMAIN,Texas Commission on Environmental Quality,TCEQMAIN-14490,DRAINAGE DITCH AT CLEVELAND AV,Canal Drainage,,12110208,,,,,26.1826,-97.6891,,,,Interpolation-Photo,NAD83,,,,,,,US,48,061,,,,,,,,,,STORET,0,12110208,South Laguna Madre,False,False,False,False,False,False,False,False,False,False,False,POINT (-97.6891 26.1826)
TCEQMAIN,Texas Commission on Environmental Quality,TCEQMAIN-14843,LAGUNA MADRE PT MANSFIELD 40,Estuary,,12110208,,,,,26.5575,-97.4236,,,,Interpolation-Photo,NAD83,,,,,,,US,48,489,,,,,,,,,,STORET,0,12110208,South Laguna Madre,False,False,False,False,False,False,False,False,False,False,False,POINT (-97.4236 26.5575)
TCEQMAIN,Texas Commission on Environmental Quality,TCEQMAIN-14844,LAGUNA MADRE ICWW 49,Estuary,,12110208,,,,,26.2622,-97.2839,,,,Interpolation-Photo,NAD83,,,,,,,US,48,061,,,,,,,,,,STORET,0,12110208,South Laguna Madre,False,False,False,False,False,False,False,False,False,False,False,POINT (-97.2839 26.2622)
TCEQMAIN,Texas Commission on Environmental Quality,TCEQMAIN-14845,LAGUNA MADRE ICWW 109,Estuary,,12110208,,,,,26.1494,-97.2361,,,,Interpolation-Photo,NAD83,,,,,,,US,48,061,,,,,,,,,,STORET,0,12110208,South Laguna Madre,False,False,False,False,False,False,False,False,False,False,False,POINT (-97.2361 26.1494)
TCEQMAIN,Texas Commission on Environmental Quality,TCEQMAIN-14849,ARROYO COLORADO TIDAL AT CAYO,River/Stream,,12110208,,,,,26.355,-97.3626,,,,Interpolation-Photo,NAD83,,,,,,,US,48,061,,,,,,,,,,STORET,0,12110208,South Laguna Madre,False,False,False,False,False,False,False,False,False,False,False,POINT (-97.3626 26.355)
TCEQMAIN,Texas Commission on Environmental Quality,TCEQMAIN-14850,ARROYO COLORADO TIDAL,River/Stream,,12110208,,,,,26.3512,-97.386,,,,Interpolation-Photo,NAD83,,,,,,,US,48,061,,,,,,,,,,STORET,0,12110208,South Laguna Madre,False,False,False,False,False,False,False,False,False,False,False,POINT (-97.386 26.3512)
TCEQMAIN,Texas Commission on Environmental Quality,TCEQMAIN-14851,ARROYO COLORADO TIDAL AT CM 36,River/Stream,,12110208,,,,,26.337,-97.4372,,,,Interpolation-Photo,NAD83,,,,,,,US,48,061,,,,,,,,,,STORET,0,12110208,South Laguna Madre,False,False,False,False,False,False,False,False,False,False,False,POINT (-97.4372 26.337)
TCEQMAIN,Texas Commission on Environmental Quality,TCEQMAIN-14852,ARROYO COLORADO MARKER 54,River/Stream,,12110208,,,,,26.3317,-97.4643,,,,Interpolation-Photo,NAD83,,,,,,,US,48,061,,,,,,,,,,STORET,0,12110208,South Laguna Madre,False,False,False,False,False,False,False,False,False,False,False,POINT (-97.4643 26.3317)
TCEQMAIN,Texas Commission on Environmental Quality,TCEQMAIN-14853,ARROYO COLORADO MARKER 73,Estuary,,12110208,,,,,26.3303,-97.5069,,,,Interpolation-Photo,NAD83,,,,,,,US,48,489,,,,,,,,,,STORET,0,12110208,South Laguna Madre,False,False,False,False,False,False,False,False,False,False,False,POINT (-97.5069 26.3303)
TCEQMAIN,Texas Commission on Environmental Quality,TCEQMAIN-14855,SOUTH BAY NEAR BRAZOS ISLAND,Estuary,,12110208,,,,,26.0386,-97.1742,,,,Interpolation-Photo,NAD83,,,,,,,US,48,061,,,,,,,,,,STORET,0,12110208,South Laguna Madre,False,False,False,False,False,False,False,False,False,False,False,POINT (-97.1742 26.0386)
TCEQMAIN,Texas Commission on Environmental Quality,TCEQMAIN-14856,SOUTH BAY,Estuary,,12110208,,,,,26.0183,-97.18,,,,Interpolation-Photo,NAD83,,,,,,,US,48,061,,,,,,,,,,STORET,0,12110208,South Laguna Madre,False,False,False,False,False,False,False,False,False,False,False,POINT (-97.18 26.0183)
TCEQMAIN,Texas Commission on Environmental Quality,TCEQMAIN-14857,SOUTH BAY,Estuary,,12110208,,,,,26.0222,-97.2,,,,Interpolation-Photo,NAD83,,,,,,,US,48,061,,,,,,,,,,STORET,0,12110208,South Laguna Madre,False,False,False,False,False,False,False,False,False,False,False,POINT (-97.2 26.0222)
TCEQMAIN,Texas Commission on Environmental Quality,TCEQMAIN-14858,SOUTH BAY,Estuary,,12110208,,,,,26.0181,-97.1936,,,,Interpolation-Photo,NAD83,,,,,,,US,48,061,,,,,,,,,,STORET,0,12110208,South Laguna Madre,False,False,False,False,False,False,False,False,False,False,False,POINT (-97.1936 26.0181)
TCEQMAIN,Texas Commission on Environmental Quality,TCEQMAIN-14861,LAGUNA MADRE,Estuary,,12110208,,,,,26.0825,-97.2292,,,,Interpolation-Photo,NAD83,,,,,,,US,48,061,,,,,,,,,,STORET,0,12110208,South Laguna Madre,False,False,False,False,False,False,False,False,False,False,False,POINT (-97.2292 26.0825)
TCEQMAIN,Texas Commission on Environmental Quality,TCEQMAIN-14862,LAGUNA MADRE,Estuary,,12110208,,,,,26.0803,-97.2144,,,,Interpolation-Photo,NAD83,,,,,,,US,48,061,,,,,,,,,,STORET,0,12110208,South Laguna Madre,False,False,False,False,False,False,False,False,False,False,False,POINT (-97.2144 26.0803)
TCEQMAIN,Texas Commission on Environmental Quality,TCEQMAIN-14863,PORT ISABEL SIDE CHANNEL,Estuary,,12110208,,,,,26.0733,-97.2144,,,,Interpolation-Photo,NAD83,,,,,,,US,48,061,,,,,,,,,,STORET,0,12110208,South Laguna Madre,False,False,False,False,False,False,False,False,False,False,False,POINT (-97.2144 26.0733)
TCEQMAIN,Texas Commission on Environmental Quality,TCEQMAIN-14865,SOUTH BAY,Estuary,,12110208,,,,,26.0264,-97.1858,,,,Interpolation-Photo,NAD83,,,,,,,US,48,061,,,,,,,,,,STORET,0,12110208,South Laguna Madre,True,True,True,True,True,False,True,True,False,False,False,POINT (-97.1858 26.0264)
TCEQMAIN,Texas Commission on Environmental Quality,TCEQMAIN-14868,LAGUNA MADRE,Estuary,,12110208,,,,,26.1,-97.1703,,,,Interpolation-Photo,NAD83,,,,,,,US,48,061,,,,,,,,,,STORET,0,12110208,South Laguna Madre,False,False,False,False,False,False,False,False,False,False,False,POINT (-97.1703 26.1)
TCEQMAIN,Texas Commission on Environmental Quality,TCEQMAIN-14869,LAGUNA MADRE,Estuary,,12110208,,,,,26.0842,-97.2806,,,,Interpolation-Photo,NAD83,,,,,,,US,48,061,,,,,,,,,,STORET,0,12110208,South Laguna Madre,False,False,False,False,False,False,False,False,False,False,False,POINT (-97.2806 26.0842)
TCEQMAIN,Texas Commission on Environmental Quality,TCEQMAIN-14870,LAGUNA MADRE NEAR LAGUNA VISTA,Estuary,,12110208,,,,,26.1,-97.2806,,,,Interpolation-Photo,NAD83,,,,,,,US,48,061,,,,,,,,,,STORET,0,12110208,South Laguna Madre,True,True,True,True,True,False,True,True,False,False,False,POINT (-97.2806 26.1)
TCEQMAIN,Texas Commission on Environmental Quality,TCEQMAIN-14871,BROWNSVILLE SHIP CHANNEL,Estuary,,12110208,,,,,25.9556,-97.385,,,,Interpolation-Photo,NAD83,,,,,,,US,48,061,,,,,,,,,,STORET,0,12110208,South Laguna Madre,True,True,True,True,True,False,True,True,False,False,False,POINT (-97.385 25.9556)
TCEQMAIN,Texas Commission on Environmental Quality,TCEQMAIN-14872,BROWNSVILLE SHIP CHANNEL,Estuary,,12110208,,,,,25.9592,-97.3744,,,,Interpolation-Photo,NAD83,,,,,,,US,48,061,,,,,,,,,,STORET,0,12110208,South Laguna Madre,True,True,True,False,True,False,True,True,False,False,False,POINT (-97.3744 25.9592)
TCEQMAIN,Texas Commission on Environmental Quality,TCEQMAIN-14873,BROWNSVILLE SHIP CHANNEL,Estuary,,12110208,,,,,25.9733,-97.3387,,,,Interpolation-Photo,NAD83,,,,,,,US,48,061,,,,,,,,,,STORET,0,12110208,South Laguna Madre,False,False,False,False,False,False,False,False,False,False,False,POINT (-97.3387 25.9733)
TCEQMAIN,Texas Commission on Environmental Quality,TCEQMAIN-14874,BROWNSVILLE SHIP CHANNEL,Estuary,,12110208,,,,,25.9847,-97.3119,,,,Interpolation-Photo,NAD83,,,,,,,US,48,061,,,,,,,,,,STORET,0,12110208,South Laguna Madre,True,True,True,False,True,False,True,True,False,False,False,POINT (-97.3119 25.9847)
TCEQMAIN,Texas Commission on Environmental Quality,TCEQMAIN-14875,BROWNSVILLE SHIP CHANNEL,Estuary,,12110208,,,,,25.9964,-97.2926,,,,Interpolation-Photo,NAD83,,,,,,,US,48,061,,,,,,,,,,STORET,0,12110208,South Laguna Madre,True,True,True,True,True,False,True,True,False,False,False,POINT (-97.2926 25.9964)
TCEQMAIN,Texas Commission on Environmental Quality,TCEQMAIN-14876,LAGUNA MADRE NEAR CAUSEWAY,Estuary,,12110208,,,,,26.0806,-97.1958,,,,Interpolation-Photo,NAD83,,,,,,,US,48,061,,,,,,,,,,STORET,0,12110208,South Laguna Madre,False,False,False,False,False,False,False,False,False,False,False,POINT (-97.1958 26.0806)
TCEQMAIN,Texas Commission on Environmental Quality,TCEQMAIN-14877,LAGUNA MADRE NEAR RANGE MARKER,Estuary,,12110208,,,,,26.0319,-97.1889,,,,Interpolation-Photo,NAD83,,,,,,,US,48,061,,,,,,,,,,STORET,0,12110208,South Laguna Madre,False,False,False,False,False,False,False,False,False,False,False,POINT (-97.1889 26.0319)
TCEQMAIN,Texas Commission on Environmental Quality,TCEQMAIN-14878,LAGUNA MADRE,Estuary,,12110208,,,,,26.0756,-97.1694,,,,Interpolation-Photo,NAD83,,,,,,,US,48,061,,,,,,,,,,STORET,0,12110208,South Laguna Madre,False,False,False,False,False,False,False,False,False,False,False,POINT (-97.1694 26.0756)
TCEQMAIN,Texas Commission on Environmental Quality,TCEQMAIN-14879,LAGUNA MADRE,Estuary,,12110208,,,,,26.0694,-97.1631,,,,Interpolation-Photo,NAD83,,,,,,,US,48,061,,,,,,,,,,STORET,0,12110208,South Laguna Madre,False,False,False,False,False,False,False,False,False,False,False,POINT (-97.1631 26.0694)
TCEQMAIN,Texas Commission on Environmental Quality,TCEQMAIN-14880,SOUTH BAY,Estuary,,12110208,,,,,26.0406,-97.1889,,,,Interpolation-Photo,NAD83,,,,,,,US,48,061,,,,,,,,,,STORET,0,12110208,South Laguna Madre,False,False,False,False,False,False,False,False,False,False,False,POINT (-97.1889 26.0406)
TCEQMAIN,Texas Commission on Environmental Quality,TCEQMAIN-15205,LA CRUZ RESACA AT FM 2557,River/Stream,,12110208,,,,,26.1538,-98.1527,,,,Interpolation-Photo,NAD83,,,,,,,US,48,215,,,,,,,,,,STORET,0,12110208,South Laguna Madre,False,False,False,False,False,False,False,False,False,False,False,POINT (-98.1527 26.1538)
TCEQMAIN,Texas Commission on Environmental Quality,TCEQMAIN-15206,DRAINAGE DITCH AT JEFFERSON ST,Canal Drainage,,12110208,,,,,26.1957,-97.6701,,,,Interpolation-Photo,NAD83,,,,,,,US,48,061,,,,,,,,,,STORET,0,12110208,South Laguna Madre,False,False,False,False,False,False,False,False,False,False,False,POINT (-97.6701 26.1957)
TCEQMAIN,Texas Commission on Environmental Quality,TCEQMAIN-15207,DRAINAGE DITCH AT GLASSCOCK,Canal Drainage,,12110208,,,,,26.171,-97.6793,,,,Interpolation-Photo,NAD83,,,,,,,US,48,061,,,,,,,,,,STORET,0,12110208,South Laguna Madre,False,False,False,False,False,False,False,False,False,False,False,POINT (-97.6793 26.171)
TCEQMAIN,Texas Commission on Environmental Quality,TCEQMAIN-15208,RESACA DE LOS FRESNOS,River/Stream,,12110208,,,,,26.1697,-97.5883,,,,Interpolation-Photo,NAD83,,,,,,,US,48,061,,,,,,,,,,STORET,0,12110208,South Laguna Madre,False,False,False,False,False,False,False,False,False,False,False,POINT (-97.5883 26.1697)
TCEQMAIN,Texas Commission on Environmental Quality,TCEQMAIN-15530,RESACA DE LA GUERRA AT VILLAGE,Canal Drainage,,12110208,,,,,25.9406,-97.4914,,,,Interpolation-Photo,NAD83,,,,,,,US,48,061,,,,,,,,,,STORET,0,12110208,South Laguna Madre,False,False,False,False,False,False,False,False,False,False,False,POINT (-97.4914 25.9406)
TCEQMAIN,Texas Commission on Environmental Quality,TCEQMAIN-15531,RESACA DE LA GUERRA AT US 83,Canal Drainage,,12110208,,,,,25.9467,-97.505,,,,Interpolation-Photo,NAD83,,,,,,,US,48,061,,,,,,,,,,STORET,0,12110208,South Laguna Madre,False,False,False,False,False,False,False,False,False,False,False,POINT (-97.505 25.9467)
TCEQMAIN,Texas Commission on Environmental Quality,TCEQMAIN-15532,RESACA DEL RANCHO VIEJO AT DAN,Canal Drainage,,12110208,,,,,25.9794,-97.4655,,,,Interpolation-Photo,NAD83,,,,,,,US,48,061,,,,,,,,,,STORET,0,12110208,South Laguna Madre,False,False,False,False,False,False,False,False,False,False,False,POINT (-97.4655 25.9794)
TCEQMAIN,Texas Commission on Environmental Quality,TCEQMAIN-15533,RESACA DEL RANCHO VIEJO,Canal Drainage,,12110208,,,,,25.9771,-97.4533,,,,Interpolation-Photo,NAD83,,,,,,,US,48,061,,,,,,,,,,STORET,0,12110208,South Laguna Madre,False,False,False,False,False,False,False,False,False,False,False,POINT (-97.4533 25.9771)
TCEQMAIN,Texas Commission on Environmental Quality,TCEQMAIN-15534,TOWN RESACA AT CITY CEMETARY,Canal Drainage,,12110208,,,,,25.9092,-97.5,,,,Interpolation-Photo,NAD83,,,,,,,US,48,061,,,,,,,,,,STORET,0,12110208,South Laguna Madre,False,False,False,False,False,False,False,False,False,False,False,POINT (-97.5 25.9092)
TCEQMAIN,Texas Commission on Environmental Quality,TCEQMAIN-15538,TOWN RESACA AT CORIA ST.,Canal Drainage,,12110208,,,,,25.9286,-97.5078,,,,Interpolation-Photo,NAD83,,,,,,,US,48,061,,,,,,,,,,STORET,0,12110208,South Laguna Madre,False,False,False,False,False,False,False,False,False,False,False,POINT (-97.5078 25.9286)
TCEQMAIN,Texas Commission on Environmental Quality,TCEQMAIN-15539,RESACA DE LA GUERRA AT QUAIL,Canal Drainage,,12110208,,,,,25.9472,-97.5331,,,,Interpolation-Photo,NAD83,,,,,,,US,48,061,,,,,,,,,,STORET,0,12110208,South Laguna Madre,False,False,False,False,False,False,False,False,False,False,False,POINT (-97.5331 25.9472)
TCEQMAIN,Texas Commission on Environmental Quality,TCEQMAIN-15540,TOWN RESACA AT STOVALL RD.,Canal Drainage,,12110208,,,,,25.93,-97.5106,,,,Interpolation-Photo,NAD83,,,,,,,US,48,061,,,,,,,,,,STORET,0,12110208,South Laguna Madre,False,False,False,False,False,False,False,False,False,False,False,POINT (-97.5106 25.93)
TCEQMAIN,Texas Commission on Environmental Quality,TCEQMAIN-15541,TOWN RESACA AT PORTER PARK,Canal Drainage,,12110208,,,,,25.915,-97.4944,,,,Interpolation-Photo,NAD83,,,,,,,US,48,061,,,,,,,,,,STORET,0,12110208,South Laguna Madre,False,False,False,False,False,False,False,False,False,False,False,POINT (-97.4944 25.915)
TCEQMAIN,Texas Commission on Environmental Quality,TCEQMAIN-15542,TOWN RESACA AT PORTER ZOO,Canal Drainage,,12110208,,,,,25.9119,-97.4947,,,,Interpolation-Photo,NAD83,,,,,,,US,48,061,,,,,,,,,,STORET,0,12110208,South Laguna Madre,False,False,False,False,False,False,False,False,False,False,False,POINT (-97.4947 25.9119)
TCEQMAIN,Texas Commission on Environmental Quality,TCEQMAIN-15543,RESACA DE LA PALMA AT HIDDEN,Canal Drainage,,12110208,,,,,25.9413,-97.4973,,,,Interpolation-Photo,NAD83,,,,,,,US,48,061,,,,,,,,,,STORET,0,12110208,South Laguna Madre,False,False,False,False,False,False,False,False,False,False,False,POINT (-97.4973 25.9413)
TCEQMAIN,Texas Commission on Environmental Quality,TCEQMAIN-15544,IRRIGATION CANAL AT CAGE BLVD.,Canal Drainage,,12110208,,,,,26.1847,-98.1857,,,,Interpolation-Photo,NAD83,,,,,,,US,48,215,,,,,,,,,,STORET,0,12110208,South Laguna Madre,False,False,False,False,False,False,False,False,False,False,False,POINT (-98.1857 26.1847)
TCEQMAIN,Texas Commission on Environmental Quality,TCEQMAIN-15547,ARROYO COLORADO 2.1KM GIWW,River/Stream,,12110208,,,,,26.3585,-97.3464,,,,Interpolation-Photo,NAD83,,,,,,,US,48,061,,,,,,,,,,STORET,0,12110208,South Laguna Madre,True,True,True,True,False,False,False,True,False,False,False,POINT (-97.3464 26.3585)
TCEQMAIN,Texas Commission on Environmental Quality,TCEQMAIN-15548,ARROYO COLORADO 3.8KM GIWW,River/Stream,,12110208,,,,,26.3552,-97.3646,,,,Interpolation-Photo,NAD83,,,,,,,US,48,061,,,,,,,,,,STORET,0,12110208,South Laguna Madre,False,False,False,False,False,False,False,False,False,False,False,POINT (-97.3646 26.3552)
TCEQMAIN,Texas Commission on Environmental Quality,TCEQMAIN-15549,ARROYO COLORADO 4.2KM GIWW,River/Stream,,12110208,,,,,26.3548,-97.3665,,,,Interpolation-Photo,NAD83,,,,,,,US,48,061,,,,,,,,,,STORET,0,12110208,South Laguna Madre,False,False,False,False,False,False,False,False,False,False,False,POINT (-97.3665 26.3548)
TCEQMAIN,Texas Commission on Environmental Quality,TCEQMAIN-15550,ARROYO COLORADO 8.0KM GIWW,River/Stream,,12110208,,,,,26.3479,-97.4045,,,,Interpolation-Photo,NAD83,,,,,,,US,48,061,,,,,,,,,,STORET,0,12110208,South Laguna Madre,False,False,False,False,False,False,False,False,False,False,False,POINT (-97.4045 26.3479)
TCEQMAIN,Texas Commission on Environmental Quality,TCEQMAIN-15551,ARROYO COLORADO 8.1KM GIWW,River/Stream,,12110208,,,,,26.3477,-97.4055,,,,Interpolation-Photo,NAD83,,,,,,,US,48,061,,,,,,,,,,STORET,0,12110208,South Laguna Madre,False,False,False,False,False,False,False,False,False,False,False,POINT (-97.4055 26.3477)
TCEQMAIN,Texas Commission on Environmental Quality,TCEQMAIN-15552,ARROYO COLORADO 8.6 KM GIWW,River/Stream,,12110208,,,,,26.3461,-97.4143,,,,Interpolation-Photo,NAD83,,,,,,,US,48,061,,,,,,,,,,STORET,0,12110208,South Laguna Madre,True,True,True,False,False,False,False,False,True,False,False,POINT (-97.4143 26.3461)
TCEQMAIN,Texas Commission on Environmental Quality,TCEQMAIN-15553,ARROYO COLORADO UPSTM CM18,River/Stream,,12110208,,,,,26.3416,-97.43,,,,Interpolation-Photo,NAD83,,,,,,,US,48,061,,,,,,,,,,STORET,0,12110208,South Laguna Madre,False,False,False,False,False,False,False,False,False,False,False,POINT (-97.43 26.3416)
TCEQMAIN,Texas Commission on Environmental Quality,TCEQMAIN-15554,ARROYO COLORADO AT CM 16,River/Stream,,12110208,,,,,26.3407,-97.4318,,,,Interpolation-Photo,NAD83,,,,,,,US,48,061,,,,,,,,,,STORET,0,12110208,South Laguna Madre,False,False,False,False,False,False,False,False,False,False,False,POINT (-97.4318 26.3407)
TCEQMAIN,Texas Commission on Environmental Quality,TCEQMAIN-15555,ARROYO COLORADO 11.2KM GIWW,River/Stream,,12110208,,,,,26.3388,-97.4346,,,,Interpolation-Photo,NAD83,,,,,,,US,48,061,,,,,,,,,,STORET,0,12110208,South Laguna Madre,False,False,False,False,False,False,False,False,False,False,False,POINT (-97.4346 26.3388)
TCEQMAIN,Texas Commission on Environmental Quality,TCEQMAIN-15556,ARROYO COLORADO 11.4KM GIWW,River/Stream,,12110208,,,,,26.3379,-97.4358,,,,Interpolation-Photo,NAD83,,,,,,,US,48,061,,,,,,,,,,STORET,0,12110208,South Laguna Madre,False,False,False,False,False,False,False,False,False,False,False,POINT (-97.4358 26.3379)
TCEQMAIN,Texas Commission on Environmental Quality,TCEQMAIN-15557,ARROYO COLORADO 13.1KM GIWW,River/Stream,,12110208,,,,,26.325,-97.4517,,,,Interpolation-Photo,NAD83,,,,,,,US,48,489,,,,,,,,,,STORET,0,12110208,South Laguna Madre,False,False,False,False,False,False,False,False,False,False,False,POINT (-97.4517 26.325)
TCEQMAIN,Texas Commission on Environmental Quality,TCEQMAIN-15558,ARROYO COLORADO 13.8KM GIWW,River/Stream,,12110208,,,,,26.3237,-97.4517,,,,Interpolation-Photo,NAD83,,,,,,,US,48,061,,,,,,,,,,STORET,0,12110208,South Laguna Madre,False,False,False,False,False,False,False,False,False,False,False,POINT (-97.4517 26.3237)
TCEQMAIN,Texas Commission on Environmental Quality,TCEQMAIN-15559,ARROYO COLORADO 15.6KM GIWW,River/Stream,,12110208,,,,,26.3303,-97.4703,,,,Interpolation-Photo,NAD83,,,,,,,US,48,489,,,,,,,,,,STORET,0,12110208,South Laguna Madre,False,False,False,False,False,False,False,False,False,False,False,POINT (-97.4703 26.3303)
TCEQMAIN,Texas Commission on Environmental Quality,TCEQMAIN-15560,ARROYO COLORADO 16.1KM GIWW,River/Stream,,12110208,,,,,26.3306,-97.4712,,,,Interpolation-Photo,NAD83,,,,,,,US,48,489,,,,,,,,,,STORET,0,12110208,South Laguna Madre,False,False,False,False,False,False,False,False,False,False,False,POINT (-97.4712 26.3306)
TCEQMAIN,Texas Commission on Environmental Quality,TCEQMAIN-15561,ARROYO COLORADO 17.0 KM GIWW,River/Stream,,12110208,,,,,26.3355,-97.4784,,,,Interpolation-Photo,NAD83,,,,,,,US,48,489,,,,,,,,,,STORET,0,12110208,South Laguna Madre,False,False,False,False,False,False,False,False,False,False,False,POINT (-97.4784 26.3355)
TCEQMAIN,Texas Commission on Environmental Quality,TCEQMAIN-15562,ARROYO COLORADO 21.1KM GIWW,River/Stream,,12110208,,,,,26.3269,-97.5139,,,,Interpolation-Photo,NAD83,,,,,,,US,48,061,,,,,,,,,,STORET,0,12110208,South Laguna Madre,False,False,False,False,False,False,False,False,False,False,False,POINT (-97.5139 26.3269)
TCEQMAIN,Texas Commission on Environmental Quality,TCEQMAIN-15563,ARROYO COLORADO 22.9KM GIWW,River/Stream,,12110208,,,,,26.3175,-97.5264,,,,Interpolation-Photo,NAD83,,,,,,,US,48,061,,,,,,,,,,STORET,0,12110208,South Laguna Madre,False,False,False,False,False,False,False,False,False,False,False,POINT (-97.5264 26.3175)
TCEQMAIN,Texas Commission on Environmental Quality,TCEQMAIN-15564,ARROYO COLORADO 24.5KM GIWW,River/Stream,,12110208,,,,,26.3028,-97.5256,,,,Interpolation-Photo,NAD83,,,,,,,US,48,061,,,,,,,,,,STORET,0,12110208,South Laguna Madre,False,False,False,False,False,False,False,False,False,False,False,POINT (-97.5256 26.3028)
TCEQMAIN,Texas Commission on Environmental Quality,TCEQMAIN-15565,ARROYO COLORADO 26.7KM GIWW,River/Stream,,12110208,,,,,26.2953,-97.5403,,,,Interpolation-Photo,NAD83,,,,,,,US,48,061,,,,,,,,,,STORET,0,12110208,South Laguna Madre,False,False,False,False,False,False,False,False,False,False,False,POINT (-97.5403 26.2953)
TCEQMAIN,Texas Commission on Environmental Quality,TCEQMAIN-15566,ARROYO COLORADO 28.6KM GIWW,River/Stream,,12110208,,,,,26.2831,-97.5539,,,,Interpolation-Photo,NAD83,,,,,,,US,48,061,,,,,,,,,,STORET,0,12110208,South Laguna Madre,False,False,False,False,False,False,False,False,False,False,False,POINT (-97.5539 26.2831)
TCEQMAIN,Texas Commission on Environmental Quality,TCEQMAIN-15567,ARROYO COLORADO 30.8KM GIWW,River/Stream,,12110208,,,,,26.2867,-97.57,,,,Interpolation-Photo,NAD83,,,,,,,US,48,061,,,,,,,,,,STORET,0,12110208,South Laguna Madre,False,False,False,False,False,False,False,False,False,False,False,POINT (-97.57 26.2867)
TCEQMAIN,Texas Commission on Environmental Quality,TCEQMAIN-15568,ARROYO COLORADO 32.7KM GIWW,River/Stream,,12110208,,,,,26.2772,-97.5842,,,,Interpolation-Photo,NAD83,,,,,,,US,48,061,,,,,,,,,,STORET,0,12110208,South Laguna Madre,False,False,False,False,False,False,False,False,False,False,False,POINT (-97.5842 26.2772)
TCEQMAIN,Texas Commission on Environmental Quality,TCEQMAIN-15569,ARROYO COLORADO 34.7KM GIWW,River/Stream,,12110208,,,,,26.26,-97.5825,,,,Interpolation-Photo,NAD83,,,,,,,US,48,061,,,,,,,,,,STORET,0,12110208,South Laguna Madre,True,True,True,True,False,False,False,True,False,False,False,POINT (-97.5825 26.26)
TCEQMAIN,Texas Commission on Environmental Quality,TCEQMAIN-15570,ARROYO COLORADO 36.5KM GIWW,River/Stream,,12110208,,,,,26.2428,-97.5844,,,,Interpolation-Photo,NAD83,,,,,,,US,48,061,,,,,,,,,,STORET,0,12110208,South Laguna Madre,False,False,False,False,False,False,False,False,False,False,False,POINT (-97.5844 26.2428)
TCEQMAIN,Texas Commission on Environmental Quality,TCEQMAIN-15571,ARROYO COLORADO 38.2KM GIWW,River/Stream,,12110208,,,,,26.2279,-97.5866,,,,Interpolation-Photo,NAD83,,,,,,,US,48,061,,,,,,,,,,STORET,0,12110208,South Laguna Madre,False,False,False,False,False,False,False,False,False,False,False,POINT (-97.5866 26.2279)
TCEQMAIN,Texas Commission on Environmental Quality,TCEQMAIN-15572,ARROYO COLORADO 39.9KM GIWW,River/Stream,,12110208,,,,,26.2152,-97.5917,,,,Interpolation-Photo,NAD83,,,,,,,US,48,061,,,,,,,,,,STORET,0,12110208,South Laguna Madre,False,False,False,False,False,False,False,False,False,False,False,POINT (-97.5917 26.2152)
TCEQMAIN,Texas Commission on Environmental Quality,TCEQMAIN-15573,ARROYO COLORADO 41.7KM GIWW,River/Stream,,12110208,,,,,26.1955,-97.606,,,,Interpolation-Photo,NAD83,,,,,,,US,48,061,,,,,,,,,,STORET,0,12110208,South Laguna Madre,False,False,False,False,False,False,False,False,False,False,False,POINT (-97.606 26.1955)
TCEQMAIN,Texas Commission on Environmental Quality,TCEQMAIN-15574,ARROYO COLORADO 7.0KM GIWW,River/Stream,,12110208,,,,,26.3497,-97.3947,,,,Interpolation-Photo,NAD83,,,,,,,US,48,061,,,,,,,,,,STORET,0,12110208,South Laguna Madre,False,False,False,False,False,False,False,False,False,False,False,POINT (-97.3947 26.3497)
TCEQMAIN,Texas Commission on Environmental Quality,TCEQMAIN-15575,ARROYO COLORADO 9.5 KM GIWW,River/Stream,,12110208,,,,,26.3452,-97.4192,,,,Interpolation-Photo,NAD83,,,,,,,US,48,061,,,,,,,,,,STORET,0,12110208,South Laguna Madre,False,False,False,False,False,False,False,False,False,False,False,POINT (-97.4192 26.3452)
TCEQMAIN,Texas Commission on Environmental Quality,TCEQMAIN-15576,ARROYO COLORADO 10.94KM GIWW,River/Stream,,12110208,,,,,26.3397,-97.432,,,,Interpolation-Photo,NAD83,,,,,,,US,48,061,,,,,,,,,,STORET,0,12110208,South Laguna Madre,False,False,False,False,False,False,False,False,False,False,False,POINT (-97.432 26.3397)
TCEQMAIN,Texas Commission on Environmental Quality,TCEQMAIN-15577,ARROYO COLORADO 11.3KM GIWW,River/Stream,,12110208,,,,,26.3378,-97.4345,,,,Interpolation-Photo,NAD83,,,,,,,US,48,061,,,,,,,,,,STORET,0,12110208,South Laguna Madre,False,False,False,False,False,False,False,False,False,False,False,POINT (-97.4345 26.3378)
TCEQMAIN,Texas Commission on Environmental Quality,TCEQMAIN-15578,ARROYO COLORADO 11.3KM GIWW,River/Stream,,12110208,,,,,26.3384,-97.4353,,,,Interpolation-Photo,NAD83,,,,,,,US,48,061,,,,,,,,,,STORET,0,12110208,South Laguna Madre,False,False,False,False,False,False,False,False,False,False,False,POINT (-97.4353 26.3384)
TCEQMAIN,Texas Commission on Environmental Quality,TCEQMAIN-15579,ARROYO COLORADO 11.9KM GIWW,River/Stream,,12110208,,,,,26.3346,-97.4396,,,,Interpolation-Photo,NAD83,,,,,,,US,48,489,,,,,,,,,,STORET,0,12110208,South Laguna Madre,False,False,False,False,False,False,False,False,False,False,False,POINT (-97.4396 26.3346)
TCEQMAIN,Texas Commission on Environmental Quality,TCEQMAIN-15580,ARROYO COLORADO 13.0KM GIWW,River/Stream,,12110208,,,,,26.3263,-97.4448,,,,Interpolation-Photo,NAD83,,,,,,,US,48,061,,,,,,,,,,STORET,0,12110208,South Laguna Madre,False,False,False,False,False,False,False,False,False,False,False,POINT (-97.4448 26.3263)
TCEQMAIN,Texas Commission on Environmental Quality,TCEQMAIN-15581,ARROYO COLORADO 16.6KM GIWW,River/Stream,,12110208,,,,,26.3314,-97.4735,,,,Interpolation-Photo,NAD83,,,,,,,US,48,061,,,,,,,,,,STORET,0,12110208,South Laguna Madre,False,False,False,False,False,False,False,False,False,False,False,POINT (-97.4735 26.3314)
TCEQMAIN,Texas Commission on Environmental Quality,TCEQMAIN-15582,ARROYO COLORADO 19.0 KM GIWW,River/Stream,,12110208,,,,,26.3358,-97.4945,,,,Interpolation-Photo,NAD83,,,,,,,US,48,061,,,,,,,,,,STORET,0,12110208,South Laguna Madre,False,False,False,False,False,False,False,False,False,False,False,POINT (-97.4945 26.3358)
TCEQMAIN,Texas Commission on Environmental Quality,TCEQMAIN-15583,CO. DRNGE DITCH 100M FROM SSI,Canal Drainage,,12110208,,,,,26.3183,-97.4406,,,,Interpolation-Photo,NAD83,,,,,,,US,48,061,,,,,,,,,,STORET,0,12110208,South Laguna Madre,False,False,False,False,False,False,False,False,False,False,False,POINT (-97.4406 26.3183)
TCEQMAIN,Texas Commission on Environmental Quality,TCEQMAIN-15584,CO. DRNGE DITCH IN ARROYO CITY,Canal Drainage,,12110208,,,,,26.3372,-97.4349,,,,Interpolation-Photo,NAD83,,,,,,,US,48,061,,,,,,,,,,STORET,0,12110208,South Laguna Madre,False,False,False,False,False,False,False,False,False,False,False,POINT (-97.4349 26.3372)
TCEQMAIN,Texas Commission on Environmental Quality,TCEQMAIN-15585,SAN VINCENTE DRNGE DITCH,Canal Drainage,,12110208,,,,,26.3284,-97.4753,,,,Interpolation-Photo,NAD83,,,,,,,US,48,061,,,,,,,,,,STORET,0,12110208,South Laguna Madre,False,False,False,False,False,False,False,False,False,False,False,POINT (-97.4753 26.3284)
TCEQMAIN,Texas Commission on Environmental Quality,TCEQMAIN-15586,CO. DRNGE DITCH SE OF SSI,Canal Drainage,,12110208,,,,,26.2962,-97.4432,,,,Interpolation-Photo,NAD83,,,,,,,US,48,061,,,,,,,,,,STORET,0,12110208,South Laguna Madre,False,False,False,False,False,False,False,False,False,False,False,POINT (-97.4432 26.2962)
TCEQMAIN,Texas Commission on Environmental Quality,TCEQMAIN-15587,CO. DRNGE DITCH UPSTM OF SSI,Canal Drainage,,12110208,,,,,26.3178,-97.4406,,,,Interpolation-Photo,NAD83,,,,,,,US,48,061,,,,,,,,,,STORET,0,12110208,South Laguna Madre,False,False,False,False,False,False,False,False,False,False,False,POINT (-97.4406 26.3178)
TCEQMAIN,Texas Commission on Environmental Quality,TCEQMAIN-15588,WASTEWATER DISCHARGE FROM SSI,Facility Other,,12110208,,,,,26.3181,-97.4414,,,,Interpolation-Photo,NAD83,,,,,,,US,48,061,,,,,,,,,,STORET,0,12110208,South Laguna Madre,False,False,False,False,False,False,False,False,False,False,False,POINT (-97.4414 26.3181)
TCEQMAIN,Texas Commission on Environmental Quality,TCEQMAIN-15589,CO. DRNGE DITCH UPSTRM OF AAA,Canal Drainage,,12110208,,,,,26.3358,-97.4347,,,,Interpolation-Photo,NAD83,,,,,,,US,48,061,,,,,,,,,,STORET,0,12110208,South Laguna Madre,False,False,False,False,False,False,False,False,False,False,False,POINT (-97.4347 26.3358)
TCEQMAIN,Texas Commission on Environmental Quality,TCEQMAIN-15590,WW DSCHG DITCH FROM AAA OUTFL,Facility Other,,12110208,,,,,26.335,-97.4347,,,,Interpolation-Photo,NAD83,,,,,,,US,48,061,,,,,,,,,,STORET,0,12110208,South Laguna Madre,False,False,False,False,False,False,False,False,False,False,False,POINT (-97.4347 26.335)
TCEQMAIN,Texas Commission on Environmental Quality,TCEQMAIN-15591,CO. DRNGE DWNSTRM OF AAA OUTFL,Canal Drainage,,12110208,,,,,26.3361,-97.4342,,,,Interpolation-Photo,NAD83,,,,,,,US,48,061,,,,,,,,,,STORET,0,12110208,South Laguna Madre,False,False,False,False,False,False,False,False,False,False,False,POINT (-97.4342 26.3361)
TCEQMAIN,Texas Commission on Environmental Quality,TCEQMAIN-15592,AAA WASTEWATER OUTFALL #001,Facility Other,,12110208,,,,,26.3367,-97.4333,,,,Interpolation-Photo,NAD83,,,,,,,US,48,061,,,,,,,,,,STORET,0,12110208,South Laguna Madre,False,False,False,False,False,False,False,False,False,False,False,POINT (-97.4333 26.3367)
TCEQMAIN,Texas Commission on Environmental Quality,TCEQMAIN-15593,SAN VICENTE DRAINAGE DITCH,Canal Drainage,,12110208,,,,,26.3306,-97.4745,,,,Interpolation-Photo,NAD83,,,,,,,US,48,061,,,,,,,,,,STORET,0,12110208,South Laguna Madre,False,False,False,False,False,False,False,False,False,False,False,POINT (-97.4745 26.3306)
TCEQMAIN,Texas Commission on Environmental Quality,TCEQMAIN-15594,TSVA INTAKE B,River/Stream,,12110208,,,,,26.3331,-97.4392,,,,Interpolation-Photo,NAD83,,,,,,,US,48,061,,,,,,,,,,STORET,0,12110208,South Laguna Madre,False,False,False,False,False,False,False,False,False,False,False,POINT (-97.4392 26.3331)
TCEQMAIN,Texas Commission on Environmental Quality,TCEQMAIN-15595,TSVA INTAKE A,River/Stream,,12110208,,,,,26.3339,-97.4392,,,,Interpolation-Photo,NAD83,,,,,,,US,48,061,,,,,,,,,,STORET,0,12110208,South Laguna Madre,False,False,False,False,False,False,False,False,False,False,False,POINT (-97.4392 26.3339)
TCEQMAIN,Texas Commission on Environmental Quality,TCEQMAIN-15596,LAGUNA MADRE MORANCO BLANCO,Estuary,,12110208,,,,,26.1511,-97.3008,,,,Interpolation-Photo,NAD83,,,,,,,US,48,061,,,,,,,,,,STORET,0,12110208,South Laguna Madre,False,False,False,False,False,False,False,False,False,False,False,POINT (-97.3008 26.1511)
TCEQMAIN,Texas Commission on Environmental Quality,TCEQMAIN-15597,LAGUNA MADRE MORANCO BLANCO,Estuary,,12110208,,,,,26.1494,-97.3014,,,,Interpolation-Photo,NAD83,,,,,,,US,48,061,,,,,,,,,,STORET,0,12110208,South Laguna Madre,False,False,True,False,True,False,True,True,False,False,False,POINT (-97.3014 26.1494)
TCEQMAIN,Texas Commission on Environmental Quality,TCEQMAIN-15598,LAGUNA MADRE MORANCO BLANCO,Estuary,,12110208,,,,,26.1517,-97.2986,,,,Interpolation-Photo,NAD83,,,,,,,US,48,061,,,,,,,,,,STORET,0,12110208,South Laguna Madre,False,False,False,False,False,False,False,False,False,False,False,POINT (-97.2986 26.1517)
TCEQMAIN,Texas Commission on Environmental Quality,TCEQMAIN-15599,LAGUNA MADRE MORANCO BLANCO,Estuary,,12110208,,,,,26.1522,-97.3006,,,,Interpolation-Photo,NAD83,,,,,,,US,48,061,,,,,,,,,,STORET,0,12110208,South Laguna Madre,False,False,False,False,False,False,False,False,False,False,False,POINT (-97.3006 26.1522)
TCEQMAIN,Texas Commission on Environmental Quality,TCEQMAIN-15600,LAGUNA MADRE MORANCO BLANCO,Estuary,,12110208,,,,,26.1525,-97.3003,,,,Interpolation-Photo,NAD83,,,,,,,US,48,061,,,,,,,,,,STORET,0,12110208,South Laguna Madre,False,False,False,False,False,False,False,False,False,False,False,POINT (-97.3003 26.1525)
TCEQMAIN,Texas Commission on Environmental Quality,TCEQMAIN-15601,LAGUNA MADRE MORANCO BLANCO,Estuary,,12110208,,,,,26.1533,-97.2981,,,,Interpolation-Photo,NAD83,,,,,,,US,48,061,,,,,,,,,,STORET,0,12110208,South Laguna Madre,False,False,False,False,False,False,False,False,False,False,False,POINT (-97.2981 26.1533)
TCEQMAIN,Texas Commission on Environmental Quality,TCEQMAIN-15602,LAGUNA MADRE LAGUNDA ATASCOSA,Estuary,,12110208,,,,,26.1661,-97.3033,,,,Interpolation-Photo,NAD83,,,,,,,US,48,061,,,,,,,,,,STORET,0,12110208,South Laguna Madre,False,False,False,False,False,False,False,False,False,False,False,POINT (-97.3033 26.1661)
TCEQMAIN,Texas Commission on Environmental Quality,TCEQMAIN-15603,LAGUNA MADRE LAGUNA ATASCOSA,Estuary,,12110208,,,,,26.1661,-97.3031,,,,Interpolation-Photo,NAD83,,,,,,,US,48,061,,,,,,,,,,STORET,0,12110208,South Laguna Madre,False,False,False,False,False,False,False,False,False,False,False,POINT (-97.3031 26.1661)
TCEQMAIN,Texas Commission on Environmental Quality,TCEQMAIN-15604,LAGUNA MADRE LAGUNA ATASCOSA,Estuary,,12110208,,,,,26.1661,-97.3022,,,,Interpolation-Photo,NAD83,,,,,,,US,48,061,,,,,,,,,,STORET,0,12110208,South Laguna Madre,False,False,False,False,False,False,False,False,False,False,False,POINT (-97.3022 26.1661)
TCEQMAIN,Texas Commission on Environmental Quality,TCEQMAIN-15605,LAGUNA MADRE LAGUNA ATASCOSA,Estuary,,12110208,,,,,26.1658,-97.3014,,,,Interpolation-Photo,NAD83,,,,,,,US,48,061,,,,,,,,,,STORET,0,12110208,South Laguna Madre,False,False,False,False,False,False,False,False,False,False,False,POINT (-97.3014 26.1658)
TCEQMAIN,Texas Commission on Environmental Quality,TCEQMAIN-15794,ARROYO COLORADO UPSTREAM CM36,River/Stream,,12110208,,,,,26.3352,-97.4385,,,,Interpolation-Photo,NAD83,,,,,,,US,48,061,,,,,,,,,,STORET,0,12110208,South Laguna Madre,False,False,False,False,False,False,False,False,False,False,False,POINT (-97.4385 26.3352)
TCEQMAIN,Texas Commission on Environmental Quality,TCEQMAIN-15808,RIO GRANDE ABOVE PHARR BRIDGE,River/Stream,,13090002,,,,,26.0681,-98.2078,,,,Interpolation-Photo,WGS84,,,,,,,US,48,215,,,,,,,,,,STORET,1,13090002,Lower Rio Grande,True,True,True,True,True,False,True,True,True,False,False,POINT (-98.2078 26.0681)
TCEQMAIN,Texas Commission on Environmental Quality,TCEQMAIN-16131,ARROYO COLORADO UPSTR FM1926,River/Stream,,12110208,,,,,26.1775,-98.2646,,,,Interpolation-Photo,NAD83,,,,,,,US,48,215,,,,,,,,,,STORET,0,12110208,South Laguna Madre,True,True,True,True,True,False,True,True,False,False,False,POINT (-98.2646 26.1775)
TCEQMAIN,Texas Commission on Environmental Quality,TCEQMAIN-16132,ARROYO COLORADO DWNSTR US281,River/Stream,,12110208,,,,,26.1485,-98.1873,,,,Interpolation-Photo,NAD83,,,,,,,US,48,215,,,,,,,,,,STORET,0,12110208,South Laguna Madre,True,True,True,True,True,False,True,True,False,False,False,POINT (-98.1873 26.1485)
TCEQMAIN,Texas Commission on Environmental Quality,TCEQMAIN-16133,ARROYO COLORADO UPSTR FM2557,River/Stream,,12110208,,,,,26.1563,-98.1561,,,,Interpolation-Photo,NAD83,,,,,,,US,48,215,,,,,,,,,,STORET,0,12110208,South Laguna Madre,True,True,True,True,True,False,True,True,False,False,False,POINT (-98.1561 26.1563)
TCEQMAIN,Texas Commission on Environmental Quality,TCEQMAIN-16134,ARROYO COLORADO DWNSTR FM907,River/Stream,,12110208,,,,,26.1362,-98.1115,,,,Interpolation-Photo,NAD83,,,,,,,US,48,215,,,,,,,,,,STORET,0,12110208,South Laguna Madre,True,True,True,True,True,False,True,True,False,False,False,POINT (-98.1115 26.1362)
TCEQMAIN,Texas Commission on Environmental Quality,TCEQMAIN-16135,ARROYO COLORADO 3.5KM U FM88,River/Stream,,12110208,,,,,26.1068,-98.0201,,,,Interpolation-Photo,NAD83,,,,,,,US,48,215,,,,,,,,,,STORET,0,12110208,South Laguna Madre,True,True,True,True,True,False,True,True,False,False,False,POINT (-98.0201 26.1068)
TCEQMAIN,Texas Commission on Environmental Quality,TCEQMAIN-16136,ARROYO COLORADO 2.1KM U FM88,River/Stream,,12110208,,,,,26.1117,-98.0119,,,,Interpolation-Photo,NAD83,,,,,,,US,48,215,,,,,,,,,,STORET,0,12110208,South Laguna Madre,True,True,True,True,True,False,True,True,False,False,False,POINT (-98.0119 26.1117)
TCEQMAIN,Texas Commission on Environmental Quality,TCEQMAIN-16137,ARROYO COLORADO AT FM88,River/Stream,,12110208,,,,,26.1164,-97.9936,,,,Interpolation-Photo,NAD83,,,,,,,US,48,215,,,,,,,,,,STORET,0,12110208,South Laguna Madre,True,True,True,True,True,False,True,True,False,False,False,POINT (-97.9936 26.1164)
TCEQMAIN,Texas Commission on Environmental Quality,TCEQMAIN-16138,ARROYO COLORADO UPSTR FM491,River/Stream,,12110208,,,,,26.1303,-97.9108,,,,Interpolation-Photo,NAD83,,,,,,,US,48,215,,,,,,,,,,STORET,0,12110208,South Laguna Madre,True,True,True,True,True,False,True,True,False,False,False,POINT (-97.9108 26.1303)
TCEQMAIN,Texas Commission on Environmental Quality,TCEQMAIN-16139,ARROYO COLORADO UPSTR FM506,River/Stream,,12110208,,,,,26.1306,-97.8345,,,,Interpolation-Photo,NAD83,,,,,,,US,48,061,,,,,,,,,,STORET,0,12110208,South Laguna Madre,True,True,True,True,True,False,True,True,False,False,False,POINT (-97.8345 26.1306)
TCEQMAIN,Texas Commission on Environmental Quality,TCEQMAIN-16140,ARROYO COLORADO AT BOTTS PARK,River/Stream,,12110208,,,,,26.1622,-97.7113,,,,Interpolation-Photo,NAD83,,,,,,,US,48,061,,,,,,,,,,STORET,0,12110208,South Laguna Madre,True,True,True,True,True,False,True,True,False,False,False,POINT (-97.7113 26.1622)
TCEQMAIN,Texas Commission on Environmental Quality,TCEQMAIN-16141,ARROYO COLORADO & COMMERCE ST,River/Stream,,12110208,,,,,26.1777,-97.6769,,,,Interpolation-Photo,NAD83,,,,,,,US,48,061,,,,,,,,,,STORET,0,12110208,South Laguna Madre,True,True,True,True,True,False,True,True,False,False,False,POINT (-97.6769 26.1777)
TCEQMAIN,Texas Commission on Environmental Quality,TCEQMAIN-16142,ARROYO COLORADO & CEMETERY RD,River/Stream,,12110208,,,,,26.2049,-97.5956,,,,Interpolation-Photo,NAD83,,,,,,,US,48,061,,,,,,,,,,STORET,0,12110208,South Laguna Madre,True,True,True,True,True,False,True,True,False,False,False,POINT (-97.5956 26.2049)
TCEQMAIN,Texas Commission on Environmental Quality,TCEQMAIN-16143,ARROYO COLORADO UPSTR FM106,River/Stream,,12110208,,,,,26.2287,-97.5861,,,,Interpolation-Photo,NAD83,,,,,,,US,48,061,,,,,,,,,,STORET,0,12110208,South Laguna Madre,True,True,True,True,True,False,True,True,False,False,False,POINT (-97.5861 26.2287)
TCEQMAIN,Texas Commission on Environmental Quality,TCEQMAIN-16144,ARROYO COLORADO DWN CAMP PERRY,River/Stream,,12110208,,,,,26.2731,-97.5817,,,,Interpolation-Photo,NAD83,,,,,,,US,48,061,,,,,,,,,,STORET,0,12110208,South Laguna Madre,True,True,True,True,True,False,True,True,False,False,False,POINT (-97.5817 26.2731)
TCEQMAIN,Texas Commission on Environmental Quality,TCEQMAIN-16145,ARROYO COLORADO 8KM U ARR CITY,River/Stream,,12110208,,,,,26.3311,-97.5058,,,,Interpolation-Photo,NAD83,,,,,,,US,48,061,,,,,,,,,,STORET,0,12110208,South Laguna Madre,True,True,True,True,True,False,True,True,False,False,False,POINT (-97.5058 26.3311)
TCEQMAIN,Texas Commission on Environmental Quality,TCEQMAIN-16146,ARROYO COLORADO 4KM U ARR CITY,River/Stream,,12110208,,,,,26.3308,-97.4714,,,,Interpolation-Photo,NAD83,,,,,,,US,48,489,,,,,,,,,,STORET,0,12110208,South Laguna Madre,True,True,True,True,True,False,True,True,False,False,False,POINT (-97.4714 26.3308)
TCEQMAIN,Texas Commission on Environmental Quality,TCEQMAIN-16147,ARROYO COLORADO 3KM D ARR CITY,River/Stream,,12110208,,,,,26.3453,-97.4186,,,,Interpolation-Photo,NAD83,,,,,,,US,48,061,,,,,,,,,,STORET,0,12110208,South Laguna Madre,True,True,True,True,True,False,True,True,False,False,False,POINT (-97.4186 26.3453)
TCEQMAIN,Texas Commission on Environmental Quality,TCEQMAIN-16151,ARROYO COLORADO 31.1KM U MOUTH,River/Stream,,12110208,,,,,26.2845,-97.574,,,,Interpolation-Photo,NAD83,,,,,,,US,48,061,,,,,,,,,,STORET,0,12110208,South Laguna Madre,True,True,True,True,False,False,True,True,False,False,False,POINT (-97.574 26.2845)
TCEQMAIN,Texas Commission on Environmental Quality,TCEQMAIN-16152,ARROYO COLO 27.116KM U MOUTH,River/Stream,,12110208,,,,,26.2889,-97.5511,,,,Interpolation-Photo,NAD83,,,,,,,US,48,061,,,,,,,,,,STORET,0,12110208,South Laguna Madre,True,True,True,True,False,False,True,True,False,False,False,POINT (-97.5511 26.2889)
TCEQMAIN,Texas Commission on Environmental Quality,TCEQMAIN-16153,ARROYO COLO 22.409KM U MOUT,River/Stream,,12110208,,,,,26.3169,-97.5272,,,,Interpolation-Photo,NAD83,,,,,,,US,48,489,,,,,,,,,,STORET,0,12110208,South Laguna Madre,True,True,True,True,False,False,True,True,False,False,False,POINT (-97.5272 26.3169)
TCEQMAIN,Texas Commission on Environmental Quality,TCEQMAIN-16154,ARROYO COLORADO 12.7KM U MOUTH,River/Stream,,12110208,,,,,26.3278,-97.4442,,,,Interpolation-Photo,NAD83,,,,,,,US,48,061,,,,,,,,,,STORET,0,12110208,South Laguna Madre,True,True,True,True,False,False,True,True,False,False,False,POINT (-97.4442 26.3278)
TCEQMAIN,Texas Commission on Environmental Quality,TCEQMAIN-16155,ARROYO COLO 4.551KM U MOUTH,River/Stream,,12110208,,,,,26.354,-97.3706,,,,Interpolation-Photo,NAD83,,,,,,,US,48,061,,,,,,,,,,STORET,0,12110208,South Laguna Madre,True,True,True,True,True,False,True,True,False,False,False,POINT (-97.3706 26.354)
TCEQMAIN,Texas Commission on Environmental Quality,TCEQMAIN-16270,LAND O LAKES RESACA,Lake,,12110208,,,,,25.9294,-97.4682,,,,Interpolation-Photo,NAD83,,,,,,,US,48,061,,,,,,,,,,STORET,0,12110208,South Laguna Madre,False,False,False,False,False,False,False,False,False,False,False,POINT (-97.4682 25.9294)
TCEQMAIN,Texas Commission on Environmental Quality,TCEQMAIN-16285,LINCOLN PARK RESACA-SOUTHEAST,River/Stream,,12110208,,,,,25.9006,-97.4803,,,,Interpolation-Photo,NAD83,,,,,,,US,48,061,,,,,,,,,,STORET,0,12110208,South Laguna Madre,False,False,False,False,False,False,False,False,False,False,False,POINT (-97.4803 25.9006)
TCEQMAIN,Texas Commission on Environmental Quality,TCEQMAIN-16286,FORT BROWN RESACA NORTHEAST,River/Stream,,12110208,,,,,25.8958,-97.4883,,,,Interpolation-Photo,NAD83,,,,,,,US,48,061,,,,,,,,,,STORET,0,12110208,South Laguna Madre,False,False,False,False,False,False,False,False,False,False,False,POINT (-97.4883 25.8958)
TCEQMAIN,Texas Commission on Environmental Quality,TCEQMAIN-16287,RESACA DE LA PALMA,River/Stream,,12110208,,,,,25.9375,-97.4711,,,,Interpolation-Photo,NAD83,,,,,,,US,48,061,,,,,,,,,,STORET,0,12110208,South Laguna Madre,False,False,False,False,False,False,False,False,False,False,False,POINT (-97.4711 25.9375)
TCEQMAIN,Texas Commission on Environmental Quality,TCEQMAIN-16288,RIO GRANDE RIVER AT SABAL PALM SANCTUARY,River/Stream,,13090002,,,,,25.8501,-97.4144,,,,Interpolation-Photo,WGS84,,,,,,,US,48,061,,,,,,,,,,STORET,1,13090002,Lower Rio Grande,True,True,True,True,True,False,True,True,False,False,False,POINT (-97.4144 25.8501)
TCEQMAIN,Texas Commission on Environmental Quality,TCEQMAIN-16440,TOWN RESACA AT BARNARD & SYCAM,River/Stream,,12110208,,,,,25.9292,-97.504,,,,Interpolation-Photo,NAD83,,,,,,,US,48,061,,,,,,,,,,STORET,0,12110208,South Laguna Madre,False,False,False,False,False,False,False,False,False,False,False,POINT (-97.504 25.9292)
TCEQMAIN,Texas Commission on Environmental Quality,TCEQMAIN-16444,ARROYO COLORADO AT FM491,River/Stream,,12110208,,,,,26.1279,-97.9015,,,,Interpolation-Photo,NAD83,,,,,,,US,48,215,,,,,,,,,,STORET,0,12110208,South Laguna Madre,True,True,True,True,True,False,True,True,False,False,False,POINT (-97.9015 26.1279)
TCEQMAIN,Texas Commission on Environmental Quality,TCEQMAIN-16445,ARROYO COLORADO AT DILWORTH RD,River/Stream,,12110208,,,,,26.1441,-97.751,,,,Interpolation-Photo,NAD83,,,,,,,US,48,061,,,,,,,,,,STORET,0,12110208,South Laguna Madre,True,True,True,True,True,False,True,True,True,False,False,POINT (-97.751 26.1441)
TCEQMAIN,Texas Commission on Environmental Quality,TCEQMAIN-16446,ARROYO COLORADO AT FM509,River/Stream,,12110208,,,,,26.1821,-97.6324,,,,Interpolation-Photo,NAD83,,,,,,,US,48,061,,,,,,,,,,STORET,0,12110208,South Laguna Madre,True,True,True,True,True,False,True,True,False,False,False,POINT (-97.6324 26.1821)
TCEQMAIN,Texas Commission on Environmental Quality,TCEQMAIN-17100,LAGUNA MADRE NEAR BOWIE PARK,Estuary,,12110208,,,,,26.1376,-97.1781,,,,Interpolation-Photo,NAD83,,,,,,,US,48,061,,,,,,,,,,STORET,0,12110208,South Laguna Madre,False,True,False,False,False,False,False,False,False,False,False,POINT (-97.1781 26.1376)
TCEQMAIN,Texas Commission on Environmental Quality,TCEQMAIN-17101,SOUTH BAY,Estuary,,12110208,,,,,26.02,-97.1732,,,,Interpolation-Photo,NAD83,,,,,,,US,48,061,,,,,,,,,,STORET,0,12110208,South Laguna Madre,False,True,False,False,False,False,False,False,False,False,False,POINT (-97.1732 26.02)
TCEQMAIN,Texas Commission on Environmental Quality,TCEQMAIN-17102,BROWNSVILLE SHIP CM38,Estuary,,12110208,,,,,26.0256,-97.239,,,,Interpolation-Photo,NAD83,,,,,,,US,48,061,,,,,,,,,,STORET,0,12110208,South Laguna Madre,False,True,False,False,False,False,False,False,False,False,False,POINT (-97.239 26.0256)
TCEQMAIN,Texas Commission on Environmental Quality,TCEQMAIN-17111,DONNA POTW DISCHARGE DITCH,Canal Drainage,,12110208,,,,,26.1452,-98.0513,,,,Interpolation-Photo,NAD83,,,,,,,US,48,215,,,,,,,,,,STORET,0,12110208,South Laguna Madre,True,True,True,True,True,False,True,True,False,False,False,POINT (-98.0513 26.1452)
TCEQMAIN,Texas Commission on Environmental Quality,TCEQMAIN-17112,MERCEDES POTW DISCHARGE DITCH,Canal Drainage,,12110208,,,,,26.1646,-97.8984,,,,Interpolation-Photo,NAD83,,,,,,,US,48,215,,,,,,,,,,STORET,0,12110208,South Laguna Madre,True,True,True,True,True,False,True,True,False,False,False,POINT (-97.8984 26.1646)
TCEQMAIN,Texas Commission on Environmental Quality,TCEQMAIN-17113,DRAINAGE DITCH HARDING RANCH,Canal Drainage,,12110208,,,,,26.2798,-97.5866,,,,Interpolation-Photo,NAD83,,,,,,,US,48,061,,,,,,,,,,STORET,0,12110208,South Laguna Madre,True,True,True,True,True,False,True,True,False,False,False,POINT (-97.5866 26.2798)
TCEQMAIN,Texas Commission on Environmental Quality,TCEQMAIN-17114,HIDALGO POTW OUTFALL,Facility Other,,12110208,,,,,26.107,-98.2375,,,,Interpolation-Photo,NAD83,,,,,,,US,48,215,,,,,,,,,,STORET,0,12110208,South Laguna Madre,True,True,True,True,True,False,True,True,False,False,False,POINT (-98.2375 26.107)
TCEQMAIN,Texas Commission on Environmental Quality,TCEQMAIN-17115,MISSION POTW DISCHARGE DITCH,Canal Drainage,,12110208,,,,,26.1932,-98.328,,,,Interpolation-Photo,NAD83,,,,,,,US,48,215,,,,,,,,,,STORET,0,12110208,South Laguna Madre,True,True,True,True,True,False,True,True,False,False,False,POINT (-98.328 26.1932)
TCEQMAIN,Texas Commission on Environmental Quality,TCEQMAIN-17117,LAGUNA MADRE NEAR ICWW CM 284,Estuary,,12110208,,,,,26.5558,-97.4085,,,,Interpolation-Photo,NAD83,,,,,,,US,48,489,,,,,,,,,,STORET,0,12110208,South Laguna Madre,False,True,False,False,False,False,False,False,False,False,False,POINT (-97.4085 26.5558)
TCEQMAIN,Texas Commission on Environmental Quality,TCEQMAIN-17247,RIO GRANDE UPSTRM OF FM 1015,River/Stream,,13090002,,,,,26.0622,-97.9518,,,,Interpolation-Photo,NAD83,,,,,,,US,48,215,,,,,,,,,,STORET,1,13090002,Lower Rio Grande,True,True,True,True,True,False,True,True,False,False,False,POINT (-97.9518 26.0622)
TCEQMAIN,Texas Commission on Environmental Quality,TCEQMAIN-17394,LA FERIA RES WEST OF FM 506,Reservoir,,12110208,,,,,26.1394,-97.8254,,,,Interpolation-Photo,NAD83,,,,,,,US,48,061,,,,,,,,,,STORET,0,12110208,South Laguna Madre,False,False,False,False,False,False,False,False,False,False,False,POINT (-97.8254 26.1394)
TCEQMAIN,Texas Commission on Environmental Quality,TCEQMAIN-17415,DONNA RES SITE PS,Reservoir,,12110208,,,,,26.1534,-98.0684,,,,Interpolation-Photo,NAD83,,,,,,,US,48,215,,,,,,,,,,STORET,0,12110208,South Laguna Madre,False,False,False,False,False,False,False,False,False,False,False,POINT (-98.0684 26.1534)
TCEQMAIN,Texas Commission on Environmental Quality,TCEQMAIN-17416,DONNA RES SITE E,Reservoir,,12110208,,,,,26.1524,-98.0676,,,,Interpolation-Photo,NAD83,,,,,,,US,48,215,,,,,,,,,,STORET,0,12110208,South Laguna Madre,False,False,False,False,False,False,False,False,False,False,False,POINT (-98.0676 26.1524)
TCEQMAIN,Texas Commission on Environmental Quality,TCEQMAIN-17642,DRAINAGE DITCH UPSTRM SOUTH RD,Canal Drainage,,12110208,,,,,26.1658,-98.1752,,,,Interpolation-Photo,NAD83,,,,,,,US,48,215,,,,,,,,,,STORET,0,12110208,South Laguna Madre,True,True,True,False,False,False,False,False,True,False,False,POINT (-98.1752 26.1658)
TCEQMAIN,Texas Commission on Environmental Quality,TCEQMAIN-17643,DRAINAGE DITCH AT FM 1846,Canal Drainage,,12110208,,,,,26.1662,-97.6281,,,,Interpolation-Photo,NAD83,,,,,,,US,48,061,,,,,,,,,,STORET,0,12110208,South Laguna Madre,True,True,True,False,False,False,False,False,True,False,False,POINT (-97.6281 26.1662)
TCEQMAIN,Texas Commission on Environmental Quality,TCEQMAIN-17644,DRAINAGE DITCH AT FM 2062,Canal Drainage,,12110208,,,,,26.2006,-98.3766,,,,Interpolation-Photo,NAD83,,,,,,,US,48,215,,,,,,,,,,STORET,0,12110208,South Laguna Madre,True,True,True,False,False,False,False,False,True,False,False,POINT (-98.3766 26.2006)
TCEQMAIN,Texas Commission on Environmental Quality,TCEQMAIN-17650,ARROYO COLORADO TIDAL P OF HAR,River/Stream,,12110208,,,,,26.2013,-97.598,,,,Interpolation-Photo,NAD83,,,,,,,US,48,061,,,,,,,,,,STORET,0,12110208,South Laguna Madre,True,True,True,False,False,False,False,False,False,False,False,POINT (-97.598 26.2013)
TCEQMAIN,Texas Commission on Environmental Quality,TCEQMAIN-17940,DELTA LK .4 KM UPSTREAM OF DAM,Reservoir,,12110208,,,,,26.4213,-97.9395,,,,Interpolation-Photo,NAD83,,,,,,,US,48,215,,,,,,,,,,STORET,0,12110208,South Laguna Madre,False,False,False,False,False,False,False,False,False,False,False,POINT (-97.9395 26.4213)
TCEQMAIN,Texas Commission on Environmental Quality,TCEQMAIN-17975,LAGUNA MADRE TDH-SOU20,Estuary,,12110208,,,,,26.0664,-97.1586,,,,Interpolation-Photo,NAD83,,,,,,,US,48,061,,,,,,,,,,STORET,0,12110208,South Laguna Madre,False,True,False,False,False,False,False,False,False,False,False,POINT (-97.1586 26.0664)
TCEQMAIN,Texas Commission on Environmental Quality,TCEQMAIN-18196,UNNAMED DITCH AT FM 510,Canal Drainage,,12110208,,,,,26.1369,-97.5484,,,,Interpolation-Photo,NAD83,,,,,,,US,48,061,,,,,,,,,,STORET,0,12110208,South Laguna Madre,True,True,True,True,True,False,True,True,True,False,False,POINT (-97.5484 26.1369)
TCEQMAIN,Texas Commission on Environmental Quality,TCEQMAIN-18485,ARROYO COLORADO AT VALLEY VIEW,River/Stream,,12110208,,,,,26.1085,-98.087,,,,Interpolation-Photo,NAD83,,,,,,,US,48,215,,,,,,,,,,STORET,0,12110208,South Laguna Madre,False,False,False,False,False,False,False,False,False,False,False,POINT (-98.087 26.1085)
TCEQMAIN,Texas Commission on Environmental Quality,TCEQMAIN-18486,DONNA CANAL NR MILITARY/US 281,Canal Drainage,,12110208,,,,,26.0785,-98.0754,,,,Interpolation-Photo,NAD83,,,,,,,US,48,215,,,,,,,,,,STORET,0,12110208,South Laguna Madre,False,False,False,False,False,False,False,False,False,False,False,POINT (-98.0754 26.0785)
TCEQMAIN,Texas Commission on Environmental Quality,TCEQMAIN-18487,DONNA CANAL NR ARROYO SIPHON,Canal Drainage,,12110208,,,,,26.0969,-98.0724,,,,Interpolation-Photo,NAD83,,,,,,,US,48,215,,,,,,,,,,STORET,0,12110208,South Laguna Madre,False,False,False,False,False,False,False,False,False,False,False,POINT (-98.0724 26.0969)
TCEQMAIN,Texas Commission on Environmental Quality,TCEQMAIN-18488,DONNA CANAL NR ARROYO SIPHON,Canal Drainage,,12110208,,,,,26.1014,-98.0716,,,,Interpolation-Photo,NAD83,,,,,,,US,48,215,,,,,,,,,,STORET,0,12110208,South Laguna Madre,False,False,False,False,False,False,False,False,False,False,False,POINT (-98.0716 26.1014)
TCEQMAIN,Texas Commission on Environmental Quality,TCEQMAIN-18489,DONNA CANAL AT VALLEY VIEW RD,Canal Drainage,,12110208,,,,,26.1124,-98.0864,,,,Interpolation-Photo,NAD83,,,,,,,US,48,215,,,,,,,,,,STORET,0,12110208,South Laguna Madre,False,False,False,False,False,False,False,False,False,False,False,POINT (-98.0864 26.1124)
TCEQMAIN,Texas Commission on Environmental Quality,TCEQMAIN-18490,DONNA RESERVOIR WEST MIDLAKE,Reservoir,,12110208,,,,,26.1481,-98.0822,,,,Interpolation-Photo,NAD83,,,,,,,US,48,215,,,,,,,,,,STORET,0,12110208,South Laguna Madre,False,False,False,False,False,False,False,False,False,False,False,POINT (-98.0822 26.1481)
TCEQMAIN,Texas Commission on Environmental Quality,TCEQMAIN-20098,ARROYO COLORADO AT ARROYO CITY CAMS 0739,River/Stream,,12110208,,,,,26.3249,-97.4552,,,,Interpolation-Photo,NAD83,,,,,,,US,48,061,,,,,,,,,,STORET,0,12110208,South Laguna Madre,False,False,False,False,False,False,False,False,False,False,False,POINT (-97.4552 26.3249)
TCEQMAIN,Texas Commission on Environmental Quality,TCEQMAIN-20102,ARROYO COLORADO NORTH FLOODWAY AT LLANO GRANDE CAMS 0738,River/Stream,,12110208,,,,,26.1278,-97.9344,,,,Interpolation-Photo,NAD83,,,,,,,US,48,215,,,,,,,,,,STORET,0,12110208,South Laguna Madre,False,False,False,False,False,False,False,False,False,False,False,POINT (-97.9344 26.1278)
TCEQMAIN,Texas Commission on Environmental Quality,TCEQMAIN-20103,ARROYO COLORADO NEAR VALLEY VIEW CAMS 0740,River/Stream,,12110208,,,,,26.1151,-98.0888,,,,Interpolation-Photo,NAD83,,,,,,,US,48,215,,,,,,,,,,STORET,0,12110208,South Laguna Madre,False,False,False,False,False,False,False,False,False,False,False,POINT (-98.0888 26.1151)
TCEQMAIN,Texas Commission on Environmental Quality,TCEQMAIN-20104,RIO GRANDE WEST BANK AT HARDWICKE FARMS CAMS 0737,River/Stream,,13090002,,,,,26.159,-98.3492,,,,Interpolation-Photo,NAD83,,,,,,,US,48,215,,,,,,,,,,STORET,1,13090002,Lower Rio Grande,False,False,False,False,False,False,False,False,False,False,False,POINT (-98.3492 26.159)
TCEQMAIN,Texas Commission on Environmental Quality,TCEQMAIN-20200,ARROYO COLORADO TIDAL NEAR PORT HARLINGEN,River/Stream,,12110208,,,,,26.2031,-97.5964,,,,Interpolation-Photo,NAD83,,,,,,,US,48,061,,,,,,,,,,STORET,0,12110208,South Laguna Madre,False,False,False,False,False,False,False,False,False,False,False,POINT (-97.5964 26.2031)
TCEQMAIN,Texas Commission on Environmental Quality,TCEQMAIN-20449,RIO GRANDE RIVER AT BROWNSVILLE PUB WATER TREATMENT PLANT NUMBER 1 INTAKE BETWEEN WTP RESERVOIR AND RIO GRANDE LEVEE,River/Stream,,13090002,,,,,25.9186,-97.5291,,,,GPS-Unspecified,NAD83,,,,,,,US,48,061,,,,,,,,,,STORET,0,12110208,South Laguna Madre,False,False,True,True,False,False,True,False,True,False,False,POINT (-97.5291 25.9186)
TCEQMAIN,Texas Commission on Environmental Quality,TCEQMAIN-20696,RIO GRANDE AT THE EL MORILLO TRACT OF THE LOWER RIO GRANDE VALLEY NATIONAL WILDLIFE REFUGE,River/Stream,,13090002,,,,,26.1577,-98.3756,,,,GPS-Unspecified,UNKWN,,,,,,,US,48,215,,,,,,,,,,STORET,1,13090002,Lower Rio Grande,False,False,False,False,False,False,False,False,False,False,False,POINT (-98.3756 26.1577)
TCEQMAIN,Texas Commission on Environmental Quality,TCEQMAIN-20698,OLD RIO GRANDE MEANDER LA PARIDO BANCO NUMBER 144 BOAT RAMP,Lake,,13090002,,,,,26.179,-98.3871,,,,GPS-Unspecified,UNKWN,,,,,,,US,48,215,,,,,,,,,,STORET,1,13090002,Lower Rio Grande,True,True,True,True,True,False,True,True,False,False,False,POINT (-98.3871 26.179)
TCEQMAIN,Texas Commission on Environmental Quality,TCEQMAIN-20737,RIO GRANDE RIVER 320 METERS UPSTREAM OF STATE LOOP 200 / BRAVO BOULEVARD CAMS 767,River/Stream,,13090001,,,,,26.4066,-99.0203,,,,Interpolation-Photo,NAD83,,,,,,,US,48,427,,,,,,,,,,STORET,2,13090001,Los Olmos,False,False,False,False,False,False,False,False,False,False,False,POINT (-99.0203 26.4066)
TCEQMAIN,Texas Commission on Environmental Quality,TCEQMAIN-20738,RIO GRANDE RIVER 2.816 KILOMETERS UPSTREAM OF PETE DIAZ AVENUE / BRIDGE AVENUE CAMS 781,River/Stream,,13090001,,,,,26.37,-98.8268,,,,Interpolation-Photo,NAD83,,,,,,,US,48,427,,,,,,,,,,STORET,2,13090001,Los Olmos,False,False,False,False,False,False,False,False,False,False,False,POINT (-98.8268 26.37)
TCEQMAIN,Texas Commission on Environmental Quality,TCEQMAIN-20739,RIO GRANDE RIVER 345 METERS WEST AND 70 METERS SOUTH FROM THE INTERSECTION OF KCTM FM ROAD 103 AND PATRIOT LANE CAMS 782,River/Stream,,13090001,,,,,26.3321,-98.754,,,,Interpolation-Photo,NAD83,,,,,,,US,48,427,,,,,,,,,,STORET,2,13090001,Los Olmos,False,False,False,False,False,False,False,False,False,False,False,POINT (-98.754 26.3321)
TCEQMAIN,Texas Commission on Environmental Quality,TCEQMAIN-20850,CITY OF MISSION WWTP,Facility Other,,12110208,,,,,26.1973,-98.332,,,,Interpolation-Spot,NAD83,,,,,,,US,48,215,,,,,,,,,,STORET,0,12110208,South Laguna Madre,False,False,False,False,False,False,True,True,False,False,False,POINT (-98.332 26.1973)
TCEQMAIN,Texas Commission on Environmental Quality,TCEQMAIN-20851,CITY OF MCALLEN WWTP,Facility Other,,12110208,,,,,26.1722,-98.2753,,,,Interpolation-Satellite,NAD83,,,,,,,US,48,215,,,,,,,,,,STORET,0,12110208,South Laguna Madre,False,False,False,False,False,False,True,True,False,False,False,POINT (-98.2753 26.1722)
TCEQMAIN,Texas Commission on Environmental Quality,TCEQMAIN-20853,CITY OF PHARR WWTP,Facility Other,,12110208,,,,,26.1642,-98.1733,,,,Interpolation-Satellite,NAD83,,,,,,,US,48,215,,,,,,,,,,STORET,0,12110208,South Laguna Madre,False,False,False,False,False,False,True,True,False,False,False,POINT (-98.1733 26.1642)
TCEQMAIN,Texas Commission on Environmental Quality,TCEQMAIN-20854,CITY OF SAN JUAN WWTP,Facility Other,,12110208,,,,,26.1605,-98.1626,,,,Interpolation-Satellite,NAD83,,,,,,,US,48,215,,,,,,,,,,STORET,0,12110208,South Laguna Madre,False,False,False,False,False,False,True,True,False,False,False,POINT (-98.1626 26.1605)
TCEQMAIN,Texas Commission on Environmental Quality,TCEQMAIN-20855,SAN JUAN CONSTRUCTED WETLAND OUTFALL,Constructed Wetland,,12110208,,,,,26.1598,-98.1582,,,,GPS-Unspecified,NAD83,,,,,,,US,48,215,,,,,,,,,,STORET,0,12110208,South Laguna Madre,False,False,False,False,False,False,True,True,False,False,False,POINT (-98.1582 26.1598)
TCEQMAIN,Texas Commission on Environmental Quality,TCEQMAIN-20856,CITY OF ALAMO WWTP,Facility Other,,12110208,,,,,26.1392,-98.1214,,,,Interpolation-Satellite,NAD83,,,,,,,US,48,215,,,,,,,,,,STORET,0,12110208,South Laguna Madre,False,False,False,False,False,False,True,True,False,False,False,POINT (-98.1214 26.1392)
TCEQMAIN,Texas Commission on Environmental Quality,TCEQMAIN-20857,ARROYO COLORADO AT MHWSC BALLI ROAD WWTP,River/Stream,,12110208,,,,,26.1364,-98.119,,,,Interpolation-Satellite,NAD83,,,,,,,US,48,215,,,,,,,,,,STORET,0,12110208,South Laguna Madre,False,False,False,False,False,False,True,True,False,False,False,POINT (-98.119 26.1364)
TCEQMAIN,Texas Commission on Environmental Quality,TCEQMAIN-20858,CITY OF DONNA WWTP,Facility Other,,12110208,,,,,26.1476,-98.0517,,,,Interpolation-Satellite,NAD83,,,,,,,US,48,215,,,,,,,,,,STORET,0,12110208,South Laguna Madre,False,False,False,False,False,False,True,True,False,False,False,POINT (-98.0517 26.1476)
TCEQMAIN,Texas Commission on Environmental Quality,TCEQMAIN-20859,CITY OF WESLACO WWTP,Facility Other,,12110208,,,,,26.1165,-98.0217,,,,Unknown,NAD83,,,,,,,US,48,215,,,,,,,,,,STORET,0,12110208,South Laguna Madre,False,False,False,False,False,False,True,True,False,False,False,POINT (-98.0217 26.1165)
TCEQMAIN,Texas Commission on Environmental Quality,TCEQMAIN-20860,MHWSC PROGRESO WWTP,Facility Other,,12110208,,,,,26.1164,-97.9387,,,,Interpolation-Satellite,NAD83,,,,,,,US,48,215,,,,,,,,,,STORET,0,12110208,South Laguna Madre,False,False,False,False,False,False,True,True,False,False,False,POINT (-97.9387 26.1164)
TCEQMAIN,Texas Commission on Environmental Quality,TCEQMAIN-20861,CITY OF MERCEDES WWTP,Facility Other,,12110208,,,,,26.1708,-97.9025,,,,Interpolation-Satellite,NAD83,,,,,,,US,48,215,,,,,,,,,,STORET,0,12110208,South Laguna Madre,False,False,False,False,False,False,True,True,False,False,False,POINT (-97.9025 26.1708)
TCEQMAIN,Texas Commission on Environmental Quality,TCEQMAIN-20862,LA FERIA WWTP,Facility Other,,12110208,,,,,26.144,-97.8362,,,,Interpolation-Satellite,NAD83,,,,,,,US,48,061,,,,,,,,,,STORET,0,12110208,South Laguna Madre,False,False,False,False,False,False,True,True,False,False,False,POINT (-97.8362 26.144)
TCEQMAIN,Texas Commission on Environmental Quality,TCEQMAIN-20863,LA FERIA CONSTRUCTED WETLAND OUTFALL,Constructed Wetland,,12110208,,,,,26.1386,-97.8382,,,,GPS-Unspecified,NAD83,,,,,,,US,48,061,,,,,,,,,,STORET,0,12110208,South Laguna Madre,False,False,False,False,False,False,True,True,False,False,False,POINT (-97.8382 26.1386)
TCEQMAIN,Texas Commission on Environmental Quality,TCEQMAIN-20864,JOINES ROAD WWTP,Facility Other,,12110208,,,,,26.0734,-97.6472,,,,Interpolation-Satellite,NAD83,,,,,,,US,48,061,,,,,,,,,,STORET,0,12110208,South Laguna Madre,False,False,False,False,False,False,True,True,False,False,False,POINT (-97.6472 26.0734)
TCEQMAIN,Texas Commission on Environmental Quality,TCEQMAIN-20865,ARROYO COLORADO AT HARLINGEN WWTP,River/Stream,,12110208,,,,,26.1824,-97.6403,,,,Interpolation-Satellite,NAD83,,,,,,,US,48,061,,,,,,,,,,STORET,0,12110208,South Laguna Madre,False,False,False,False,False,False,True,True,False,False,False,POINT (-97.6403 26.1824)
TCEQMAIN,Texas Commission on Environmental Quality,TCEQMAIN-20866,SAN BENITO WWTP OUTFALL,Facility Other,,12110208,,,,,26.1749,-97.6251,,,,Interpolation-Satellite,NAD83,,,,,,,US,48,061,,,,,,,,,,STORET,0,12110208,South Laguna Madre,False,False,False,False,False,False,True,True,False,False,False,POINT (-97.6251 26.1749)
TCEQMAIN,Texas Commission on Environmental Quality,TCEQMAIN-20867,SAN BENITO CONSTRUCTED WETLAND OUTFALL,Constructed Wetland,,12110208,,,,,26.1746,-97.6245,,,,GPS-Unspecified,NAD83,,,,,,,US,48,061,,,,,,,,,,STORET,0,12110208,South Laguna Madre,False,False,False,False,False,False,True,True,False,False,False,POINT (-97.6245 26.1746)
TCEQMAIN,Texas Commission on Environmental Quality,TCEQMAIN-20868,CITY OF RIO HONDO WWTP,River/Stream,,12110208,,,,,26.2477,-97.5836,,,,Interpolation-Satellite,NAD83,,,,,,,US,48,061,,,,,,,,,,STORET,0,12110208,South Laguna Madre,False,False,False,False,False,False,True,True,False,False,False,POINT (-97.5836 26.2477)
TCEQMAIN,Texas Commission on Environmental Quality,TCEQMAIN-20869,EAST RIO HONDO LOZANO WWTP,Facility Other,,12110208,,,,,26.211,-97.532,,,,Interpolation-Satellite,NAD83,,,,,,,US,48,061,,,,,,,,,,STORET,0,12110208,South Laguna Madre,False,False,False,False,False,False,True,True,False,False,False,POINT (-97.532 26.211)
TCEQMAIN,Texas Commission on Environmental Quality,TCEQMAIN-20879,MCAULIFFE MIDDLE SCHOOL STORMWATER DETENTION FACILITY OUTLET,Land Runoff,,12110208,,,,,26.2375,-98.2486,,,,Interpolation-Satellite,NAD83,,,,,,,US,48,215,,,,,,,,,,STORET,0,12110208,South Laguna Madre,False,False,True,False,False,False,True,True,False,False,False,POINT (-98.2486 26.2375)
TCEQMAIN,Texas Commission on Environmental Quality,TCEQMAIN-20901,MCALLEN DOG PARK DRAIN INLET AT TAMARACK AVENUE,Land Runoff,,12110208,,,,,26.2206,-98.221,,,,Interpolation-Satellite,NAD83,,,,,,,US,48,215,,,,,,,,,,STORET,0,12110208,South Laguna Madre,False,False,True,False,False,False,True,True,False,False,False,POINT (-98.221 26.2206)
TCEQMAIN,Texas Commission on Environmental Quality,TCEQMAIN-20902,MCAULIFFE MIDDLE SCHOOL STORMWATER DETENTION FACILITY INLET,Land Runoff,,12110208,,,,,26.234,-98.2527,,,,Interpolation-Satellite,NAD83,,,,,,,US,48,215,,,,,,,,,,STORET,0,12110208,South Laguna Madre,False,False,True,False,False,False,True,True,False,False,False,POINT (-98.2527 26.234)
TCEQMAIN,Texas Commission on Environmental Quality,TCEQMAIN-20903,MCALLEN DOG PARK DRAIN OUTLET AT TAMARACK AVENUE,Land Runoff,,12110208,,,,,26.2206,-98.221,,,,Interpolation-Satellite,NAD83,,,,,,,US,48,215,,,,,,,,,,STORET,0,12110208,South Laguna Madre,False,False,True,False,False,False,True,True,False,False,False,POINT (-98.221 26.2206)
TCEQMAIN,Texas Commission on Environmental Quality,TCEQMAIN-20908,MORRIS MIDDLE SCHOOL STORMWATER DETENTION FACILITY INLET,Land Runoff,,12110208,,,,,26.273,-98.2262,,,,Interpolation-Satellite,NAD83,,,,,,,US,48,215,,,,,,,,,,STORET,0,12110208,South Laguna Madre,False,False,True,False,False,False,True,True,False,False,False,POINT (-98.2262 26.273)
TCEQMAIN,Texas Commission on Environmental Quality,TCEQMAIN-20909,MORRIS MIDDLE SCHOOL STORMWATER DETENTION FACILITY OUTLET,Land Runoff,,12110208,,,,,26.2745,-98.2252,,,,Interpolation-Satellite,NAD83,,,,,,,US,48,215,,,,,,,,,,STORET,0,12110208,South Laguna Madre,False,False,True,False,False,False,True,True,False,False,False,POINT (-98.2252 26.2745)
TCEQMAIN,Texas Commission on Environmental Quality,TCEQMAIN-20930,NORTH FLOODWAY AT US 77,Canal Drainage,,12110208,,,,,26.3148,-97.7772,,,,Interpolation-Satellite,NAD83,,,,,,,US,48,061,,,,,,,,,,STORET,0,12110208,South Laguna Madre,True,True,True,False,True,False,True,True,False,False,False,POINT (-97.7772 26.3148)
TCEQMAIN,Texas Commission on Environmental Quality,TCEQMAIN-21012,RIO GRANDE RIVER OFF SHUERBACH ROAD CAMS 792,River/Stream,,13090002,,,,,26.1712,-98.364,,,,Interpolation-Photo,NAD83,,,,,,,US,48,215,,,,,,,,,,STORET,1,13090002,Lower Rio Grande,True,True,True,True,True,False,True,True,False,False,False,POINT (-98.364 26.1712)
TCEQMAIN,Texas Commission on Environmental Quality,TCEQMAIN-21101,RIO GRANDE RIVER AT UNITED IRRIG DSTRCT MISSION TX CANAL,River/Stream,,13090002,,,,,26.1833,-98.4053,,,,Interpolation-Photo,NAD83,,,,,,,US,48,215,,,,,,,,,,STORET,1,13090002,Lower Rio Grande,False,False,False,False,False,False,False,False,False,False,False,POINT (-98.4053 26.1833)
TCEQMAIN,Texas Commission on Environmental Quality,TCEQMAIN-21120,LOWER LAGUNA MADRE SOUTH OF MOUTH OF ARROYO COLORADO,Estuary,,12110208,,,,,26.3537,-97.3142,,,,Unknown,NAD83,,,,,,,US,48,061,,,,,,,,,,STORET,0,12110208,South Laguna Madre,True,True,True,False,True,False,True,True,False,False,False,POINT (-97.3142 26.3537)
TCEQMAIN,Texas Commission on Environmental Quality,TCEQMAIN-21121,LAGUNA MADRE APPROX 1.5 K WEST OF BAY SHORE OF SOUTH PADRE ISLAND,Estuary,,12110208,,,,,26.1406,-97.1908,,,,Unknown,NAD83,,,,,,,US,48,061,,,,,,,,,,STORET,0,12110208,South Laguna Madre,True,True,True,False,False,False,True,False,False,False,False,POINT (-97.1908 26.1406)
TCEQMAIN,Texas Commission on Environmental Quality,TCEQMAIN-21122,SOUTH BAY SOUTH OF CUT AND WEST OF BRAZOS ISLAND,Estuary,,12110208,,,,,26.0351,-97.1772,,,,Unknown,NAD83,,,,,,,US,48,061,,,,,,,,,,STORET,0,12110208,South Laguna Madre,True,True,True,False,False,False,True,False,False,False,False,POINT (-97.1772 26.0351)
TCEQMAIN,Texas Commission on Environmental Quality,TCEQMAIN-21194,UNNAMED DITCH WEST SIDE OF S RIVER ROAD,Canal Irrigation,,12110208,,,,,26.1221,-98.061,,,,Unknown,NAD83,,,,,,,US,48,215,,,,,,,,,,STORET,0,12110208,South Laguna Madre,True,True,True,False,False,False,True,True,False,False,False,POINT (-98.061 26.1221)
TCEQMAIN,Texas Commission on Environmental Quality,TCEQMAIN-21195,UNMD DRAIN DITCH 0.98 KM SE OF MILE4 N AND FM491,Canal Drainage,,12110208,,,,,26.1109,-97.8917,,,,Interpolation-Photo,NAD83,,,,,,,US,48,215,,,,,,,,,,STORET,0,12110208,South Laguna Madre,True,True,True,False,False,False,True,True,False,False,False,POINT (-97.8917 26.1109)
TCEQMAIN,Texas Commission on Environmental Quality,TCEQMAIN-21509,OUT OF STREAM VNC-PSR AT VALLEY NATURE CENTER,Land Runoff,,12110208,,,,,26.1591,-97.9974,,,,GPS Code (Pseudo Range) Differential,NAD83,,,,,,,US,48,215,,,,,,,,,,STORET,0,12110208,South Laguna Madre,False,False,True,False,False,False,False,False,False,False,False,POINT (-97.9974 26.1591)
TCEQMAIN,Texas Commission on Environmental Quality,TCEQMAIN-21510,OUT OF STREAM VNC-PWT AT VALLEY NATURE CENTER,Land Runoff,,12110208,,,,,26.1591,-97.9974,,,,GPS Code (Pseudo Range) Differential,NAD83,,,,,,,US,48,215,,,,,,,,,,STORET,0,12110208,South Laguna Madre,False,False,True,False,False,False,False,False,False,False,False,POINT (-97.9974 26.1591)
TCEQMAIN,Texas Commission on Environmental Quality,TCEQMAIN-21511,OUT OF STREAM VNC-RHS 1 AT VALLEY NATURE CENTER,Land Runoff,,12110208,,,,,26.1593,-97.9973,,,,GPS Code (Pseudo Range) Differential,NAD83,,,,,,,US,48,215,,,,,,,,,,STORET,0,12110208,South Laguna Madre,False,False,False,False,False,False,False,False,False,False,False,POINT (-97.9973 26.1593)
TCEQMAIN,Texas Commission on Environmental Quality,TCEQMAIN-21512,OUT OF STREAM VNC-TW AT VALLEY NATURE CENTER,Constructed Wetland,,12110208,,,,,26.1595,-97.9973,,,,GPS Code (Pseudo Range) Differential,NAD83,,,,,,,US,48,215,,,,,,,,,,STORET,0,12110208,South Laguna Madre,False,False,False,False,False,False,False,False,False,False,False,POINT (-97.9973 26.1595)
TCEQMAIN,Texas Commission on Environmental Quality,TCEQMAIN-21522,RIO GRANDE RIVER 165 METERS UPSTREAM OF THE LAS FLORES PROGRESO INTERNATIONAL BRIDGE/FM 1015,River/Stream,,,,,,,26.0622,-97.9516,,,,Interpolation-Photo,WGS84,,,,,,,US,48,215,,,,,,,,,,STORET,1,13090002,Lower Rio Grande,False,False,True,True,False,False,True,True,False,False,False,POINT (-97.9516 26.0622)
TCEQMAIN,Texas Commission on Environmental Quality,TCEQMAIN-21523,RIO GRANDE RIVER DISCHARGE POINT ON US SIDE LEFT BANK 1.59 KILOMETERS SOUTH AND 720 METERS EAST FROM THE INTERSECTION OF MILITARY ROAD AND SHARYLAND ROAD AND SHARY ROAD,"Pipe, Unspecified Source",,13090002,,,,,26.1212,-98.2916,,,,Interpolation-Photo,WGS84,,,,,,,US,48,215,,,,,,,,,,STORET,1,13090002,Lower Rio Grande,False,False,True,True,False,False,True,True,False,False,False,POINT (-98.2916 26.1212)
TCEQMAIN,Texas Commission on Environmental Quality,TCEQMAIN-21524,RIO GRANDE RIVER STORM WATER DISCHARGE POINT ON US SIDE LEFT BANK 395 METERS WEST AND 50 METERS NORTH FROM THE INTERSECTION OF WEST COMA AVENUE AND EAST TEXANO DR/OLD MILITARY ROAD,Storm Sewer,,13090002,,,,,26.1061,-98.2708,,,,Interpolation-Photo,WGS84,,,,,,,US,48,215,,,,,,,,,,STORET,1,13090002,Lower Rio Grande,False,False,True,True,False,False,True,True,False,False,False,POINT (-98.2708 26.1061)
TCEQMAIN,Texas Commission on Environmental Quality,TCEQMAIN-21525,UNNAMED TRIBUTARY AT THE CONFLUENCE OF THE RIO GRANDE RIVER ON MEXICO SIDE 110 METERS NORTH AND 75 METERS EAST FROM THE INTERSECTION OF DEL BORDO AND 20 DE NOVIEMBRE,River/Stream,,,,,,,26.1003,-98.2836,,,,Interpolation-Photo,WGS84,,,,,,,,,,,,,,,,,,,STORET,1,13090002,Lower Rio Grande,False,False,True,True,False,False,True,True,False,False,False,POINT (-98.2836 26.1003)
TCEQMAIN,Texas Commission on Environmental Quality,TCEQMAIN-21526,RIO GRANDE RIVER DISCHARGE POINT ON US SIDE LEFT BANK 400 METERS DOWNSTREAM FROM EL ANHELO DRAIN,"Pipe, Unspecified Source",,13090002,,,,,26.0773,-98.2235,,,,Interpolation-Photo,WGS84,,,,,,,US,48,215,,,,,,,,,,STORET,1,13090002,Lower Rio Grande,False,False,True,True,False,False,True,False,False,False,False,POINT (-98.2235 26.0773)
TCEQMAIN,Texas Commission on Environmental Quality,TCEQMAIN-21527,EL ANHELO DRAIN AT CONFLUENCE OF THE RIO GRANDE RIVER,River/Stream,,,,,,,26.077,-98.2275,,,,Interpolation-Photo,WGS84,,,,,,,,,,,,,,,,,,,STORET,1,13090002,Lower Rio Grande,False,False,True,True,False,False,True,True,False,False,False,POINT (-98.2275 26.077)
TCEQMAIN,Texas Commission on Environmental Quality,TCEQMAIN-21528,RIO GRANDE RIVER RIO GRANDE CITY WWTP DISCHARGE WQ0010802-001,Waste Sewer,,13090001,,,,,26.3681,-98.8047,,,,Interpolation-Photo,WGS84,,,,,,,US,48,427,,,,,,,,,,STORET,2,13090001,Los Olmos,False,False,False,True,False,False,True,True,False,False,False,POINT (-98.8047 26.3681)
TCEQMAIN,Texas Commission on Environmental Quality,TCEQMAIN-21529,LOS OLMOS CREEK AT THE CONFLUENCE WITH THE RIO GRANDE RIVER,River/Stream,,13090001,,,,,26.3585,-98.7974,,,,Interpolation-Photo,WGS84,,,,,,,US,48,427,,,,,,,,,,STORET,2,13090001,Los Olmos,False,False,False,True,False,False,True,False,False,False,False,POINT (-98.7974 26.3585)
TCEQMAIN,Texas Commission on Environmental Quality,TCEQMAIN-21536,OUT OF STREAM LA FERIA REC CENTER PERMEABLE PARKING LOT,Land Runoff,,12110208,,,,,26.1499,-97.8327,,,,GPS Code (Pseudo Range) Differential,NAD83,,,,,,,US,48,061,,,,,,,,,,STORET,0,12110208,South Laguna Madre,False,False,True,False,False,False,False,False,False,False,False,POINT (-97.8327 26.1499)
TCEQMAIN,Texas Commission on Environmental Quality,TCEQMAIN-21537,OUT OF STREAM LA FERIA REC CENTER TRADITIONAL PARKING LOT,Land Runoff,,12110208,,,,,26.15,-97.8327,,,,GPS Code (Pseudo Range) Differential,NAD83,,,,,,,US,48,061,,,,,,,,,,STORET,0,12110208,South Laguna Madre,False,False,True,False,False,False,False,False,False,False,False,POINT (-97.8327 26.15)
TCEQMAIN,Texas Commission on Environmental Quality,TCEQMAIN-21538,OUT OF STREAM LA FERIA REC CENTER RAIN GAUGE,Land Runoff,,12110208,,,,,26.15,-97.8327,,,,GPS Code (Pseudo Range) Differential,NAD83,,,,,,,US,48,061,,,,,,,,,,STORET,0,12110208,South Laguna Madre,False,False,False,False,False,False,False,False,False,False,False,POINT (-97.8327 26.15)
TCEQMAIN,Texas Commission on Environmental Quality,TCEQMAIN-21554,OUT OF STREAM VNC-RAIN GAUGE AT VALLEY NATURE CENTER,Land Runoff,,12110208,,,,,26.1596,-97.9973,,,,GPS Code (Pseudo Range) Differential,NAD83,,,,,,,US,48,215,,,,,,,,,,STORET,0,12110208,South Laguna Madre,False,False,False,False,False,False,False,False,False,False,False,POINT (-97.9973 26.1596)
TCEQMAIN,Texas Commission on Environmental Quality,TCEQMAIN-21573,RIO GRANDE DOWNSTREAM OF FALCON DAM,River/Stream,,13090001,,,,,26.5457,-99.1713,,,,Interpolation-Photo,WGS84,,,,,,,US,48,427,,,,,,,,,,STORET,2,13090001,Los Olmos,False,False,False,False,False,False,False,False,False,False,False,POINT (-99.1713 26.5457)
TCEQMAIN,Texas Commission on Environmental Quality,TCEQMAIN-21591,ARROYO LOS OLMOS UPSTREAM OF RIO GRANDE,River/Stream,,13090001,,,,,26.3601,-98.795,,,,Interpolation-Photo,NAD83,,,,,,,US,48,427,,,,,,,,,,STORET,2,13090001,Los Olmos,True,True,True,True,True,False,True,True,False,False,False,POINT (-98.795 26.3601)
TCEQMAIN,Texas Commission on Environmental Quality,TCEQMAIN-21592,RIO GRANDE AT DONNA PUMP,River/Stream,,13090002,,,,,26.0659,-98.0755,,,,Interpolation-Photo,NAD83,,,,,,,US,48,215,,,,,,,,,,STORET,1,13090002,Lower Rio Grande,False,False,False,False,False,False,False,False,False,False,False,POINT (-98.0755 26.0659)
TCEQMAIN,Texas Commission on Environmental Quality,TCEQMAIN-21593,RIO GRANDE AT SANTA MARIA PUMP,River/Stream,,13090002,,,,,26.0533,-97.8558,,,,Interpolation-Photo,NAD83,,,,,,,US,48,061,,,,,,,,,,STORET,1,13090002,Lower Rio Grande,False,False,False,False,False,False,False,False,False,False,False,POINT (-97.8558 26.0533)
TCEQMAIN,Texas Commission on Environmental Quality,TCEQMAIN-21602,RIO GRANDE RIVER SILAS RAY BROWNSVILLE POWER PLANT WQ0003096-000,"Pipe, Unspecified Source",,12110208,,,,,25.9139,-97.5232,,,,Interpolation-Photo,WGS84,,,,,,,US,48,061,,,,,,,,,,STORET,0,12110208,South Laguna Madre,False,False,False,False,False,False,False,False,False,False,False,POINT (-97.5232 25.9139)
TCEQMAIN,Texas Commission on Environmental Quality,TCEQMAIN-21603,RIO GRANDE RIVER BROWNSVILLE SOUTHSIDE WASTEWATER TREATMENT PLANT TPDES WQ0010397-003,"Pipe, Unspecified Source",,12110208,,,,,25.8977,-97.4685,,,,Interpolation-Photo,WGS84,,,,,,,US,48,061,,,,,,,,,,STORET,0,12110208,South Laguna Madre,False,False,False,False,False,False,False,False,False,False,False,POINT (-97.4685 25.8977)
TCEQMAIN,Texas Commission on Environmental Quality,TCEQMAIN-21604,RIO GRANDE RIVER PENITAS WASTEWATER TREATMENT PLANT WQ0014884-001,"Pipe, Unspecified Source",,12110208,,,,,26.2282,-98.4399,,,,Interpolation-Photo,WGS84,,,,,,,US,48,215,,,,,,,,,,STORET,0,12110208,South Laguna Madre,False,False,False,False,False,False,False,False,False,False,False,POINT (-98.4399 26.2282)
TCEQMAIN,Texas Commission on Environmental Quality,TCEQMAIN-21605,RIO GRANDE RIVER LA JOYA WASTEWATER TREATMENT FACILITY WQ0012675-001,"Pipe, Unspecified Source",,13090001,,,,,26.2289,-98.4885,,,,Interpolation-Photo,WGS84,,,,,,,US,48,215,,,,,,,,,,STORET,2,13090001,Los Olmos,False,False,False,False,False,False,False,False,False,False,False,POINT (-98.4885 26.2289)
TCEQMAIN,Texas Commission on Environmental Quality,TCEQMAIN-21606,RIO GRANDE RIVER LA JOYA WASTEWATER TREATMENT FACILITY OUTFALL WQ0012675-001,"Pipe, Unspecified Source",,13090001,,,,,26.2135,-98.4911,,,,Interpolation-Photo,WGS84,,,,,,,US,48,215,,,,,,,,,,STORET,2,13090001,Los Olmos,False,False,False,False,False,False,False,False,False,False,False,POINT (-98.4911 26.2135)
TCEQMAIN,Texas Commission on Environmental Quality,TCEQMAIN-21607,RIO GRANDE RIVER LA JOYA ISD WASTEWATER TREATMENT PLANT WQ0013523-006,"Pipe, Unspecified Source",,13090001,,,,,26.2652,-98.5506,,,,Interpolation-Photo,WGS84,,,,,,,US,48,215,,,,,,,,,,STORET,2,13090001,Los Olmos,False,False,False,False,False,False,False,False,False,False,False,POINT (-98.5506 26.2652)
TCEQMAIN,Texas Commission on Environmental Quality,TCEQMAIN-21608,RIO GRANDE RIVER AGUA SUD WASTEWATER TREATMENT PLANT OUTFALL WQ0014415-001,"Pipe, Unspecified Source",,13090001,,,,,26.2599,-98.5736,,,,Interpolation-Photo,WGS84,,,,,,,US,48,215,,,,,,,,,,STORET,2,13090001,Los Olmos,False,False,False,False,False,False,False,False,False,False,False,POINT (-98.5736 26.2599)
TCEQMAIN,Texas Commission on Environmental Quality,TCEQMAIN-21609,RIO GRANDE RIVER UNION WSC WASTEWATER TREATMENT PLANT WQ0014313-001,"Pipe, Unspecified Source",,13090001,,,,,26.3208,-98.7155,,,,Interpolation-Photo,WGS84,,,,,,,US,48,427,,,,,,,,,,STORET,2,13090001,Los Olmos,False,False,False,False,False,False,False,False,False,False,False,POINT (-98.7155 26.3208)
TCEQMAIN,Texas Commission on Environmental Quality,TCEQMAIN-21610,RIO GRANDE RIVER UNION WSC WASTEWATER TREATMENT PLANT WQ0014313-001,"Pipe, Unspecified Source",,13090001,,,,,26.2874,-98.6991,,,,Interpolation-Photo,WGS84,,,,,,,US,48,427,,,,,,,,,,STORET,2,13090001,Los Olmos,False,False,False,False,False,False,False,False,False,False,False,POINT (-98.6991 26.2874)
TCEQMAIN,Texas Commission on Environmental Quality,TCEQMAIN-21611,RIO GRANDE RIVER RIO GRANDE CITY WASTEWATER TREATMENT PLANT WQ0010802-001,"Pipe, Unspecified Source",,13090001,,,,,26.3697,-98.8052,,,,Interpolation-Photo,WGS84,,,,,,,US,48,427,,,,,,,,,,STORET,2,13090001,Los Olmos,False,False,False,False,False,False,False,False,False,False,False,POINT (-98.8052 26.3697)
TCEQMAIN,Texas Commission on Environmental Quality,TCEQMAIN-21612,RIO GRANDE RIVER ROMA WASTEWATER TREATMENT PLANT WQ0011212-002,"Pipe, Unspecified Source",,13090001,,,,,26.3991,-99.0027,,,,Interpolation-Photo,WGS84,,,,,,,US,48,427,,,,,,,,,,STORET,2,13090001,Los Olmos,False,False,False,False,False,False,False,False,False,False,False,POINT (-99.0027 26.3991)
TCEQMAIN,Texas Commission on Environmental Quality,TCEQMAIN-21613,RIO GRANDE RIVER ROMA WATER TREATMENT PLANT TPDES WQ0011212-003,"Pipe, Unspecified Source",,13090001,,,,,26.4069,-99.0199,,,,Interpolation-Photo,WGS84,,,,,,,US,48,427,,,,,,,,,,STORET,2,13090001,Los Olmos,False,False,False,False,False,False,False,False,False,False,False,POINT (-99.0199 26.4069)
TCEQMAIN,Texas Commission on Environmental Quality,TCEQMAIN-21749,RIO GRANDE APPROX 380 METERS DOWNSTREAM OF CONFLUENCE WITH LOS OLMOS CREEK,River/Stream,,13090001,,,,,26.3553,-98.7972,,,,GPS Code (Pseudo Range) Differential,NAD83,,,,,,,US,48,427,,,,,,,,,,STORET,2,13090001,Los Olmos,True,True,True,True,True,False,True,True,False,False,False,POINT (-98.7972 26.3553)
TCEQMAIN,Texas Commission on Environmental Quality,TCEQMAIN-21944,TRADITIONAL PAVEMENT CORNER OF PECAN AND N 29TH ST MCALLEN,Land Runoff,,12110208,,,,,26.2189,-98.2517,,,,GPS-Unspecified,NAD83,,,,,,,US,48,215,,,,,,,,,,STORET,0,12110208,South Laguna Madre,False,False,True,False,False,False,True,True,False,False,False,POINT (-98.2517 26.2189)
TCEQMAIN,Texas Commission on Environmental Quality,TCEQMAIN-21945,BIOSWALE AT CORNER OF PECAN ST AND N 29TH ST,Land Runoff,,12110208,,,,,26.2188,-98.2518,,,,GPS-Unspecified,NAD83,,,,,,,US,48,215,,,,,,,,,,STORET,0,12110208,South Laguna Madre,False,False,True,False,False,False,True,True,False,False,False,POINT (-98.2518 26.2188)
TCEQMAIN,Texas Commission on Environmental Quality,TCEQMAIN-21966,OUT OF STREAM MONTE BELLA TRAIL PARK OUTFLOW IMPERVIOUS PARKINGLOT/TRADITIONAL PARKINGLOT,Land Runoff,,12110208,,,,,25.956,-97.5409,,,,GPS-Unspecified,NAD83,,,,,,,US,48,061,,,,,,,,,,STORET,0,12110208,South Laguna Madre,False,False,True,False,False,False,False,False,False,False,False,POINT (-97.5409 25.956)
TCEQMAIN,Texas Commission on Environmental Quality,TCEQMAIN-21967,OUT OF STREAM MONTE BELLA TRAIL PARK OUTFLOW PERVIOUS PARKINGLOT,Land Runoff,,12110208,,,,,25.9558,-97.541,,,,GPS-Unspecified,NAD83,,,,,,,US,48,061,,,,,,,,,,STORET,0,12110208,South Laguna Madre,False,False,True,False,False,False,False,False,False,False,False,POINT (-97.541 25.9558)
TCEQMAIN,Texas Commission on Environmental Quality,TCEQMAIN-21968,OUT OF STREAM MONTE BELLA TRAIL PARK INFLOW BIOSWALE AND RAIN GAUGE,Land Runoff,,12110208,,,,,25.9558,-97.5408,,,,GPS-Unspecified,NAD83,,,,,,,US,48,061,,,,,,,,,,STORET,0,12110208,South Laguna Madre,False,False,False,False,False,False,False,False,False,False,False,POINT (-97.5408 25.9558)
TCEQMAIN,Texas Commission on Environmental Quality,TCEQMAIN-21969,OUT OF STREAM MONTE BELLA TRAIL PARK OUTFLOW BIOSWALE,Land Runoff,,12110208,,,,,25.9556,-97.5409,,,,GPS-Unspecified,NAD83,,,,,,,US,48,061,,,,,,,,,,STORET,0,12110208,South Laguna Madre,False,False,False,False,False,False,False,False,False,False,False,POINT (-97.5409 25.9556)
TCEQMAIN,Texas Commission on Environmental Quality,TCEQMAIN-21970,OUT OF STREAM CASCADE PARK OUTFLOW PERVIOUS PARKINGLOT AND RAIN GAUGE,Land Runoff,,12110208,,,,,25.9589,-97.4581,,,,GPS-Unspecified,NAD83,,,,,,,US,48,061,,,,,,,,,,STORET,0,12110208,South Laguna Madre,False,False,True,False,False,False,False,False,False,False,False,POINT (-97.4581 25.9589)
TCEQMAIN,Texas Commission on Environmental Quality,TCEQMAIN-21971,OUT OF STREAM CASCADE PARK OUTFLOW BIOSWALE,Land Runoff,,12110208,,,,,25.9589,-97.4581,,,,GPS-Unspecified,NAD83,,,,,,,US,48,061,,,,,,,,,,STORET,0,12110208,South Laguna Madre,False,False,True,False,False,False,True,True,False,False,False,POINT (-97.4581 25.9589)
TCEQMAIN,Texas Commission on Environmental Quality,TCEQMAIN-21977,RIO GRANDE HARLINGEN ID 1 C789,River/Stream,,13090002,,,,,26.0478,-97.7683,,,,Interpolation-Photo,NAD83,,,,,,,US,48,061,,,,,,,,,,STORET,1,13090002,Lower Rio Grande,False,False,False,False,False,False,False,False,False,False,False,POINT (-97.7683 26.0478)
TCEQMAIN,Texas Commission on Environmental Quality,TCEQMAIN-21979,SOUTH RIO RICO RD AT RIO GRANDE RIVER,River/Stream,,13090002,,,,,26.0616,-97.9,,,,Interpolation-Photo,NAD83,,,,,,,US,48,215,,,,,,,,,,STORET,1,13090002,Lower Rio Grande,False,False,False,False,False,False,False,False,False,False,False,POINT (-97.9 26.0616)
TCEQMAIN,Texas Commission on Environmental Quality,TCEQMAIN-21980,1.22 MILES DOWNSTREAM OF THE PETE DIAZ BRIDGE,River/Stream,,13090001,,,,,26.3419,-98.7911,,,,Interpolation-Photo,NAD83,,,,,,,US,48,427,,,,,,,,,,STORET,2,13090001,Los Olmos,False,False,False,False,False,False,False,False,False,False,False,POINT (-98.7911 26.3419)
TCEQMAIN,Texas Commission on Environmental Quality,TCEQMAIN-21988,OUT OF STREAM MONTE BELLA TRAIL PARK OUTFLOW PERMEABLE WALKING TRAIL,Land Runoff,,12110208,,,,,25.9557,-97.5412,,,,GPS-Unspecified,NAD83,,,,,,,US,48,061,,,,,,,,,,STORET,0,12110208,South Laguna Madre,False,False,True,False,False,False,False,False,False,False,False,POINT (-97.5412 25.9557)
TCEQMAIN,Texas Commission on Environmental Quality,TCEQMAIN-21989,OUT OF STREAM WESLACO PUBLIC LIBRARY RAINWATER HARVESTING SYSTEM AND RAIN GAUGE,Land Runoff,,12110208,,,,,26.1559,-97.9892,,,,GPS-Unspecified,NAD83,,,,,,,US,48,215,,,,,,,,,,STORET,0,12110208,South Laguna Madre,False,False,False,False,False,False,False,False,False,False,False,POINT (-97.9892 26.1559)
TCEQMAIN,Texas Commission on Environmental Quality,TCEQMAIN-22003,HIDALGO MAIN FLOODWATER CHANNEL AT FM 1420,Canal Drainage,,12110208,,,,,26.439,-97.6137,,,,Interpolation-Satellite,NAD83,,,,,,,US,48,489,,,,,,,,,,STORET,0,12110208,South Laguna Madre,True,True,True,True,True,False,True,True,True,False,False,POINT (-97.6137 26.439)
TCEQMAIN,Texas Commission on Environmental Quality,TCEQMAIN-22004,RAYMONDVILLE DRAIN AT WILLACY COUNTY ROAD 445,Canal Drainage,,12110208,,,,,26.5122,-97.6262,,,,Interpolation-Satellite,NAD83,,,,,,,US,48,489,,,,,,,,,,STORET,0,12110208,South Laguna Madre,True,True,True,True,True,False,True,True,True,False,False,POINT (-97.6262 26.5122)
TCEQMAIN,Texas Commission on Environmental Quality,TCEQMAIN-22116,LAGUNA MADRE  NEAR SARGENT BEACH,Estuary,,12110208,,,,,26.1428,-97.1783,25000.0,,,Interpolation-Map,NAD83,,,,,,,US,48,061,,,,,,,,,,STORET,0,12110208,South Laguna Madre,False,False,False,False,False,False,False,False,False,False,False,POINT (-97.1783 26.1428)
TCEQMAIN,Texas Commission on Environmental Quality,TCEQMAIN-22117,GULF OF MEXICO AT ISLA BLANCA PARK,Ocean,,12110208,,,,,26.0756,-97.1575,25000.0,,,Interpolation-Map,NAD83,,,,,,,US,48,061,,,,,,,,,,STORET,0,12110208,South Laguna Madre,False,False,False,False,False,False,False,False,False,False,False,POINT (-97.1575 26.0756)
TCEQMAIN,Texas Commission on Environmental Quality,TCEQMAIN-22118,CAMERON COUNTY DRAINAGE DISTRICT NO.1 (CCDD1) DITCH NO. 2 AT OLD PORT ISABEL ROAD,Canal Drainage,,12110208,,,,,26.0492,-97.398,,,,Unknown,NAD83,,,,,,,US,48,061,,,,,,,,,,STORET,0,12110208,South Laguna Madre,True,True,True,False,False,False,True,True,False,False,True,POINT (-97.398 26.0492)
TCEQMAIN,Texas Commission on Environmental Quality,TCEQMAIN-22120,CAMERON COUNTY DRAINAGE DISTRICT NO.1 (CCDD1) DITCH NO.1 AT THE BROWNSVILLE PUBLIC WORKS DEPARTMENT,Canal Drainage,,12110208,,,,,25.9429,-97.4366,,,,Interpolation-Photo,NAD83,,,,,,,US,48,061,,,,,,,,,,STORET,0,12110208,South Laguna Madre,True,True,True,False,False,False,True,True,False,False,True,POINT (-97.4366 25.9429)
TCEQMAIN,Texas Commission on Environmental Quality,TCEQMAIN-22121,CAMERON COUNTY DRAINAGE DISTRICT NO.1 (CCDD1) OLD MAIN DRAIN NO. 2 AT THE CITY OF BROWNSVILLE LANDFILL,Canal Drainage,,12110208,,,,,25.9365,-97.3783,,,,Unknown,NAD83,,,,,,,US,48,061,,,,,,,,,,STORET,0,12110208,South Laguna Madre,True,True,True,False,False,False,True,True,False,False,True,POINT (-97.3783 25.9365)
TCEQMAIN,Texas Commission on Environmental Quality,TCEQMAIN-22170,SAN MARTIN LAKE MID ESTUARY,Estuary,,12110208,,,,,26.0093,-97.3202,,,,GPS-Unspecified,NAD83,,,,,,,US,48,061,,,,,,,,,,STORET,0,12110208,South Laguna Madre,True,True,True,True,True,False,True,True,True,False,False,POINT (-97.3202 26.0093)
TCEQMAIN,Texas Commission on Environmental Quality,TCEQMAIN-22262,OUT OF STREAM LA ESQUINA COLONIA RIVER ROCK BIORETENTION INFLOW LOCATION IN LOS FRESNOS TEXAS,Land Runoff,,12110208,,,,,26.1265,-97.467,,,,Unknown,WGS84,,,,,,,US,48,061,,,,,,,,,,STORET,0,12110208,South Laguna Madre,False,False,False,False,False,False,False,False,False,False,False,POINT (-97.467 26.1265)
TCEQMAIN,Texas Commission on Environmental Quality,TCEQMAIN-22263,OUT OF STREAM LA ESQUINA COLONIA RIVER ROCK BIORETENTION OUTFLOW LOCATION IN LOS FRESNOS TEXAS,Land Runoff,,12110208,,,,,26.1265,-97.4674,,,,Unknown,WGS84,,,,,,,US,48,061,,,,,,,,,,STORET,0,12110208,South Laguna Madre,False,False,False,False,False,False,False,False,False,False,False,POINT (-97.4674 26.1265)
TCEQMAIN,Texas Commission on Environmental Quality,TCEQMAIN-22265,OUT OF STREAM LA ESQUINA COLONIA CONCRETE BIORETENTION INFLOW LOCATION IN LOS FRESNOS TEXAS,Land Runoff,,12110208,,,,,26.1264,-97.467,,,,Unknown,WGS84,,,,,,,US,48,061,,,,,,,,,,STORET,0,12110208,South Laguna Madre,False,False,False,False,False,False,False,False,False,False,False,POINT (-97.467 26.1264)
TCEQMAIN,Texas Commission on Environmental Quality,TCEQMAIN-22266,OUT OF STREAM LA ESQUINA COLONIA CONCRETE BIORETENTION OUTFLOW LOCATION IN LOS FRESNOS TEXAS,Land Runoff,,12110208,,,,,26.1265,-97.4674,,,,Unknown,WGS84,,,,,,,US,48,061,,,,,,,,,,STORET,0,12110208,South Laguna Madre,False,False,False,False,False,False,False,False,False,False,False,POINT (-97.4674 26.1265)
TCEQMAIN,Texas Commission on Environmental Quality,TCEQMAIN-22267,OUT OF STREAM PARKING LOT PUMICE BIOSWALE INFLOW AT UTRGV CAMPUS,Land Runoff,,12110208,,,,,26.3087,-98.1743,,,,Unknown,WGS84,,,,,,,US,48,215,,,,,,,,,,STORET,0,12110208,South Laguna Madre,False,False,True,False,False,False,True,True,False,False,False,POINT (-98.1743 26.3087)
TCEQMAIN,Texas Commission on Environmental Quality,TCEQMAIN-22268,OUT OF STREAM PARKING LOT PUMICE BIOSWALE OUTFLOW AT UTRGV CAMPUS,Land Runoff,,12110208,,,,,26.3087,-98.1742,,,,Unknown,WGS84,,,,,,,US,48,215,,,,,,,,,,STORET,0,12110208,South Laguna Madre,False,False,True,False,False,False,True,True,False,False,False,POINT (-98.1742 26.3087)
TCEQMAIN,Texas Commission on Environmental Quality,TCEQMAIN-22269,OUT OF STREAM PARKING LOT MANUFACTURED SAND BIOSWALE INFLOW AT UTRGV CAMPUS,Land Runoff,,12110208,,,,,26.3089,-98.1742,,,,Unknown,WGS84,,,,,,,US,48,215,,,,,,,,,,STORET,0,12110208,South Laguna Madre,False,False,True,False,False,False,True,True,False,False,False,POINT (-98.1742 26.3089)
TCEQMAIN,Texas Commission on Environmental Quality,TCEQMAIN-22270,OUT OF STREAM PARKING LOT MANUFACTURED SAND BIOSWALE OUTFLOW AT UTRGV CAMPUS,Land Runoff,,12110208,,,,,26.3088,-98.1741,,,,Unknown,WGS84,,,,,,,US,48,215,,,,,,,,,,STORET,0,12110208,South Laguna Madre,False,False,True,False,False,False,True,True,False,False,False,POINT (-98.1741 26.3088)
TCEQMAIN,Texas Commission on Environmental Quality,TCEQMAIN-22271,OUT OF STREAM PARKING LOT RECYCLED GLASS BIOSWALE INFLOW AT UTRGV CAMPUS,Land Runoff,,12110208,,,,,26.3094,-98.1739,,,,Unknown,WGS84,,,,,,,US,48,215,,,,,,,,,,STORET,0,12110208,South Laguna Madre,False,False,False,False,False,False,False,False,False,False,False,POINT (-98.1739 26.3094)
TCEQMAIN,Texas Commission on Environmental Quality,TCEQMAIN-22272,OUT OF STREAM PARKING LOT RECYCLED GLASS BIOSWALE OUTFLOW AT UTRGV CAMPUS,Land Runoff,,12110208,,,,,26.3093,-98.1739,,,,Unknown,WGS84,,,,,,,US,48,215,,,,,,,,,,STORET,0,12110208,South Laguna Madre,False,False,False,False,False,False,False,False,False,False,False,POINT (-98.1739 26.3093)
TCEQMAIN,Texas Commission on Environmental Quality,TCEQMAIN-22273,OUT OF STREAM PARKING LOT NATURAL SAND BIOSWALE INFLOW AT UTRGV CAMPUS,Land Runoff,,12110208,,,,,26.3096,-98.1741,,,,Unknown,WGS84,,,,,,,US,48,215,,,,,,,,,,STORET,0,12110208,South Laguna Madre,False,False,False,False,False,False,False,False,False,False,False,POINT (-98.1741 26.3096)
TCEQMAIN,Texas Commission on Environmental Quality,TCEQMAIN-22274,OUT OF STREAM PARKING LOT NATURAL SAND BIOSWALE OUTFLOW AT UTRGV CAMPUS,Land Runoff,,12110208,,,,,26.3095,-98.1739,,,,Unknown,WGS84,,,,,,,US,48,215,,,,,,,,,,STORET,0,12110208,South Laguna Madre,False,False,False,False,False,False,False,False,False,False,False,POINT (-98.1739 26.3095)
TCEQMAIN,Texas Commission on Environmental Quality,TCEQMAIN-22275,RADO ALTERNATE DRAINAGE CHANNEL AT VINE AVENUE AND WARRIOR DRIVE INTERSECTION IN HIDALGO COUNTY,Canal Drainage,,12110208,,,,,26.2288,-98.2664,,,,Unknown,WGS84,,,,,,,US,48,215,,,,,,,,,,STORET,0,12110208,South Laguna Madre,False,False,False,False,False,False,False,False,False,False,False,POINT (-98.2664 26.2288)
TCEQMAIN,Texas Commission on Environmental Quality,TCEQMAIN-22276,MISSION MCALLEN LATERAL DRAINAGE CHANNEL AT DAFFODIL AVENUE AND N BENTSEN ROAD INTERSECTION IN HIDALGO COUNTY,Canal Drainage,,12110208,,,,,26.236,-98.2651,,,,Unknown,WGS84,,,,,,,US,48,215,,,,,,,,,,STORET,0,12110208,South Laguna Madre,False,False,False,False,False,False,False,False,False,False,False,POINT (-98.2651 26.236)
TCEQMAIN,Texas Commission on Environmental Quality,TCEQMAIN-22277,MISSION LATERAL DRAINAGE DITCH CHANNEL AT 2911 NORTH TAYLOR ROAD IN HIDALGO COUNTY,Canal Drainage,,12110208,,,,,26.232,-98.274,,,,Unknown,WGS84,,,,,,,US,48,215,,,,,,,,,,STORET,0,12110208,South Laguna Madre,False,False,False,False,False,False,False,False,False,False,False,POINT (-98.274 26.232)
TCEQMAIN,Texas Commission on Environmental Quality,TCEQMAIN-22401,HACKNEY LAKE INLET AT SOUTH JACKSON ROAD,River/Stream,,12110208,,,,,26.1436,-98.2133,,,,Interpolation-Satellite,NAD83,,,,,,,US,48,215,,,,,,,,,,STORET,0,12110208,South Laguna Madre,True,True,False,False,True,False,True,True,False,False,False,POINT (-98.2133 26.1436)
TCEQMAIN,Texas Commission on Environmental Quality,TCEQMAIN-22402,RIO GRANDE RIVER BOAT LAUNCH AT HIDALGO CR 1598,River/Stream,,13090002,,,,,26.0672,-97.9794,,,,Interpolation-Satellite,NAD83,,,,,,,US,48,215,,,,,,,,,,STORET,1,13090002,Lower Rio Grande,False,False,False,False,True,False,True,True,False,False,False,POINT (-97.9794 26.0672)
TCEQMAIN,Texas Commission on Environmental Quality,TCEQMAIN-22404,RAYMONDVILLE DRAIN AT RODRIGUEZ RD,Canal Drainage,,12110208,,,,,26.5119,-97.6558,,,,Interpolation-Satellite,WGS84,,,,,,,US,48,489,,,,,,,,,,STORET,0,12110208,South Laguna Madre,False,False,False,False,False,False,False,False,False,False,False,POINT (-97.6558 26.5119)
TCEQMAIN,Texas Commission on Environmental Quality,TCEQMAIN-22636,RAYMONDVILLE DRAIN AT WEAVER RD,Canal Drainage,,12110208,,,,,26.5185,-97.8462,,,,Unknown,WGS84,,,,,,,US,48,489,,,,,,,,,,STORET,0,12110208,South Laguna Madre,False,False,False,False,False,False,False,False,False,False,False,POINT (-97.8462 26.5185)
TCEQMAIN,Texas Commission on Environmental Quality,TCEQMAIN-22638,HIDALGO WILLACY MAIN DRAIN AT FM 88,Canal Drainage,,12110208,,,,,26.3316,-97.9843,,,,Unknown,WGS84,,,,,,,US,48,215,,,,,,,,,,STORET,0,12110208,South Laguna Madre,False,False,False,False,False,False,False,False,False,False,False,POINT (-97.9843 26.3316)
TCEQMAIN,Texas Commission on Environmental Quality,TCEQMAIN-22639,US-IBWC NORTH FLOODWAY AT FM 1425,Canal Drainage,,12110208,,,,,26.3126,-97.8636,,,,Unknown,WGS84,,,,,,,US,48,215,,,,,,,,,,STORET,0,12110208,South Laguna Madre,False,False,False,False,False,False,False,False,False,False,False,POINT (-97.8636 26.3126)
