monitoring_location_id,datetime,parameter_code,parameter_description,value,unit,priority_group,huc8
8631901,1950-11-01,00010,"TEMPERATURE, WATER (CELSIUS)",28, C  ,temperature,13090001
8631901,1950-11-01,00400,"PH (STANDARD UNITS), FIELD",7.9000000000000004, SU ,pH,13090001
8632101,1981-06-24,00010,"TEMPERATURE, WATER (CELSIUS)",31, C  ,temperature,13090001
8632101,1950-11-02,00400,"PH (STANDARD UNITS), FIELD",6.5, SU ,pH,13090001
8632101,1981-06-24,00400,"PH (STANDARD UNITS), FIELD",7.2000000000000002, SU ,pH,13090001
8632202,1950-11-02,00400,"PH (STANDARD UNITS), FIELD",7.7000000000000002, SU ,pH,13090001
8632204,1950-11-02,00400,"PH (STANDARD UNITS), FIELD",8.1999999999999993, SU ,pH,13090001
8632301,1950-10-31,00010,"TEMPERATURE, WATER (CELSIUS)",27, C  ,temperature,13090001
8632301,1950-10-31,00400,"PH (STANDARD UNITS), FIELD",8.8000000000000007, SU ,pH,13090001
8632401,1950-12-15,00400,"PH (STANDARD UNITS), FIELD",8, SU ,pH,13090001
8632604,1950-10-31,00400,"PH (STANDARD UNITS), FIELD",8.4000000000000004, SU ,pH,13090001
8632605,1950-10-31,00010,"TEMPERATURE, WATER (CELSIUS)",28, C  ,temperature,13090001
8632605,1981-06-24,00010,"TEMPERATURE, WATER (CELSIUS)",29, C  ,temperature,13090001
8632605,1950-10-31,00400,"PH (STANDARD UNITS), FIELD",8.4000000000000004, SU ,pH,13090001
8632605,1981-06-24,00400,"PH (STANDARD UNITS), FIELD",8.0999999999999996, SU ,pH,13090001
8632904,1994-04-14,00010,"TEMPERATURE, WATER (CELSIUS)",26.5, C  ,temperature,13090001
8632904,1994-04-14,00400,"PH (STANDARD UNITS), FIELD",6.9199999999999999, SU ,pH,13090001
8632904,1994-04-14,00608,"NITROGEN, AMMONIA, DISSOLVED (MG/L AS N)",0.27000000000000002,MG/L AS N,nitrogen,13090001
8632904,1994-04-14,00613,"NITRITE NITROGEN, DISSOLVED (MG/L AS N)",0.01,MG/L AS N,nitrogen,13090001
8632904,1994-04-14,00618,"NITRATE NITROGEN, DISSOLVED (MG/L AS N)",4.0000000000000001E-2,MG/L AS N,nitrogen,13090001
8632906,1994-04-14,00010,"TEMPERATURE, WATER (CELSIUS)",25.600000000000001, C  ,temperature,13090001
8632906,2002-03-26,00010,"TEMPERATURE, WATER (CELSIUS)",25.699999999999999, C  ,temperature,13090001
8632906,2005-03-16,00010,"TEMPERATURE, WATER (CELSIUS)",25.199999999999999, C  ,temperature,13090001
8632906,2013-07-24,00010,"TEMPERATURE, WATER (CELSIUS)",28.300000000000001, C  ,temperature,13090001
8632906,2017-06-20,00010,"TEMPERATURE, WATER (CELSIUS)",33, C  ,temperature,13090001
8632906,2022-06-08,00010,"TEMPERATURE, WATER (CELSIUS)",31.399999999999999, C  ,temperature,13090001
8632906,2025-05-14,00010,"TEMPERATURE, WATER (CELSIUS)",29.399999999999999, C  ,temperature,13090001
8632906,1950-11-01,00400,"PH (STANDARD UNITS), FIELD",7.5, SU ,pH,13090001
8632906,1994-04-14,00400,"PH (STANDARD UNITS), FIELD",7.1399999999999997, SU ,pH,13090001
8632906,2002-03-26,00400,"PH (STANDARD UNITS), FIELD",7.0599999999999996, SU ,pH,13090001
8632906,2005-03-16,00400,"PH (STANDARD UNITS), FIELD",7.0899999999999999, SU ,pH,13090001
8632906,2013-07-24,00400,"PH (STANDARD UNITS), FIELD",6.9900000000000002, SU ,pH,13090001
8632906,2017-06-20,00400,"PH (STANDARD UNITS), FIELD",7.0099999999999998, SU ,pH,13090001
8632906,2022-06-08,00400,"PH (STANDARD UNITS), FIELD",7.8300000000000001, SU ,pH,13090001
8632906,2025-05-14,00400,"PH (STANDARD UNITS), FIELD",7.5899999999999999, SU ,pH,13090001
8632906,1994-04-14,00608,"NITROGEN, AMMONIA, DISSOLVED (MG/L AS N)",0.28999999999999998,MG/L AS N,nitrogen,13090001
8632906,1994-04-14,00613,"NITRITE NITROGEN, DISSOLVED (MG/L AS N)",0.01,MG/L AS N,nitrogen,13090001
8632906,1994-04-14,00618,"NITRATE NITROGEN, DISSOLVED (MG/L AS N)",0.01,MG/L AS N,nitrogen,13090001
8632906,2013-07-24,00666,"PHOSPHORUS, DISSOLVED (MG/L AS P)",0.02,MG/L AS P,phosphorus,13090001
8632906,2017-06-20,00666,"PHOSPHORUS, DISSOLVED (MG/L AS P)",0.30199999999999999,MG/L AS P,phosphorus,13090001
8632906,2022-06-08,00666,"PHOSPHORUS, DISSOLVED (MG/L AS P)",0.02,MG/L AS P,phosphorus,13090001
8632906,2025-05-14,00666,"PHOSPHORUS, DISSOLVED (MG/L AS P)",0.02,MG/L AS P,phosphorus,13090001
8632908,1994-04-14,00010,"TEMPERATURE, WATER (CELSIUS)",27.5, C  ,temperature,13090001
8632908,1994-04-14,00400,"PH (STANDARD UNITS), FIELD",6.96, SU ,pH,13090001
8632908,1994-04-14,00608,"NITROGEN, AMMONIA, DISSOLVED (MG/L AS N)",0.62,MG/L AS N,nitrogen,13090001
8632908,1994-04-14,00613,"NITRITE NITROGEN, DISSOLVED (MG/L AS N)",2.9999999999999999E-2,MG/L AS N,nitrogen,13090001
8632908,1994-04-14,00618,"NITRATE NITROGEN, DISSOLVED (MG/L AS N)",0.01,MG/L AS N,nitrogen,13090001
8640201,1945-08-31,00010,"TEMPERATURE, WATER (CELSIUS)",29, C  ,temperature,13090001
8640201,1981-06-24,00010,"TEMPERATURE, WATER (CELSIUS)",31, C  ,temperature,13090001
8640201,1994-04-14,00010,"TEMPERATURE, WATER (CELSIUS)",27, C  ,temperature,13090001
8640201,2002-03-26,00010,"TEMPERATURE, WATER (CELSIUS)",27.800000000000001, C  ,temperature,13090001
8640201,1981-06-24,00400,"PH (STANDARD UNITS), FIELD",8, SU ,pH,13090001
8640201,1994-04-14,00400,"PH (STANDARD UNITS), FIELD",7.9800000000000004, SU ,pH,13090001
8640201,2002-03-26,00400,"PH (STANDARD UNITS), FIELD",7.96, SU ,pH,13090001
8640201,1994-04-14,00608,"NITROGEN, AMMONIA, DISSOLVED (MG/L AS N)",0.54000000000000004,MG/L AS N,nitrogen,13090001
8640201,1994-04-14,00613,"NITRITE NITROGEN, DISSOLVED (MG/L AS N)",0.01,MG/L AS N,nitrogen,13090001
8640201,1994-04-14,00618,"NITRATE NITROGEN, DISSOLVED (MG/L AS N)",0.01,MG/L AS N,nitrogen,13090001
8640203,1994-04-14,00010,"TEMPERATURE, WATER (CELSIUS)",31.399999999999999, C  ,temperature,13090001
8640203,1994-04-14,00400,"PH (STANDARD UNITS), FIELD",7.0700000000000003, SU ,pH,13090001
8640203,1994-04-14,00608,"NITROGEN, AMMONIA, DISSOLVED (MG/L AS N)",1.49,MG/L AS N,nitrogen,13090001
8640203,1994-04-14,00613,"NITRITE NITROGEN, DISSOLVED (MG/L AS N)",0.02,MG/L AS N,nitrogen,13090001
8640203,1994-04-14,00618,"NITRATE NITROGEN, DISSOLVED (MG/L AS N)",0.02,MG/L AS N,nitrogen,13090001
8640501,1950-12-07,00400,"PH (STANDARD UNITS), FIELD",8.1999999999999993, SU ,pH,13090001
8640503,1994-04-14,00010,"TEMPERATURE, WATER (CELSIUS)",27, C  ,temperature,13090001
8640503,2002-03-26,00010,"TEMPERATURE, WATER (CELSIUS)",25.5, C  ,temperature,13090001
8640503,1994-04-14,00400,"PH (STANDARD UNITS), FIELD",7.9000000000000004, SU ,pH,13090001
8640503,2002-03-26,00400,"PH (STANDARD UNITS), FIELD",8.0199999999999996, SU ,pH,13090001
8640503,1994-04-14,00608,"NITROGEN, AMMONIA, DISSOLVED (MG/L AS N)",1.4399999999999999,MG/L AS N,nitrogen,13090001
8640503,1994-04-14,00613,"NITRITE NITROGEN, DISSOLVED (MG/L AS N)",0.01,MG/L AS N,nitrogen,13090001
8640503,1994-04-14,00618,"NITRATE NITROGEN, DISSOLVED (MG/L AS N)",0.01,MG/L AS N,nitrogen,13090001
8640901,1945-08-30,00010,"TEMPERATURE, WATER (CELSIUS)",29, C  ,temperature,13090001
8709901,1950-10-26,00010,"TEMPERATURE, WATER (CELSIUS)",30, C  ,temperature,13090001
8709901,1950-10-26,00400,"PH (STANDARD UNITS), FIELD",8.1999999999999993, SU ,pH,13090001
8709904,1950-10-26,00010,"TEMPERATURE, WATER (CELSIUS)",28, C  ,temperature,13090001
8709904,1950-10-26,00400,"PH (STANDARD UNITS), FIELD",7.7000000000000002, SU ,pH,13090001
8710402,1984-06-20,00010,"TEMPERATURE, WATER (CELSIUS)",29, C  ,temperature,13090001
8710402,1992-07-10,00010,"TEMPERATURE, WATER (CELSIUS)",30, C  ,temperature,13090001
8710402,1980-12-09,00400,"PH (STANDARD UNITS), FIELD",8.0999999999999996, SU ,pH,13090001
8710402,1984-06-20,00400,"PH (STANDARD UNITS), FIELD",7.9000000000000004, SU ,pH,13090001
8710402,1992-07-10,00400,"PH (STANDARD UNITS), FIELD",7.4699999999999998, SU ,pH,13090001
8710402,1992-07-10,00608,"NITROGEN, AMMONIA, DISSOLVED (MG/L AS N)",0.02,MG/L AS N,nitrogen,13090001
8710402,1992-07-10,00613,"NITRITE NITROGEN, DISSOLVED (MG/L AS N)",0.01,MG/L AS N,nitrogen,13090001
8710402,1992-07-10,00618,"NITRATE NITROGEN, DISSOLVED (MG/L AS N)",18.43,MG/L AS N,nitrogen,13090001
8710701,1950-10-26,00010,"TEMPERATURE, WATER (CELSIUS)",28, C  ,temperature,13090001
8710701,1950-10-26,00400,"PH (STANDARD UNITS), FIELD",8.3000000000000007, SU ,pH,13090001
8710702,1950-10-26,00010,"TEMPERATURE, WATER (CELSIUS)",29, C  ,temperature,13090001
8710702,1975-09-10,00010,"TEMPERATURE, WATER (CELSIUS)",28, C  ,temperature,13090001
8710702,1950-10-26,00400,"PH (STANDARD UNITS), FIELD",7.7999999999999998, SU ,pH,13090001
8710702,1975-09-10,00400,"PH (STANDARD UNITS), FIELD",7.9000000000000004, SU ,pH,13090001
8710702,1978-08-22,00400,"PH (STANDARD UNITS), FIELD",7.7999999999999998, SU ,pH,13090001
8710702,1983-02-16,00400,"PH (STANDARD UNITS), FIELD",8, SU ,pH,13090001
8710703,1950-10-26,00400,"PH (STANDARD UNITS), FIELD",8.1999999999999993, SU ,pH,13090001
8710902,1951-03-06,00010,"TEMPERATURE, WATER (CELSIUS)",29, C  ,temperature,13090001
8710902,1951-03-06,00400,"PH (STANDARD UNITS), FIELD",8.5, SU ,pH,13090001
8717202,1950-10-18,00400,"PH (STANDARD UNITS), FIELD",7.9000000000000004, SU ,pH,13090001
8717502,1950-12-04,00400,"PH (STANDARD UNITS), FIELD",7.7999999999999998, SU ,pH,13090001
8717603,1950-10-17,00400,"PH (STANDARD UNITS), FIELD",8.0999999999999996, SU ,pH,13090001
8717701,1950-10-18,00400,"PH (STANDARD UNITS), FIELD",7.7999999999999998, SU ,pH,13090001
8718101,1981-06-24,00010,"TEMPERATURE, WATER (CELSIUS)",28, C  ,temperature,13090001
8718101,1981-06-24,00400,"PH (STANDARD UNITS), FIELD",7.2999999999999998, SU ,pH,13090001
8718502,1950-11-16,00400,"PH (STANDARD UNITS), FIELD",7.7000000000000002, SU ,pH,13090001
8718504,1999-07-13,00010,"TEMPERATURE, WATER (CELSIUS)",33.899999999999999, C  ,temperature,13090001
8718504,1999-07-13,00400,"PH (STANDARD UNITS), FIELD",8.25, SU ,pH,13090001
8718504,1999-07-13,00608,"NITROGEN, AMMONIA, DISSOLVED (MG/L AS N)",0.35999999999999999,MG/L AS N,nitrogen,13090001
8718504,1999-07-13,00666,"PHOSPHORUS, DISSOLVED (MG/L AS P)",4.0000000000000001E-2,MG/L AS P,phosphorus,13090001
8718601,1950-11-16,00400,"PH (STANDARD UNITS), FIELD",8.0999999999999996, SU ,pH,13090001
8718604,1984-06-26,00010,"TEMPERATURE, WATER (CELSIUS)",32, C  ,temperature,13090001
8718604,1984-06-26,00400,"PH (STANDARD UNITS), FIELD",8, SU ,pH,13090001
8718605,1999-08-11,00010,"TEMPERATURE, WATER (CELSIUS)",31.899999999999999, C  ,temperature,13090001
8718605,2001-03-13,00010,"TEMPERATURE, WATER (CELSIUS)",28, C  ,temperature,13090001
8718605,1999-08-11,00400,"PH (STANDARD UNITS), FIELD",7.6399999999999997, SU ,pH,13090001
8718605,2001-03-13,00400,"PH (STANDARD UNITS), FIELD",7.1500000000000004, SU ,pH,13090001
8718605,1999-08-11,00608,"NITROGEN, AMMONIA, DISSOLVED (MG/L AS N)",0.02,MG/L AS N,nitrogen,13090001
8718605,1999-08-11,00666,"PHOSPHORUS, DISSOLVED (MG/L AS P)",1.1699999999999999,MG/L AS P,phosphorus,13090001
8718701,1950-10-17,00010,"TEMPERATURE, WATER (CELSIUS)",28, C  ,temperature,13090001
8718701,1981-06-24,00010,"TEMPERATURE, WATER (CELSIUS)",30, C  ,temperature,13090001
8718701,1950-10-17,00400,"PH (STANDARD UNITS), FIELD",7.9000000000000004, SU ,pH,13090001
8718701,1981-06-24,00400,"PH (STANDARD UNITS), FIELD",7.5, SU ,pH,13090001
8718801,1951-01-03,00400,"PH (STANDARD UNITS), FIELD",7.7999999999999998, SU ,pH,13090001
8718901,1999-08-10,00010,"TEMPERATURE, WATER (CELSIUS)",34.200000000000003, C  ,temperature,13090001
8718901,1999-08-10,00400,"PH (STANDARD UNITS), FIELD",7.8600000000000003, SU ,pH,13090001
8718901,1999-08-10,00608,"NITROGEN, AMMONIA, DISSOLVED (MG/L AS N)",0.02,MG/L AS N,nitrogen,13090001
8718901,1999-08-10,00666,"PHOSPHORUS, DISSOLVED (MG/L AS P)",0.99199999999999999,MG/L AS P,phosphorus,13090001
8718902,1999-08-11,00010,"TEMPERATURE, WATER (CELSIUS)",28.800000000000001, C  ,temperature,13090001
8718902,1999-08-11,00400,"PH (STANDARD UNITS), FIELD",7.4500000000000002, SU ,pH,13090001
8718902,1999-08-11,00608,"NITROGEN, AMMONIA, DISSOLVED (MG/L AS N)",3.2000000000000001E-2,MG/L AS N,nitrogen,13090001
8718902,1999-08-11,00666,"PHOSPHORUS, DISSOLVED (MG/L AS P)",4.0000000000000001E-2,MG/L AS P,phosphorus,13090001
8719101,1951-03-06,00010,"TEMPERATURE, WATER (CELSIUS)",30, C  ,temperature,13090001
8719101,1951-03-06,00400,"PH (STANDARD UNITS), FIELD",7.7999999999999998, SU ,pH,13090001
8719402,1999-07-14,00010,"TEMPERATURE, WATER (CELSIUS)",30.800000000000001, C  ,temperature,13090001
8719402,2001-03-13,00010,"TEMPERATURE, WATER (CELSIUS)",31.300000000000001, C  ,temperature,13090001
8719402,1999-07-14,00400,"PH (STANDARD UNITS), FIELD",7.04, SU ,pH,13090001
8719402,2001-03-13,00400,"PH (STANDARD UNITS), FIELD",6.8600000000000003, SU ,pH,13090001
8719402,1999-07-14,00608,"NITROGEN, AMMONIA, DISSOLVED (MG/L AS N)",0.02,MG/L AS N,nitrogen,13090001
8719402,1999-07-14,00666,"PHOSPHORUS, DISSOLVED (MG/L AS P)",4.0000000000000001E-2,MG/L AS P,phosphorus,13090001
8719502,1999-07-14,00010,"TEMPERATURE, WATER (CELSIUS)",29, C  ,temperature,13090001
8719502,1999-07-14,00400,"PH (STANDARD UNITS), FIELD",6.8499999999999996, SU ,pH,13090001
8719502,1999-07-14,00608,"NITROGEN, AMMONIA, DISSOLVED (MG/L AS N)",0.02,MG/L AS N,nitrogen,13090001
8719502,1999-07-14,00666,"PHOSPHORUS, DISSOLVED (MG/L AS P)",4.0000000000000001E-2,MG/L AS P,phosphorus,13090001
8719701,1950-10-25,00400,"PH (STANDARD UNITS), FIELD",7.7999999999999998, SU ,pH,13090001
8719803,1999-07-14,00010,"TEMPERATURE, WATER (CELSIUS)",28.899999999999999, C  ,temperature,13090001
8719803,1999-07-14,00400,"PH (STANDARD UNITS), FIELD",7.3300000000000001, SU ,pH,13090001
8719803,1999-07-14,00608,"NITROGEN, AMMONIA, DISSOLVED (MG/L AS N)",0.02,MG/L AS N,nitrogen,13090001
8719803,1999-07-14,00666,"PHOSPHORUS, DISSOLVED (MG/L AS P)",4.0000000000000001E-2,MG/L AS P,phosphorus,13090001
8719804,1999-07-14,00010,"TEMPERATURE, WATER (CELSIUS)",28.899999999999999, C  ,temperature,13090001
8719804,1999-07-14,00400,"PH (STANDARD UNITS), FIELD",7.2199999999999998, SU ,pH,13090001
8719804,1999-07-14,00608,"NITROGEN, AMMONIA, DISSOLVED (MG/L AS N)",0.02,MG/L AS N,nitrogen,13090001
8719804,1999-07-14,00666,"PHOSPHORUS, DISSOLVED (MG/L AS P)",4.0000000000000001E-2,MG/L AS P,phosphorus,13090001
8725302,1950-10-17,00400,"PH (STANDARD UNITS), FIELD",7.9000000000000004, SU ,pH,13090001
8725502,1950-01-13,00400,"PH (STANDARD UNITS), FIELD",7.2000000000000002, SU ,pH,13090001
8725601,1950-01-13,00010,"TEMPERATURE, WATER (CELSIUS)",28, C  ,temperature,13090001
8725601,1950-01-13,00400,"PH (STANDARD UNITS), FIELD",7.2000000000000002, SU ,pH,13090001
8725602,1976-07-07,00400,"PH (STANDARD UNITS), FIELD",8, SU ,pH,13090001
8725802,1981-06-24,00010,"TEMPERATURE, WATER (CELSIUS)",29, C  ,temperature,13090001
8725802,1981-06-24,00400,"PH (STANDARD UNITS), FIELD",7.9000000000000004, SU ,pH,13090001
8726101,1950-10-16,00400,"PH (STANDARD UNITS), FIELD",7.4000000000000004, SU ,pH,13090001
8726302,1999-08-10,00010,"TEMPERATURE, WATER (CELSIUS)",32, C  ,temperature,13090001
8726302,1999-08-10,00400,"PH (STANDARD UNITS), FIELD",7.5800000000000001, SU ,pH,13090001
8726302,1999-08-10,00608,"NITROGEN, AMMONIA, DISSOLVED (MG/L AS N)",0.02,MG/L AS N,nitrogen,13090001
8726302,1999-08-10,00666,"PHOSPHORUS, DISSOLVED (MG/L AS P)",0.55600000000000005,MG/L AS P,phosphorus,13090001
8726303,1950-09-14,00400,"PH (STANDARD UNITS), FIELD",7.9000000000000004, SU ,pH,13090001
8726305,1999-08-10,00010,"TEMPERATURE, WATER (CELSIUS)",30.300000000000001, C  ,temperature,13090001
8726305,1999-08-10,00400,"PH (STANDARD UNITS), FIELD",6.9699999999999998, SU ,pH,13090001
8726305,1999-08-10,00608,"NITROGEN, AMMONIA, DISSOLVED (MG/L AS N)",0.02,MG/L AS N,nitrogen,13090001
8726305,1999-08-10,00666,"PHOSPHORUS, DISSOLVED (MG/L AS P)",4.0000000000000001E-2,MG/L AS P,phosphorus,13090001
8726501,1992-08-26,00010,"TEMPERATURE, WATER (CELSIUS)",34, C  ,temperature,13090001
8726501,1997-06-13,00010,"TEMPERATURE, WATER (CELSIUS)",29.399999999999999, C  ,temperature,13090001
8726501,2001-03-13,00010,"TEMPERATURE, WATER (CELSIUS)",28.899999999999999, C  ,temperature,13090001
8726501,1992-08-26,00400,"PH (STANDARD UNITS), FIELD",7.4500000000000002, SU ,pH,13090001
8726501,1997-06-13,00400,"PH (STANDARD UNITS), FIELD",6.9299999999999997, SU ,pH,13090001
8726501,2001-03-13,00400,"PH (STANDARD UNITS), FIELD",7.5099999999999998, SU ,pH,13090001
8726501,1997-06-13,00608,"NITROGEN, AMMONIA, DISSOLVED (MG/L AS N)",0.45000000000000001,MG/L AS N,nitrogen,13090001
8726502,1999-08-11,00010,"TEMPERATURE, WATER (CELSIUS)",36.799999999999997, C  ,temperature,13090001
8726502,1999-08-11,00400,"PH (STANDARD UNITS), FIELD",8.0199999999999996, SU ,pH,13090001
8726502,1999-08-11,00608,"NITROGEN, AMMONIA, DISSOLVED (MG/L AS N)",0.42999999999999999,MG/L AS N,nitrogen,13090001
8726502,1999-08-11,00666,"PHOSPHORUS, DISSOLVED (MG/L AS P)",4.0000000000000001E-2,MG/L AS P,phosphorus,13090001
8726601,1950-01-13,00400,"PH (STANDARD UNITS), FIELD",7.4000000000000004, SU ,pH,13090001
8726704,1950-09-20,00400,"PH (STANDARD UNITS), FIELD",7.5, SU ,pH,13090001
8726902,1950-09-07,00400,"PH (STANDARD UNITS), FIELD",8.3000000000000007, SU ,pH,13090001
8727105,1950-09-14,00400,"PH (STANDARD UNITS), FIELD",8.3000000000000007, SU ,pH,13090001
8727302,1950-09-13,00400,"PH (STANDARD UNITS), FIELD",8, SU ,pH,13090001
8727403,1950-01-13,00400,"PH (STANDARD UNITS), FIELD",7.4000000000000004, SU ,pH,13090001
8727502,1950-01-13,00400,"PH (STANDARD UNITS), FIELD",7.0999999999999996, SU ,pH,13090001
8727503,1950-01-13,00400,"PH (STANDARD UNITS), FIELD",8.0999999999999996, SU ,pH,13090001
8727701,1950-09-20,00400,"PH (STANDARD UNITS), FIELD",8.3000000000000007, SU ,pH,13090001
8727803,1992-06-18,00010,"TEMPERATURE, WATER (CELSIUS)",29, C  ,temperature,13090001
8727803,1997-06-13,00010,"TEMPERATURE, WATER (CELSIUS)",29.800000000000001, C  ,temperature,13090001
8727803,2001-03-13,00010,"TEMPERATURE, WATER (CELSIUS)",29.300000000000001, C  ,temperature,13090001
8727803,2003-08-19,00010,"TEMPERATURE, WATER (CELSIUS)",29.300000000000001, C  ,temperature,13090001
8727803,2005-03-17,00010,"TEMPERATURE, WATER (CELSIUS)",26.399999999999999, C  ,temperature,13090001
8727803,2009-03-11,00010,"TEMPERATURE, WATER (CELSIUS)",30.100000000000001, C  ,temperature,13090001
8727803,2013-07-24,00010,"TEMPERATURE, WATER (CELSIUS)",34.799999999999997, C  ,temperature,13090001
8727803,2017-05-24,00010,"TEMPERATURE, WATER (CELSIUS)",38.200000000000003, C  ,temperature,13090001
8727803,1992-06-18,00400,"PH (STANDARD UNITS), FIELD",6.9100000000000001, SU ,pH,13090001
8727803,1997-06-13,00400,"PH (STANDARD UNITS), FIELD",6.6100000000000003, SU ,pH,13090001
8727803,2001-03-13,00400,"PH (STANDARD UNITS), FIELD",6.7000000000000002, SU ,pH,13090001
8727803,2003-08-19,00400,"PH (STANDARD UNITS), FIELD",6.96, SU ,pH,13090001
8727803,2005-03-17,00400,"PH (STANDARD UNITS), FIELD",6.9299999999999997, SU ,pH,13090001
8727803,2009-03-11,00400,"PH (STANDARD UNITS), FIELD",6.8700000000000001, SU ,pH,13090001
8727803,2013-07-24,00400,"PH (STANDARD UNITS), FIELD",6.7000000000000002, SU ,pH,13090001
8727803,2017-05-24,00400,"PH (STANDARD UNITS), FIELD",6.8300000000000001, SU ,pH,13090001
8727803,1992-06-18,00608,"NITROGEN, AMMONIA, DISSOLVED (MG/L AS N)",0.02,MG/L AS N,nitrogen,13090001
8727803,1997-06-13,00608,"NITROGEN, AMMONIA, DISSOLVED (MG/L AS N)",0.10000000000000001,MG/L AS N,nitrogen,13090001
8727803,1992-06-18,00613,"NITRITE NITROGEN, DISSOLVED (MG/L AS N)",0.01,MG/L AS N,nitrogen,13090001
8727803,1992-06-18,00618,"NITRATE NITROGEN, DISSOLVED (MG/L AS N)",24.010000000000002,MG/L AS N,nitrogen,13090001
8727803,2013-07-24,00666,"PHOSPHORUS, DISSOLVED (MG/L AS P)",0.02,MG/L AS P,phosphorus,13090001
8727803,2017-05-24,00666,"PHOSPHORUS, DISSOLVED (MG/L AS P)",0.0499,MG/L AS P,phosphorus,13090001
8727805,2013-07-25,00010,"TEMPERATURE, WATER (CELSIUS)",30.5, C  ,temperature,13090001
8727805,2013-07-25,00400,"PH (STANDARD UNITS), FIELD",6.8399999999999999, SU ,pH,13090001
8727805,2013-07-25,00666,"PHOSPHORUS, DISSOLVED (MG/L AS P)",0.02,MG/L AS P,phosphorus,13090001
8727904,2025-05-14,00010,"TEMPERATURE, WATER (CELSIUS)",29.300000000000001, C  ,temperature,13090001
8727904,2025-05-14,00400,"PH (STANDARD UNITS), FIELD",7.0499999999999998, SU ,pH,13090001
8727904,2025-05-14,00666,"PHOSPHORUS, DISSOLVED (MG/L AS P)",0.02,MG/L AS P,phosphorus,13090001
8728105,1981-06-23,00010,"TEMPERATURE, WATER (CELSIUS)",28, C  ,temperature,13090001
8728105,1950-09-07,00400,"PH (STANDARD UNITS), FIELD",8, SU ,pH,13090001
8728105,1981-06-23,00400,"PH (STANDARD UNITS), FIELD",7.7000000000000002, SU ,pH,13090001
8728403,1950-01-13,00400,"PH (STANDARD UNITS), FIELD",7.0999999999999996, SU ,pH,13090001
8728501,1950-01-13,00400,"PH (STANDARD UNITS), FIELD",7.2999999999999998, SU ,pH,13090001
8728503,1950-01-13,00400,"PH (STANDARD UNITS), FIELD",7.2999999999999998, SU ,pH,13090001
8728604,1950-01-13,00400,"PH (STANDARD UNITS), FIELD",7.2999999999999998, SU ,pH,13090001
8728701,1950-09-15,00400,"PH (STANDARD UNITS), FIELD",7.9000000000000004, SU ,pH,13090001
8728702,1999-07-08,00010,"TEMPERATURE, WATER (CELSIUS)",30.5, C  ,temperature,13090001
8728702,2003-08-20,00010,"TEMPERATURE, WATER (CELSIUS)",30.300000000000001, C  ,temperature,13090001
8728702,1999-07-08,00400,"PH (STANDARD UNITS), FIELD",7.2400000000000002, SU ,pH,13090001
8728702,2003-08-20,00400,"PH (STANDARD UNITS), FIELD",7.2800000000000002, SU ,pH,13090001
8728702,1999-07-08,00608,"NITROGEN, AMMONIA, DISSOLVED (MG/L AS N)",0.02,MG/L AS N,nitrogen,13090001
8728702,1999-07-08,00666,"PHOSPHORUS, DISSOLVED (MG/L AS P)",4.0000000000000001E-2,MG/L AS P,phosphorus,13090001
8729701,1950-09-05,00400,"PH (STANDARD UNITS), FIELD",8.1999999999999993, SU ,pH,13090001
8729901,1980-12-18,00400,"PH (STANDARD UNITS), FIELD",8.0999999999999996, SU ,pH,12110208
8731507,1950-01-11,00400,"PH (STANDARD UNITS), FIELD",7.5999999999999996, SU ,pH,12110208
8731601,1969-05-23,00010,"TEMPERATURE, WATER (CELSIUS)",27, C  ,temperature,12110208
8731601,1969-08-21,00010,"TEMPERATURE, WATER (CELSIUS)",26, C  ,temperature,12110208
8731601,1978-08-22,00010,"TEMPERATURE, WATER (CELSIUS)",26, C  ,temperature,12110208
8731601,1969-05-23,00400,"PH (STANDARD UNITS), FIELD",7.2999999999999998, SU ,pH,12110208
8731601,1969-08-21,00400,"PH (STANDARD UNITS), FIELD",7.9000000000000004, SU ,pH,12110208
8731601,1978-08-22,00400,"PH (STANDARD UNITS), FIELD",7.9000000000000004, SU ,pH,12110208
8731612,1999-07-15,00010,"TEMPERATURE, WATER (CELSIUS)",26.5, C  ,temperature,12110208
8731612,1999-07-15,00400,"PH (STANDARD UNITS), FIELD",7.0499999999999998, SU ,pH,12110208
8731612,1999-07-15,00608,"NITROGEN, AMMONIA, DISSOLVED (MG/L AS N)",0.02,MG/L AS N,nitrogen,12110208
8731612,1999-07-15,00666,"PHOSPHORUS, DISSOLVED (MG/L AS P)",4.0000000000000001E-2,MG/L AS P,phosphorus,12110208
8731802,1950-01-11,00400,"PH (STANDARD UNITS), FIELD",7.5, SU ,pH,12110208
8731804,1969-05-23,00010,"TEMPERATURE, WATER (CELSIUS)",28, C  ,temperature,12110208
8731804,1969-05-23,00400,"PH (STANDARD UNITS), FIELD",7.5, SU ,pH,12110208
8731817,1984-06-28,00010,"TEMPERATURE, WATER (CELSIUS)",27, C  ,temperature,12110208
8731817,1978-08-22,00400,"PH (STANDARD UNITS), FIELD",8.0999999999999996, SU ,pH,12110208
8731817,1984-06-28,00400,"PH (STANDARD UNITS), FIELD",8, SU ,pH,12110208
8731903,1969-05-23,00010,"TEMPERATURE, WATER (CELSIUS)",26, C  ,temperature,12110208
8731903,1972-08-02,00010,"TEMPERATURE, WATER (CELSIUS)",22, C  ,temperature,12110208
8731903,1969-05-23,00400,"PH (STANDARD UNITS), FIELD",7.7999999999999998, SU ,pH,12110208
8731903,1972-08-02,00400,"PH (STANDARD UNITS), FIELD",7.5999999999999996, SU ,pH,12110208
8731903,1977-08-08,00400,"PH (STANDARD UNITS), FIELD",7.7000000000000002, SU ,pH,12110208
8731904,1969-05-23,00010,"TEMPERATURE, WATER (CELSIUS)",28, C  ,temperature,12110208
8731904,1969-08-21,00010,"TEMPERATURE, WATER (CELSIUS)",26, C  ,temperature,12110208
8731904,1969-05-23,00400,"PH (STANDARD UNITS), FIELD",7.4000000000000004, SU ,pH,12110208
8731904,1969-08-21,00400,"PH (STANDARD UNITS), FIELD",7.5, SU ,pH,12110208
8731904,1969-11-28,00400,"PH (STANDARD UNITS), FIELD",7.4000000000000004, SU ,pH,12110208
8731906,1969-05-23,00010,"TEMPERATURE, WATER (CELSIUS)",27, C  ,temperature,12110208
8731906,1969-05-23,00400,"PH (STANDARD UNITS), FIELD",7.5999999999999996, SU ,pH,12110208
8731908,1999-07-15,00010,"TEMPERATURE, WATER (CELSIUS)",27.199999999999999, C  ,temperature,12110208
8731908,1999-07-15,00400,"PH (STANDARD UNITS), FIELD",7, SU ,pH,12110208
8731908,1999-07-15,00608,"NITROGEN, AMMONIA, DISSOLVED (MG/L AS N)",0.02,MG/L AS N,nitrogen,12110208
8731908,1999-07-15,00666,"PHOSPHORUS, DISSOLVED (MG/L AS P)",4.0000000000000001E-2,MG/L AS P,phosphorus,12110208
8731917,1972-08-02,00010,"TEMPERATURE, WATER (CELSIUS)",22, C  ,temperature,12110208
8731917,1972-08-02,00400,"PH (STANDARD UNITS), FIELD",7.5, SU ,pH,12110208
8731918,1981-06-18,00010,"TEMPERATURE, WATER (CELSIUS)",34, C  ,temperature,12110208
8731918,1988-07-21,00010,"TEMPERATURE, WATER (CELSIUS)",33, C  ,temperature,12110208
8731918,1999-06-30,00010,"TEMPERATURE, WATER (CELSIUS)",33.700000000000003, C  ,temperature,12110208
8731918,2005-10-17,00010,"TEMPERATURE, WATER (CELSIUS)",34, C  ,temperature,12110208
8731918,2009-09-15,00010,"TEMPERATURE, WATER (CELSIUS)",30.600000000000001, C  ,temperature,12110208
8731918,2013-06-18,00010,"TEMPERATURE, WATER (CELSIUS)",30.600000000000001, C  ,temperature,12110208
8731918,2009-09-15,00300,"OXYGEN, DISSOLVED (MG/L)",2.6000000000000001,mg/L,dissolved_oxygen,12110208
8731918,1981-06-18,00400,"PH (STANDARD UNITS), FIELD",8.5, SU ,pH,12110208
8731918,1988-07-21,00400,"PH (STANDARD UNITS), FIELD",8.1999999999999993, SU ,pH,12110208
8731918,1999-06-30,00400,"PH (STANDARD UNITS), FIELD",6.9800000000000004, SU ,pH,12110208
8731918,2005-10-17,00400,"PH (STANDARD UNITS), FIELD",8.2899999999999991, SU ,pH,12110208
8731918,2009-09-15,00400,"PH (STANDARD UNITS), FIELD",8.4299999999999997, SU ,pH,12110208
8731918,2013-06-18,00400,"PH (STANDARD UNITS), FIELD",8.4700000000000006, SU ,pH,12110208
8731918,1999-06-30,00608,"NITROGEN, AMMONIA, DISSOLVED (MG/L AS N)",5.8999999999999997E-2,MG/L AS N,nitrogen,12110208
8731918,1999-06-30,00666,"PHOSPHORUS, DISSOLVED (MG/L AS P)",4.0000000000000001E-2,MG/L AS P,phosphorus,12110208
8731918,2013-06-18,00666,"PHOSPHORUS, DISSOLVED (MG/L AS P)",0.02,MG/L AS P,phosphorus,12110208
8731924,2002-08-15,00010,"TEMPERATURE, WATER (CELSIUS)",33.100000000000001, C  ,temperature,12110208
8731924,2002-08-15,00400,"PH (STANDARD UNITS), FIELD",7.8300000000000001, SU ,pH,12110208
8731932,1950-01-12,00400,"PH (STANDARD UNITS), FIELD",7.4000000000000004, SU ,pH,12110208
8731936,2002-08-15,00010,"TEMPERATURE, WATER (CELSIUS)",27.300000000000001, C  ,temperature,12110208
8731936,2002-08-15,00400,"PH (STANDARD UNITS), FIELD",7.04, SU ,pH,12110208
8731937,2002-08-15,00010,"TEMPERATURE, WATER (CELSIUS)",26.800000000000001, C  ,temperature,12110208
8731937,2002-08-15,00400,"PH (STANDARD UNITS), FIELD",7.2400000000000002, SU ,pH,12110208
8732411,2001-05-22,00010,"TEMPERATURE, WATER (CELSIUS)",27.899999999999999, C  ,temperature,12110208
8732411,2001-05-22,00400,"PH (STANDARD UNITS), FIELD",7.3899999999999997, SU ,pH,12110208
8733201,1976-07-07,00400,"PH (STANDARD UNITS), FIELD",7.9000000000000004, SU ,pH,13090001
8733203,1950-01-13,00400,"PH (STANDARD UNITS), FIELD",7.4000000000000004, SU ,pH,13090001
8733501,1950-10-16,00400,"PH (STANDARD UNITS), FIELD",7.0999999999999996, SU ,pH,13090001
8734303,1950-09-07,00010,"TEMPERATURE, WATER (CELSIUS)",28, C  ,temperature,13090001
8734303,1981-06-23,00010,"TEMPERATURE, WATER (CELSIUS)",28, C  ,temperature,13090001
8734303,1950-09-07,00400,"PH (STANDARD UNITS), FIELD",8.3000000000000007, SU ,pH,13090001
8734303,1981-06-23,00400,"PH (STANDARD UNITS), FIELD",8.3000000000000007, SU ,pH,13090001
8734304,2000-02-22,00010,"TEMPERATURE, WATER (CELSIUS)",25.899999999999999, C  ,temperature,13090001
8734304,2000-02-22,00400,"PH (STANDARD UNITS), FIELD",7.0199999999999996, SU ,pH,13090001
8734701,1950-11-13,00400,"PH (STANDARD UNITS), FIELD",8.3000000000000007, SU ,pH,13090001
8734705,1992-06-16,00010,"TEMPERATURE, WATER (CELSIUS)",29, C  ,temperature,13090001
8734705,1992-06-16,00400,"PH (STANDARD UNITS), FIELD",7.9299999999999997, SU ,pH,13090001
8734705,1992-06-16,00608,"NITROGEN, AMMONIA, DISSOLVED (MG/L AS N)",0.60999999999999999,MG/L AS N,nitrogen,13090001
8734705,1992-06-16,00613,"NITRITE NITROGEN, DISSOLVED (MG/L AS N)",0.01,MG/L AS N,nitrogen,13090001
8734705,1992-06-16,00618,"NITRATE NITROGEN, DISSOLVED (MG/L AS N)",0.01,MG/L AS N,nitrogen,13090001
8735101,1950-09-07,00400,"PH (STANDARD UNITS), FIELD",8.3000000000000007, SU ,pH,13090001
8735401,1950-09-07,00400,"PH (STANDARD UNITS), FIELD",8, SU ,pH,13090001
8735405,1997-06-18,00010,"TEMPERATURE, WATER (CELSIUS)",26.899999999999999, C  ,temperature,13090001
8735405,2001-03-15,00010,"TEMPERATURE, WATER (CELSIUS)",24.100000000000001, C  ,temperature,13090001
8735405,2005-03-16,00010,"TEMPERATURE, WATER (CELSIUS)",25.5, C  ,temperature,13090001
8735405,2013-07-24,00010,"TEMPERATURE, WATER (CELSIUS)",28.100000000000001, C  ,temperature,13090001
8735405,1997-06-18,00400,"PH (STANDARD UNITS), FIELD",7.3899999999999997, SU ,pH,13090001
8735405,2001-03-15,00400,"PH (STANDARD UNITS), FIELD",7.4100000000000001, SU ,pH,13090001
8735405,2005-03-16,00400,"PH (STANDARD UNITS), FIELD",7.3099999999999996, SU ,pH,13090001
8735405,2013-07-24,00400,"PH (STANDARD UNITS), FIELD",7, SU ,pH,13090001
8735405,1997-06-18,00608,"NITROGEN, AMMONIA, DISSOLVED (MG/L AS N)",0.10000000000000001,MG/L AS N,nitrogen,13090001
8735405,2013-07-24,00666,"PHOSPHORUS, DISSOLVED (MG/L AS P)",0.0419,MG/L AS P,phosphorus,13090001
8735406,1997-06-18,00010,"TEMPERATURE, WATER (CELSIUS)",28.199999999999999, C  ,temperature,13090001
8735406,2013-07-24,00010,"TEMPERATURE, WATER (CELSIUS)",30.600000000000001, C  ,temperature,13090001
8735406,1997-06-18,00400,"PH (STANDARD UNITS), FIELD",7.0899999999999999, SU ,pH,13090001
8735406,2013-07-24,00400,"PH (STANDARD UNITS), FIELD",6.9100000000000001, SU ,pH,13090001
8735406,1997-06-18,00608,"NITROGEN, AMMONIA, DISSOLVED (MG/L AS N)",0.10000000000000001,MG/L AS N,nitrogen,13090001
8735406,2013-07-24,00666,"PHOSPHORUS, DISSOLVED (MG/L AS P)",0.02,MG/L AS P,phosphorus,13090001
8735504,1950-11-22,00400,"PH (STANDARD UNITS), FIELD",8.0999999999999996, SU ,pH,13090001
8735903,1994-04-20,00010,"TEMPERATURE, WATER (CELSIUS)",27.399999999999999, C  ,temperature,13090001
8735903,2003-08-19,00010,"TEMPERATURE, WATER (CELSIUS)",27.100000000000001, C  ,temperature,13090001
8735903,1994-04-20,00400,"PH (STANDARD UNITS), FIELD",6.8700000000000001, SU ,pH,13090001
8735903,2003-08-19,00400,"PH (STANDARD UNITS), FIELD",6.9699999999999998, SU ,pH,13090001
8735903,1994-04-20,00608,"NITROGEN, AMMONIA, DISSOLVED (MG/L AS N)",0.02,MG/L AS N,nitrogen,13090001
8735903,1994-04-20,00613,"NITRITE NITROGEN, DISSOLVED (MG/L AS N)",0.01,MG/L AS N,nitrogen,13090001
8735903,1994-04-20,00618,"NITRATE NITROGEN, DISSOLVED (MG/L AS N)",11.4,MG/L AS N,nitrogen,13090001
8736201,1950-09-20,00400,"PH (STANDARD UNITS), FIELD",7.7999999999999998, SU ,pH,13090001
8736203,1994-04-12,00010,"TEMPERATURE, WATER (CELSIUS)",25, C  ,temperature,13090001
8736203,1994-04-12,00400,"PH (STANDARD UNITS), FIELD",6.8099999999999996, SU ,pH,13090001
8736203,1994-04-12,00608,"NITROGEN, AMMONIA, DISSOLVED (MG/L AS N)",0.02,MG/L AS N,nitrogen,13090001
8736203,1994-04-12,00613,"NITRITE NITROGEN, DISSOLVED (MG/L AS N)",0.19,MG/L AS N,nitrogen,13090001
8736203,1994-04-12,00618,"NITRATE NITROGEN, DISSOLVED (MG/L AS N)",8.9700000000000006,MG/L AS N,nitrogen,13090001
8736204,1994-04-21,00010,"TEMPERATURE, WATER (CELSIUS)",30, C  ,temperature,13090001
8736204,1994-04-21,00400,"PH (STANDARD UNITS), FIELD",8.4600000000000009, SU ,pH,13090001
8736204,1994-04-21,00608,"NITROGEN, AMMONIA, DISSOLVED (MG/L AS N)",0.02,MG/L AS N,nitrogen,13090001
8736204,1994-04-21,00613,"NITRITE NITROGEN, DISSOLVED (MG/L AS N)",0.01,MG/L AS N,nitrogen,13090001
8736204,1994-04-21,00618,"NITRATE NITROGEN, DISSOLVED (MG/L AS N)",0.17999999999999999,MG/L AS N,nitrogen,13090001
8736501,1994-04-12,00010,"TEMPERATURE, WATER (CELSIUS)",26.699999999999999, C  ,temperature,13090001
8736501,1994-04-12,00400,"PH (STANDARD UNITS), FIELD",6.96, SU ,pH,13090001
8736501,1994-04-12,00608,"NITROGEN, AMMONIA, DISSOLVED (MG/L AS N)",0.01,MG/L AS N,nitrogen,13090001
8736501,1994-04-12,00613,"NITRITE NITROGEN, DISSOLVED (MG/L AS N)",0.01,MG/L AS N,nitrogen,13090001
8736501,1994-04-12,00618,"NITRATE NITROGEN, DISSOLVED (MG/L AS N)",9.4399999999999995,MG/L AS N,nitrogen,13090001
8736805,2013-07-25,00010,"TEMPERATURE, WATER (CELSIUS)",29.699999999999999, C  ,temperature,13090001
8736805,2017-05-24,00010,"TEMPERATURE, WATER (CELSIUS)",29.5, C  ,temperature,13090001
8736805,2021-06-08,00010,"TEMPERATURE, WATER (CELSIUS)",29.100000000000001, C  ,temperature,13090001
8736805,2013-07-25,00400,"PH (STANDARD UNITS), FIELD",7.2300000000000004, SU ,pH,13090001
8736805,2017-05-24,00400,"PH (STANDARD UNITS), FIELD",7.2000000000000002, SU ,pH,13090001
8736805,2021-06-08,00400,"PH (STANDARD UNITS), FIELD",7.3799999999999999, SU ,pH,13090001
8736805,2013-07-25,00666,"PHOSPHORUS, DISSOLVED (MG/L AS P)",0.02,MG/L AS P,phosphorus,13090001
8736805,2017-05-24,00666,"PHOSPHORUS, DISSOLVED (MG/L AS P)",0.02,MG/L AS P,phosphorus,13090001
8736805,2021-06-08,00666,"PHOSPHORUS, DISSOLVED (MG/L AS P)",0.02,MG/L AS P,phosphorus,13090001
8736806,2021-06-08,00010,"TEMPERATURE, WATER (CELSIUS)",29.100000000000001, C  ,temperature,13090001
8736806,2021-06-08,00400,"PH (STANDARD UNITS), FIELD",7.4699999999999998, SU ,pH,13090001
8736806,2021-06-08,00666,"PHOSPHORUS, DISSOLVED (MG/L AS P)",0.02,MG/L AS P,phosphorus,13090001
8736807,2025-05-14,00010,"TEMPERATURE, WATER (CELSIUS)",29.5, C  ,temperature,13090001
8736807,2025-05-14,00400,"PH (STANDARD UNITS), FIELD",7.3200000000000003, SU ,pH,13090001
8736807,2025-05-14,00666,"PHOSPHORUS, DISSOLVED (MG/L AS P)",0.02,MG/L AS P,phosphorus,13090001
8737203,1992-07-23,00010,"TEMPERATURE, WATER (CELSIUS)",30.399999999999999, C  ,temperature,13090001
8737203,1992-07-23,00400,"PH (STANDARD UNITS), FIELD",7.0899999999999999, SU ,pH,13090001
8737203,1992-07-23,00608,"NITROGEN, AMMONIA, DISSOLVED (MG/L AS N)",0.02,MG/L AS N,nitrogen,13090001
8737203,1992-07-23,00613,"NITRITE NITROGEN, DISSOLVED (MG/L AS N)",0.01,MG/L AS N,nitrogen,13090001
8737203,1992-07-23,00618,"NITRATE NITROGEN, DISSOLVED (MG/L AS N)",7.4100000000000001,MG/L AS N,nitrogen,13090001
8737301,1984-06-24,00400,"PH (STANDARD UNITS), FIELD",8.1999999999999993, SU ,pH,12110208
8737302,1999-08-03,00010,"TEMPERATURE, WATER (CELSIUS)",30, C  ,temperature,12110208
8737302,1999-08-03,00400,"PH (STANDARD UNITS), FIELD",7.0999999999999996, SU ,pH,12110208
8737302,1999-08-03,00608,"NITROGEN, AMMONIA, DISSOLVED (MG/L AS N)",0.02,MG/L AS N,nitrogen,12110208
8737302,1999-08-03,00666,"PHOSPHORUS, DISSOLVED (MG/L AS P)",4.0000000000000001E-2,MG/L AS P,phosphorus,12110208
8737307,1957-08-14,00400,"PH (STANDARD UNITS), FIELD",8.3000000000000007, SU ,pH,12110208
8737309,2013-07-17,00010,"TEMPERATURE, WATER (CELSIUS)",29.199999999999999, C  ,temperature,12110208
8737309,2013-07-17,00400,"PH (STANDARD UNITS), FIELD",7.2199999999999998, SU ,pH,12110208
8737309,2013-07-17,00666,"PHOSPHORUS, DISSOLVED (MG/L AS P)",0.02,MG/L AS P,phosphorus,12110208
8737702,2009-08-26,00010,"TEMPERATURE, WATER (CELSIUS)",27.199999999999999, C  ,temperature,13090001
8737702,2017-05-23,00010,"TEMPERATURE, WATER (CELSIUS)",27.100000000000001, C  ,temperature,13090001
8737702,2025-04-21,00010,"TEMPERATURE, WATER (CELSIUS)",27.100000000000001, C  ,temperature,13090001
8737702,2009-08-26,00300,"OXYGEN, DISSOLVED (MG/L)",5.2000000000000002,mg/L,dissolved_oxygen,13090001
8737702,2009-08-26,00400,"PH (STANDARD UNITS), FIELD",6.8399999999999999, SU ,pH,13090001
8737702,2017-05-23,00400,"PH (STANDARD UNITS), FIELD",6.7599999999999998, SU ,pH,13090001
8737702,2025-04-21,00400,"PH (STANDARD UNITS), FIELD",6.71, SU ,pH,13090001
8737702,2009-08-26,00666,"PHOSPHORUS, DISSOLVED (MG/L AS P)",0.02,MG/L AS P,phosphorus,13090001
8737702,2017-05-23,00666,"PHOSPHORUS, DISSOLVED (MG/L AS P)",0.02,MG/L AS P,phosphorus,13090001
8737702,2025-04-21,00666,"PHOSPHORUS, DISSOLVED (MG/L AS P)",0.02,MG/L AS P,phosphorus,13090001
8737703,2009-08-26,00010,"TEMPERATURE, WATER (CELSIUS)",28.300000000000001, C  ,temperature,13090001
8737703,2013-06-17,00010,"TEMPERATURE, WATER (CELSIUS)",28.5, C  ,temperature,13090001
8737703,2017-05-23,00010,"TEMPERATURE, WATER (CELSIUS)",28.300000000000001, C  ,temperature,13090001
8737703,2021-06-08,00010,"TEMPERATURE, WATER (CELSIUS)",28.300000000000001, C  ,temperature,13090001
8737703,2025-04-21,00010,"TEMPERATURE, WATER (CELSIUS)",27.800000000000001, C  ,temperature,13090001
8737703,2009-08-26,00400,"PH (STANDARD UNITS), FIELD",7.0199999999999996, SU ,pH,13090001
8737703,2013-06-17,00400,"PH (STANDARD UNITS), FIELD",7.0899999999999999, SU ,pH,13090001
8737703,2017-05-23,00400,"PH (STANDARD UNITS), FIELD",6.8799999999999999, SU ,pH,13090001
8737703,2021-06-08,00400,"PH (STANDARD UNITS), FIELD",7.0800000000000001, SU ,pH,13090001
8737703,2025-04-21,00403,PH (STANDARD UNITS) LAB,6.8799999999999999, SU ,pH,13090001
8737703,2009-08-26,00666,"PHOSPHORUS, DISSOLVED (MG/L AS P)",0.02,MG/L AS P,phosphorus,13090001
8737703,2013-06-17,00666,"PHOSPHORUS, DISSOLVED (MG/L AS P)",0.02,MG/L AS P,phosphorus,13090001
8737703,2017-05-23,00666,"PHOSPHORUS, DISSOLVED (MG/L AS P)",3.0099999999999998E-2,MG/L AS P,phosphorus,13090001
8737703,2021-06-08,00666,"PHOSPHORUS, DISSOLVED (MG/L AS P)",0.02,MG/L AS P,phosphorus,13090001
8737703,2025-04-21,00666,"PHOSPHORUS, DISSOLVED (MG/L AS P)",0.02,MG/L AS P,phosphorus,13090001
8737802,2009-08-26,00010,"TEMPERATURE, WATER (CELSIUS)",28.199999999999999, C  ,temperature,12110208
8737802,2009-08-26,00400,"PH (STANDARD UNITS), FIELD",7.2199999999999998, SU ,pH,12110208
8737802,2009-08-26,00666,"PHOSPHORUS, DISSOLVED (MG/L AS P)",0.02,MG/L AS P,phosphorus,12110208
8738101,1981-06-18,00010,"TEMPERATURE, WATER (CELSIUS)",32, C  ,temperature,12110208
8738101,1997-06-12,00010,"TEMPERATURE, WATER (CELSIUS)",30, C  ,temperature,12110208
8738101,2005-08-09,00010,"TEMPERATURE, WATER (CELSIUS)",31.399999999999999, C  ,temperature,12110208
8738101,2009-08-25,00010,"TEMPERATURE, WATER (CELSIUS)",30, C  ,temperature,12110208
8738101,2009-08-25,00300,"OXYGEN, DISSOLVED (MG/L)",3.7999999999999998,mg/L,dissolved_oxygen,12110208
8738101,1981-06-18,00400,"PH (STANDARD UNITS), FIELD",8.1999999999999993, SU ,pH,12110208
8738101,1997-06-12,00400,"PH (STANDARD UNITS), FIELD",8.0800000000000001, SU ,pH,12110208
8738101,2005-08-09,00400,"PH (STANDARD UNITS), FIELD",8.2200000000000006, SU ,pH,12110208
8738101,2009-08-25,00400,"PH (STANDARD UNITS), FIELD",8.1899999999999995, SU ,pH,12110208
8738101,1997-06-12,00608,"NITROGEN, AMMONIA, DISSOLVED (MG/L AS N)",0.10000000000000001,MG/L AS N,nitrogen,12110208
8738101,2009-08-25,00666,"PHOSPHORUS, DISSOLVED (MG/L AS P)",0.02,MG/L AS P,phosphorus,12110208
8738105,2013-06-18,00010,"TEMPERATURE, WATER (CELSIUS)",27.199999999999999, C  ,temperature,12110208
8738105,2013-06-18,00400,"PH (STANDARD UNITS), FIELD",7.3899999999999997, SU ,pH,12110208
8738105,2013-06-18,00666,"PHOSPHORUS, DISSOLVED (MG/L AS P)",0.02,MG/L AS P,phosphorus,12110208
8738702,1950-01-12,00400,"PH (STANDARD UNITS), FIELD",7.9000000000000004, SU ,pH,12110208
8738803,1950-01-12,00400,"PH (STANDARD UNITS), FIELD",8.1999999999999993, SU ,pH,12110208
8738804,2013-07-17,00010,"TEMPERATURE, WATER (CELSIUS)",29.800000000000001, C  ,temperature,12110208
8738804,2013-07-17,00400,"PH (STANDARD UNITS), FIELD",7.3600000000000003, SU ,pH,12110208
8738804,2013-07-17,00666,"PHOSPHORUS, DISSOLVED (MG/L AS P)",0.02,MG/L AS P,phosphorus,12110208
8739201,1950-01-11,00400,"PH (STANDARD UNITS), FIELD",7.4000000000000004, SU ,pH,12110208
8739205,1999-07-14,00010,"TEMPERATURE, WATER (CELSIUS)",26.800000000000001, C  ,temperature,12110208
8739205,1999-07-14,00400,"PH (STANDARD UNITS), FIELD",7.2300000000000004, SU ,pH,12110208
8739205,1999-07-14,00608,"NITROGEN, AMMONIA, DISSOLVED (MG/L AS N)",0.02,MG/L AS N,nitrogen,12110208
8739205,1999-07-14,00666,"PHOSPHORUS, DISSOLVED (MG/L AS P)",4.0000000000000001E-2,MG/L AS P,phosphorus,12110208
8739303,1999-07-14,00010,"TEMPERATURE, WATER (CELSIUS)",27, C  ,temperature,12110208
8739303,1999-07-14,00400,"PH (STANDARD UNITS), FIELD",7.2800000000000002, SU ,pH,12110208
8739303,1999-07-14,00608,"NITROGEN, AMMONIA, DISSOLVED (MG/L AS N)",0.02,MG/L AS N,nitrogen,12110208
8739303,1999-07-14,00666,"PHOSPHORUS, DISSOLVED (MG/L AS P)",4.0000000000000001E-2,MG/L AS P,phosphorus,12110208
8739403,2002-08-26,00010,"TEMPERATURE, WATER (CELSIUS)",29, C  ,temperature,12110208
8739601,1981-06-18,00010,"TEMPERATURE, WATER (CELSIUS)",34, C  ,temperature,12110208
8739601,1992-07-23,00010,"TEMPERATURE, WATER (CELSIUS)",35, C  ,temperature,12110208
8739601,1997-06-12,00010,"TEMPERATURE, WATER (CELSIUS)",34.399999999999999, C  ,temperature,12110208
8739601,1981-06-18,00400,"PH (STANDARD UNITS), FIELD",8, SU ,pH,12110208
8739601,1992-07-23,00400,"PH (STANDARD UNITS), FIELD",7.7400000000000002, SU ,pH,12110208
8739601,1997-06-12,00400,"PH (STANDARD UNITS), FIELD",7.5499999999999998, SU ,pH,12110208
8739601,1992-07-23,00608,"NITROGEN, AMMONIA, DISSOLVED (MG/L AS N)",0.11,MG/L AS N,nitrogen,12110208
8739601,1997-06-12,00608,"NITROGEN, AMMONIA, DISSOLVED (MG/L AS N)",0.11,MG/L AS N,nitrogen,12110208
8739601,1992-07-23,00613,"NITRITE NITROGEN, DISSOLVED (MG/L AS N)",0.01,MG/L AS N,nitrogen,12110208
8739601,1992-07-23,00618,"NITRATE NITROGEN, DISSOLVED (MG/L AS N)",0.11,MG/L AS N,nitrogen,12110208
8740202,2009-09-17,00010,"TEMPERATURE, WATER (CELSIUS)",29.399999999999999, C  ,temperature,12110208
8740202,2009-09-17,00400,"PH (STANDARD UNITS), FIELD",7.4199999999999999, SU ,pH,12110208
8740203,2009-09-17,00010,"TEMPERATURE, WATER (CELSIUS)",28.199999999999999, C  ,temperature,12110208
8740203,2009-09-17,00300,"OXYGEN, DISSOLVED (MG/L)",6,mg/L,dissolved_oxygen,12110208
8740203,2009-09-17,00400,"PH (STANDARD UNITS), FIELD",7.3099999999999996, SU ,pH,12110208
8740405,2009-08-27,00010,"TEMPERATURE, WATER (CELSIUS)",32.100000000000001, C  ,temperature,12110208
8740405,2017-05-23,00010,"TEMPERATURE, WATER (CELSIUS)",27.600000000000001, C  ,temperature,12110208
8740405,2009-08-27,00400,"PH (STANDARD UNITS), FIELD",9.6699999999999999, SU ,pH,12110208
8740405,2017-05-23,00400,"PH (STANDARD UNITS), FIELD",9.5600000000000005, SU ,pH,12110208
8740405,2009-08-27,00666,"PHOSPHORUS, DISSOLVED (MG/L AS P)",0.50700000000000001,MG/L AS P,phosphorus,12110208
8740405,2017-05-23,00666,"PHOSPHORUS, DISSOLVED (MG/L AS P)",4.9399999999999999E-2,MG/L AS P,phosphorus,12110208
8740406,2009-08-27,00010,"TEMPERATURE, WATER (CELSIUS)",30.899999999999999, C  ,temperature,12110208
8740406,2017-05-23,00010,"TEMPERATURE, WATER (CELSIUS)",33.799999999999997, C  ,temperature,12110208
8740406,2025-04-23,00010,"TEMPERATURE, WATER (CELSIUS)",29.199999999999999, C  ,temperature,12110208
8740406,2009-08-27,00400,"PH (STANDARD UNITS), FIELD",8.0399999999999991, SU ,pH,12110208
8740406,2017-05-23,00400,"PH (STANDARD UNITS), FIELD",7.9699999999999998, SU ,pH,12110208
8740406,2025-04-23,00400,"PH (STANDARD UNITS), FIELD",8, SU ,pH,12110208
8740406,2009-08-27,00666,"PHOSPHORUS, DISSOLVED (MG/L AS P)",0.02,MG/L AS P,phosphorus,12110208
8740406,2017-05-23,00666,"PHOSPHORUS, DISSOLVED (MG/L AS P)",0.02,MG/L AS P,phosphorus,12110208
8740406,2025-04-23,00666,"PHOSPHORUS, DISSOLVED (MG/L AS P)",0.02,MG/L AS P,phosphorus,12110208
8740407,2013-07-23,00010,"TEMPERATURE, WATER (CELSIUS)",28.899999999999999, C  ,temperature,12110208
8740407,2025-04-23,00010,"TEMPERATURE, WATER (CELSIUS)",29.699999999999999, C  ,temperature,12110208
8740407,2013-07-23,00400,"PH (STANDARD UNITS), FIELD",7.5099999999999998, SU ,pH,12110208
8740407,2025-04-23,00400,"PH (STANDARD UNITS), FIELD",7.3899999999999997, SU ,pH,12110208
8740407,2013-07-23,00666,"PHOSPHORUS, DISSOLVED (MG/L AS P)",0.02,MG/L AS P,phosphorus,12110208
8740407,2025-04-23,00666,"PHOSPHORUS, DISSOLVED (MG/L AS P)",0.02,MG/L AS P,phosphorus,12110208
8740503,2009-08-27,00010,"TEMPERATURE, WATER (CELSIUS)",29.399999999999999, C  ,temperature,12110208
8740503,2013-06-18,00010,"TEMPERATURE, WATER (CELSIUS)",29, C  ,temperature,12110208
8740503,2017-05-23,00010,"TEMPERATURE, WATER (CELSIUS)",29.100000000000001, C  ,temperature,12110208
8740503,2021-06-09,00010,"TEMPERATURE, WATER (CELSIUS)",28.100000000000001, C  ,temperature,12110208
8740503,2025-04-23,00010,"TEMPERATURE, WATER (CELSIUS)",29.199999999999999, C  ,temperature,12110208
8740503,2009-08-27,00400,"PH (STANDARD UNITS), FIELD",7.8700000000000001, SU ,pH,12110208
8740503,2013-06-18,00400,"PH (STANDARD UNITS), FIELD",8.2200000000000006, SU ,pH,12110208
8740503,2017-05-23,00400,"PH (STANDARD UNITS), FIELD",7.7300000000000004, SU ,pH,12110208
8740503,2021-06-09,00400,"PH (STANDARD UNITS), FIELD",8.8499999999999996, SU ,pH,12110208
8740503,2025-04-23,00400,"PH (STANDARD UNITS), FIELD",7.7599999999999998, SU ,pH,12110208
8740503,2009-08-27,00666,"PHOSPHORUS, DISSOLVED (MG/L AS P)",0.02,MG/L AS P,phosphorus,12110208
8740503,2013-06-18,00666,"PHOSPHORUS, DISSOLVED (MG/L AS P)",0.02,MG/L AS P,phosphorus,12110208
8740503,2017-05-23,00666,"PHOSPHORUS, DISSOLVED (MG/L AS P)",0.02,MG/L AS P,phosphorus,12110208
8740503,2021-06-09,00666,"PHOSPHORUS, DISSOLVED (MG/L AS P)",2.1399999999999999E-2,MG/L AS P,phosphorus,12110208
8740503,2025-04-23,00666,"PHOSPHORUS, DISSOLVED (MG/L AS P)",0.0229,MG/L AS P,phosphorus,12110208
8740803,2009-09-17,00010,"TEMPERATURE, WATER (CELSIUS)",29.199999999999999, C  ,temperature,12110208
8740803,2017-06-21,00010,"TEMPERATURE, WATER (CELSIUS)",28.300000000000001, C  ,temperature,12110208
8740803,2009-09-17,00400,"PH (STANDARD UNITS), FIELD",8.0999999999999996, SU ,pH,12110208
8740803,2017-06-21,00400,"PH (STANDARD UNITS), FIELD",8.1600000000000001, SU ,pH,12110208
8740803,2017-06-21,00666,"PHOSPHORUS, DISSOLVED (MG/L AS P)",6.6400000000000001E-2,MG/L AS P,phosphorus,12110208
8742102,1957-07-23,00400,"PH (STANDARD UNITS), FIELD",7.0999999999999996, SU ,pH,13090001
8742103,1969-05-29,00010,"TEMPERATURE, WATER (CELSIUS)",28, C  ,temperature,13090001
8742103,1969-05-29,00400,"PH (STANDARD UNITS), FIELD",7.5, SU ,pH,13090001
8742104,1978-08-22,00400,"PH (STANDARD UNITS), FIELD",7.7999999999999998, SU ,pH,13090001
8742205,1957-07-30,00400,"PH (STANDARD UNITS), FIELD",7.2000000000000002, SU ,pH,13090001
8742304,1957-08-23,00400,"PH (STANDARD UNITS), FIELD",7.2000000000000002, SU ,pH,13090001
8742307,1957-08-21,00400,"PH (STANDARD UNITS), FIELD",7.2000000000000002, SU ,pH,13090001
8743301,1981-06-23,00010,"TEMPERATURE, WATER (CELSIUS)",27, C  ,temperature,13090001
8743301,1950-09-28,00400,"PH (STANDARD UNITS), FIELD",8.1999999999999993, SU ,pH,13090001
8743301,1981-06-23,00400,"PH (STANDARD UNITS), FIELD",8, SU ,pH,13090001
8743304,1950-09-28,00400,"PH (STANDARD UNITS), FIELD",7.9000000000000004, SU ,pH,13090001
8743311,1992-06-24,00010,"TEMPERATURE, WATER (CELSIUS)",27, C  ,temperature,13090001
8743311,1992-06-24,00400,"PH (STANDARD UNITS), FIELD",6.71, SU ,pH,13090001
8743311,1992-06-24,00608,"NITROGEN, AMMONIA, DISSOLVED (MG/L AS N)",0.02,MG/L AS N,nitrogen,13090001
8743311,1992-06-24,00613,"NITRITE NITROGEN, DISSOLVED (MG/L AS N)",0.01,MG/L AS N,nitrogen,13090001
8743311,1992-06-24,00618,"NITRATE NITROGEN, DISSOLVED (MG/L AS N)",1.6100000000000001,MG/L AS N,nitrogen,13090001
8743312,1994-04-20,00010,"TEMPERATURE, WATER (CELSIUS)",25.899999999999999, C  ,temperature,13090001
8743312,1994-04-20,00400,"PH (STANDARD UNITS), FIELD",6.9100000000000001, SU ,pH,13090001
8743312,1994-04-20,00608,"NITROGEN, AMMONIA, DISSOLVED (MG/L AS N)",0.01,MG/L AS N,nitrogen,13090001
8743312,1994-04-20,00613,"NITRITE NITROGEN, DISSOLVED (MG/L AS N)",0.01,MG/L AS N,nitrogen,13090001
8743312,1994-04-20,00618,"NITRATE NITROGEN, DISSOLVED (MG/L AS N)",7.2000000000000002,MG/L AS N,nitrogen,13090001
8743313,1994-04-20,00010,"TEMPERATURE, WATER (CELSIUS)",26.899999999999999, C  ,temperature,13090001
8743313,1994-04-20,00400,"PH (STANDARD UNITS), FIELD",7.1299999999999999, SU ,pH,13090001
8743313,1994-04-20,00608,"NITROGEN, AMMONIA, DISSOLVED (MG/L AS N)",0.01,MG/L AS N,nitrogen,13090001
8743313,1994-04-20,00613,"NITRITE NITROGEN, DISSOLVED (MG/L AS N)",0.01,MG/L AS N,nitrogen,13090001
8743313,1994-04-20,00618,"NITRATE NITROGEN, DISSOLVED (MG/L AS N)",7.3399999999999999,MG/L AS N,nitrogen,13090001
8743406,1957-07-24,00400,"PH (STANDARD UNITS), FIELD",6.9000000000000004, SU ,pH,13090001
8743407,1957-07-24,00400,"PH (STANDARD UNITS), FIELD",7.4000000000000004, SU ,pH,13090001
8743601,1950-09-28,00400,"PH (STANDARD UNITS), FIELD",8.3000000000000007, SU ,pH,13090001
8743604,1984-06-25,00010,"TEMPERATURE, WATER (CELSIUS)",29, C  ,temperature,13090001
8743604,1984-06-25,00400,"PH (STANDARD UNITS), FIELD",7.9000000000000004, SU ,pH,13090001
8743605,1994-04-20,00010,"TEMPERATURE, WATER (CELSIUS)",26.600000000000001, C  ,temperature,13090001
8743605,1994-04-20,00400,"PH (STANDARD UNITS), FIELD",6.9500000000000002, SU ,pH,13090001
8743605,1994-04-20,00608,"NITROGEN, AMMONIA, DISSOLVED (MG/L AS N)",4.0000000000000001E-2,MG/L AS N,nitrogen,13090001
8743605,1994-04-20,00613,"NITRITE NITROGEN, DISSOLVED (MG/L AS N)",5.0000000000000003E-2,MG/L AS N,nitrogen,13090001
8743605,1994-04-20,00618,"NITRATE NITROGEN, DISSOLVED (MG/L AS N)",11.19,MG/L AS N,nitrogen,13090001
8743702,1957-07-23,00400,"PH (STANDARD UNITS), FIELD",6.9000000000000004, SU ,pH,13090001
8743804,1957-07-23,00400,"PH (STANDARD UNITS), FIELD",7.2000000000000002, SU ,pH,13090001
8743811,1957-07-29,00400,"PH (STANDARD UNITS), FIELD",7.2000000000000002, SU ,pH,13090001
8743813,1975-09-09,00010,"TEMPERATURE, WATER (CELSIUS)",26, C  ,temperature,13090001
8743813,1978-08-22,00010,"TEMPERATURE, WATER (CELSIUS)",25, C  ,temperature,13090001
8743813,1975-09-09,00400,"PH (STANDARD UNITS), FIELD",8, SU ,pH,13090001
8743813,1978-08-22,00400,"PH (STANDARD UNITS), FIELD",7.7000000000000002, SU ,pH,13090001
8743907,1957-07-29,00400,"PH (STANDARD UNITS), FIELD",7.2999999999999998, SU ,pH,13090001
8743911,1957-08-06,00400,"PH (STANDARD UNITS), FIELD",7.2000000000000002, SU ,pH,13090001
8743913,1957-08-16,00400,"PH (STANDARD UNITS), FIELD",7.0999999999999996, SU ,pH,13090001
8744203,1994-04-13,00010,"TEMPERATURE, WATER (CELSIUS)",26.600000000000001, C  ,temperature,13090001
8744203,1999-07-09,00010,"TEMPERATURE, WATER (CELSIUS)",27.399999999999999, C  ,temperature,13090001
8744203,2003-08-19,00010,"TEMPERATURE, WATER (CELSIUS)",27, C  ,temperature,13090001
8744203,1994-04-13,00400,"PH (STANDARD UNITS), FIELD",6.7199999999999998, SU ,pH,13090001
8744203,1999-07-09,00400,"PH (STANDARD UNITS), FIELD",6.6900000000000004, SU ,pH,13090001
8744203,2003-08-19,00400,"PH (STANDARD UNITS), FIELD",6.8200000000000003, SU ,pH,13090001
8744203,1994-04-13,00608,"NITROGEN, AMMONIA, DISSOLVED (MG/L AS N)",0.01,MG/L AS N,nitrogen,13090001
8744203,1999-07-09,00608,"NITROGEN, AMMONIA, DISSOLVED (MG/L AS N)",0.02,MG/L AS N,nitrogen,13090001
8744203,1994-04-13,00613,"NITRITE NITROGEN, DISSOLVED (MG/L AS N)",0.01,MG/L AS N,nitrogen,13090001
8744203,1994-04-13,00618,"NITRATE NITROGEN, DISSOLVED (MG/L AS N)",79.370000000000005,MG/L AS N,nitrogen,13090001
8744203,1999-07-09,00666,"PHOSPHORUS, DISSOLVED (MG/L AS P)",4.0000000000000001E-2,MG/L AS P,phosphorus,13090001
8744204,1950-01-13,00400,"PH (STANDARD UNITS), FIELD",7.5, SU ,pH,13090001
8744205,1994-04-13,00010,"TEMPERATURE, WATER (CELSIUS)",28.399999999999999, C  ,temperature,13090001
8744205,1999-07-09,00010,"TEMPERATURE, WATER (CELSIUS)",29, C  ,temperature,13090001
8744205,2001-03-14,00010,"TEMPERATURE, WATER (CELSIUS)",28.100000000000001, C  ,temperature,13090001
8744205,2005-03-16,00010,"TEMPERATURE, WATER (CELSIUS)",25.100000000000001, C  ,temperature,13090001
8744205,1994-04-13,00400,"PH (STANDARD UNITS), FIELD",6.7699999999999996, SU ,pH,13090001
8744205,1999-07-09,00400,"PH (STANDARD UNITS), FIELD",6.9299999999999997, SU ,pH,13090001
8744205,2001-03-14,00400,"PH (STANDARD UNITS), FIELD",6.7800000000000002, SU ,pH,13090001
8744205,2005-03-16,00400,"PH (STANDARD UNITS), FIELD",7, SU ,pH,13090001
8744205,1994-04-13,00608,"NITROGEN, AMMONIA, DISSOLVED (MG/L AS N)",0.02,MG/L AS N,nitrogen,13090001
8744205,1999-07-09,00608,"NITROGEN, AMMONIA, DISSOLVED (MG/L AS N)",0.02,MG/L AS N,nitrogen,13090001
8744205,1994-04-13,00613,"NITRITE NITROGEN, DISSOLVED (MG/L AS N)",0.01,MG/L AS N,nitrogen,13090001
8744205,1994-04-13,00618,"NITRATE NITROGEN, DISSOLVED (MG/L AS N)",9.3399999999999999,MG/L AS N,nitrogen,13090001
8744205,1999-07-09,00666,"PHOSPHORUS, DISSOLVED (MG/L AS P)",4.0000000000000001E-2,MG/L AS P,phosphorus,13090001
8744206,1994-04-19,00010,"TEMPERATURE, WATER (CELSIUS)",28.600000000000001, C  ,temperature,13090001
8744206,1994-04-19,00400,"PH (STANDARD UNITS), FIELD",7.1600000000000001, SU ,pH,13090001
8744206,1994-04-19,00608,"NITROGEN, AMMONIA, DISSOLVED (MG/L AS N)",0.01,MG/L AS N,nitrogen,13090001
8744206,1994-04-19,00613,"NITRITE NITROGEN, DISSOLVED (MG/L AS N)",0.01,MG/L AS N,nitrogen,13090001
8744206,1994-04-19,00618,"NITRATE NITROGEN, DISSOLVED (MG/L AS N)",11.48,MG/L AS N,nitrogen,13090001
8744501,1980-12-18,00400,"PH (STANDARD UNITS), FIELD",8.1999999999999993, SU ,pH,13090001
8744701,1957-08-16,00400,"PH (STANDARD UNITS), FIELD",7.2000000000000002, SU ,pH,13090001
8744702,1957-08-16,00400,"PH (STANDARD UNITS), FIELD",7.0999999999999996, SU ,pH,13090001
8745801,1999-08-05,00010,"TEMPERATURE, WATER (CELSIUS)",28.100000000000001, C  ,temperature,13090001
8745801,2005-08-10,00010,"TEMPERATURE, WATER (CELSIUS)",28.899999999999999, C  ,temperature,13090001
8745801,2009-08-04,00010,"TEMPERATURE, WATER (CELSIUS)",28.399999999999999, C  ,temperature,13090001
8745801,1999-08-05,00400,"PH (STANDARD UNITS), FIELD",7.0499999999999998, SU ,pH,13090001
8745801,2005-08-10,00400,"PH (STANDARD UNITS), FIELD",7.2400000000000002, SU ,pH,13090001
8745801,2009-08-04,00400,"PH (STANDARD UNITS), FIELD",7.0700000000000003, SU ,pH,13090001
8745801,1999-08-05,00608,"NITROGEN, AMMONIA, DISSOLVED (MG/L AS N)",0.02,MG/L AS N,nitrogen,13090001
8745801,1999-08-05,00666,"PHOSPHORUS, DISSOLVED (MG/L AS P)",4.0000000000000001E-2,MG/L AS P,phosphorus,13090001
8745801,2009-08-04,00666,"PHOSPHORUS, DISSOLVED (MG/L AS P)",0.02,MG/L AS P,phosphorus,13090001
8745804,1957-08-06,00400,"PH (STANDARD UNITS), FIELD",7.5999999999999996, SU ,pH,12110208
8745805,2005-08-10,00010,"TEMPERATURE, WATER (CELSIUS)",26.300000000000001, C  ,temperature,12110208
8745805,2005-08-10,00400,"PH (STANDARD UNITS), FIELD",7.3899999999999997, SU ,pH,12110208
8745901,1981-06-18,00010,"TEMPERATURE, WATER (CELSIUS)",28, C  ,temperature,12110208
8745901,1988-07-20,00010,"TEMPERATURE, WATER (CELSIUS)",28, C  ,temperature,12110208
8745901,1981-06-18,00400,"PH (STANDARD UNITS), FIELD",7.7999999999999998, SU ,pH,12110208
8745901,1982-06-10,00400,"PH (STANDARD UNITS), FIELD",8, SU ,pH,12110208
8746202,1983-08-07,00400,"PH (STANDARD UNITS), FIELD",8.3000000000000007, SU ,pH,12110208
8746203,1950-01-12,00400,"PH (STANDARD UNITS), FIELD",7.4000000000000004, SU ,pH,12110208
8746301,1983-08-19,00400,"PH (STANDARD UNITS), FIELD",7.7999999999999998, SU ,pH,12110208
8746401,1984-06-27,00010,"TEMPERATURE, WATER (CELSIUS)",26, C  ,temperature,12110208
8746401,1988-07-21,00010,"TEMPERATURE, WATER (CELSIUS)",25, C  ,temperature,12110208
8746401,1980-12-17,00400,"PH (STANDARD UNITS), FIELD",8.1999999999999993, SU ,pH,12110208
8746401,1984-06-27,00400,"PH (STANDARD UNITS), FIELD",8, SU ,pH,12110208
8746401,1988-07-21,00400,"PH (STANDARD UNITS), FIELD",7.2999999999999998, SU ,pH,12110208
8746403,1982-06-10,00400,"PH (STANDARD UNITS), FIELD",7.7000000000000002, SU ,pH,12110208
8746404,1984-06-27,00010,"TEMPERATURE, WATER (CELSIUS)",32, C  ,temperature,12110208
8746404,1984-06-27,00400,"PH (STANDARD UNITS), FIELD",8.1999999999999993, SU ,pH,12110208
8746407,1957-04-14,00400,"PH (STANDARD UNITS), FIELD",7.5, SU ,pH,12110208
8746601,1999-07-15,00010,"TEMPERATURE, WATER (CELSIUS)",27.600000000000001, C  ,temperature,12110208
8746601,1999-07-15,00400,"PH (STANDARD UNITS), FIELD",7.1600000000000001, SU ,pH,12110208
8746601,1999-07-15,00608,"NITROGEN, AMMONIA, DISSOLVED (MG/L AS N)",0.02,MG/L AS N,nitrogen,12110208
8746601,1999-07-15,00666,"PHOSPHORUS, DISSOLVED (MG/L AS P)",4.0000000000000001E-2,MG/L AS P,phosphorus,12110208
8746604,1957-08-08,00400,"PH (STANDARD UNITS), FIELD",7.5999999999999996, SU ,pH,12110208
8746604,1957-10-31,00400,"PH (STANDARD UNITS), FIELD",8, SU ,pH,12110208
8746608,2025-04-21,00010,"TEMPERATURE, WATER (CELSIUS)",27, C  ,temperature,12110208
8746608,2025-04-21,00400,"PH (STANDARD UNITS), FIELD",6.9800000000000004, SU ,pH,12110208
8746608,2025-04-21,00666,"PHOSPHORUS, DISSOLVED (MG/L AS P)",2.1600000000000001E-2,MG/L AS P,phosphorus,12110208
8746701,1997-06-13,00010,"TEMPERATURE, WATER (CELSIUS)",28.300000000000001, C  ,temperature,12110208
8746701,2005-08-16,00010,"TEMPERATURE, WATER (CELSIUS)",28.100000000000001, C  ,temperature,12110208
8746701,2009-08-04,00010,"TEMPERATURE, WATER (CELSIUS)",29.199999999999999, C  ,temperature,12110208
8746701,2013-06-18,00010,"TEMPERATURE, WATER (CELSIUS)",27.800000000000001, C  ,temperature,12110208
8746701,2009-08-04,00300,"OXYGEN, DISSOLVED (MG/L)",5.9000000000000004,mg/L,dissolved_oxygen,12110208
8746701,1982-06-10,00400,"PH (STANDARD UNITS), FIELD",8.0999999999999996, SU ,pH,12110208
8746701,1997-06-13,00400,"PH (STANDARD UNITS), FIELD",7.1699999999999999, SU ,pH,12110208
8746701,2005-08-16,00400,"PH (STANDARD UNITS), FIELD",7.3200000000000003, SU ,pH,12110208
8746701,2009-08-04,00400,"PH (STANDARD UNITS), FIELD",7.1100000000000003, SU ,pH,12110208
8746701,2013-06-18,00400,"PH (STANDARD UNITS), FIELD",7.3700000000000001, SU ,pH,12110208
8746701,1997-06-13,00608,"NITROGEN, AMMONIA, DISSOLVED (MG/L AS N)",0.10000000000000001,MG/L AS N,nitrogen,12110208
8746701,2009-08-04,00666,"PHOSPHORUS, DISSOLVED (MG/L AS P)",0.02,MG/L AS P,phosphorus,12110208
8746701,2013-06-18,00666,"PHOSPHORUS, DISSOLVED (MG/L AS P)",0.02,MG/L AS P,phosphorus,12110208
8746702,1983-08-19,00400,"PH (STANDARD UNITS), FIELD",7.7999999999999998, SU ,pH,12110208
8746703,1982-03-15,00400,"PH (STANDARD UNITS), FIELD",7.7999999999999998, SU ,pH,12110208
8746704,1983-06-09,00400,"PH (STANDARD UNITS), FIELD",7.7000000000000002, SU ,pH,12110208
8746707,1957-08-07,00400,"PH (STANDARD UNITS), FIELD",7.5999999999999996, SU ,pH,12110208
8746708,1957-08-07,00400,"PH (STANDARD UNITS), FIELD",7.7999999999999998, SU ,pH,12110208
8746709,1957-08-12,00400,"PH (STANDARD UNITS), FIELD",7.9000000000000004, SU ,pH,12110208
8746903,1953-05-01,00400,"PH (STANDARD UNITS), FIELD",7.5, SU ,pH,12110208
8746905,1956-08-15,00400,"PH (STANDARD UNITS), FIELD",7, SU ,pH,12110208
8746906,1953-01-09,00400,"PH (STANDARD UNITS), FIELD",7.4000000000000004, SU ,pH,12110208
8746908,1945-05-21,00400,"PH (STANDARD UNITS), FIELD",7.7999999999999998, SU ,pH,12110208
8746915,1957-08-16,00400,"PH (STANDARD UNITS), FIELD",7.2000000000000002, SU ,pH,12110208
8747201,1999-08-03,00010,"TEMPERATURE, WATER (CELSIUS)",26.399999999999999, C  ,temperature,12110208
8747201,2002-07-30,00010,"TEMPERATURE, WATER (CELSIUS)",26.5, C  ,temperature,12110208
8747201,2005-08-11,00010,"TEMPERATURE, WATER (CELSIUS)",26.199999999999999, C  ,temperature,12110208
8747201,1999-08-03,00400,"PH (STANDARD UNITS), FIELD",7.0199999999999996, SU ,pH,12110208
8747201,2002-07-30,00400,"PH (STANDARD UNITS), FIELD",6.9699999999999998, SU ,pH,12110208
8747201,2005-08-11,00400,"PH (STANDARD UNITS), FIELD",7.0300000000000002, SU ,pH,12110208
8747201,1999-08-03,00608,"NITROGEN, AMMONIA, DISSOLVED (MG/L AS N)",0.02,MG/L AS N,nitrogen,12110208
8747201,1999-08-03,00666,"PHOSPHORUS, DISSOLVED (MG/L AS P)",4.0000000000000001E-2,MG/L AS P,phosphorus,12110208
8747203,1998-06-23,00400,"PH (STANDARD UNITS), FIELD",7.6200000000000001, SU ,pH,12110208
8747206,1998-08-11,00400,"PH (STANDARD UNITS), FIELD",7.5, SU ,pH,12110208
8747302,1945-09-14,00400,"PH (STANDARD UNITS), FIELD",9.3000000000000007, SU ,pH,12110208
8747402,1983-08-19,00400,"PH (STANDARD UNITS), FIELD",7.7999999999999998, SU ,pH,12110208
8747403,1983-08-06,00400,"PH (STANDARD UNITS), FIELD",7.9000000000000004, SU ,pH,12110208
8747407,1953-04-24,00400,"PH (STANDARD UNITS), FIELD",7.0999999999999996, SU ,pH,12110208
8747601,1999-07-20,00010,"TEMPERATURE, WATER (CELSIUS)",27, C  ,temperature,12110208
8747601,2005-08-16,00010,"TEMPERATURE, WATER (CELSIUS)",29.399999999999999, C  ,temperature,12110208
8747601,1999-07-20,00400,"PH (STANDARD UNITS), FIELD",6.9299999999999997, SU ,pH,12110208
8747601,2005-08-16,00400,"PH (STANDARD UNITS), FIELD",7.1900000000000004, SU ,pH,12110208
8747601,1999-07-20,00608,"NITROGEN, AMMONIA, DISSOLVED (MG/L AS N)",0.02,MG/L AS N,nitrogen,12110208
8747601,1999-07-20,00666,"PHOSPHORUS, DISSOLVED (MG/L AS P)",4.0000000000000001E-2,MG/L AS P,phosphorus,12110208
8747605,1957-10-22,00400,"PH (STANDARD UNITS), FIELD",7.5999999999999996, SU ,pH,12110208
8747704,2001-03-01,00010,"TEMPERATURE, WATER (CELSIUS)",26.600000000000001, C  ,temperature,12110208
8747704,2001-03-01,00400,"PH (STANDARD UNITS), FIELD",7, SU ,pH,12110208
8747801,1996-11-09,00608,"NITROGEN, AMMONIA, DISSOLVED (MG/L AS N)",0.10000000000000001,MG/L AS N,nitrogen,12110208
8747801,1996-11-10,00608,"NITROGEN, AMMONIA, DISSOLVED (MG/L AS N)",0.10000000000000001,MG/L AS N,nitrogen,12110208
8747802,1999-09-23,00010,"TEMPERATURE, WATER (CELSIUS)",27, C  ,temperature,12110208
8747802,2001-05-22,00010,"TEMPERATURE, WATER (CELSIUS)",32.100000000000001, C  ,temperature,12110208
8747802,2005-08-15,00010,"TEMPERATURE, WATER (CELSIUS)",28.800000000000001, C  ,temperature,12110208
8747802,2009-08-04,00010,"TEMPERATURE, WATER (CELSIUS)",28.100000000000001, C  ,temperature,12110208
8747802,2013-07-23,00010,"TEMPERATURE, WATER (CELSIUS)",28.399999999999999, C  ,temperature,12110208
8747802,2017-05-23,00010,"TEMPERATURE, WATER (CELSIUS)",30, C  ,temperature,12110208
8747802,2009-08-04,00300,"OXYGEN, DISSOLVED (MG/L)",4.2000000000000002,mg/L,dissolved_oxygen,12110208
8747802,1999-09-23,00400,"PH (STANDARD UNITS), FIELD",6.8200000000000003, SU ,pH,12110208
8747802,2001-05-22,00400,"PH (STANDARD UNITS), FIELD",6.9500000000000002, SU ,pH,12110208
8747802,2005-08-15,00400,"PH (STANDARD UNITS), FIELD",6.75, SU ,pH,12110208
8747802,2009-08-04,00400,"PH (STANDARD UNITS), FIELD",7.2800000000000002, SU ,pH,12110208
8747802,2013-07-23,00400,"PH (STANDARD UNITS), FIELD",6.8600000000000003, SU ,pH,12110208
8747802,2017-05-23,00400,"PH (STANDARD UNITS), FIELD",7, SU ,pH,12110208
8747802,2009-08-04,00666,"PHOSPHORUS, DISSOLVED (MG/L AS P)",0.02,MG/L AS P,phosphorus,12110208
8747802,2013-07-23,00666,"PHOSPHORUS, DISSOLVED (MG/L AS P)",0.02,MG/L AS P,phosphorus,12110208
8747802,2017-05-23,00666,"PHOSPHORUS, DISSOLVED (MG/L AS P)",2.8299999999999999E-2,MG/L AS P,phosphorus,12110208
8747804,1953-04-16,00400,"PH (STANDARD UNITS), FIELD",7.7000000000000002, SU ,pH,12110208
8747902,1953-08-27,00400,"PH (STANDARD UNITS), FIELD",7.9000000000000004, SU ,pH,12110208
8748305,1958-05-15,00400,"PH (STANDARD UNITS), FIELD",7.4000000000000004, SU ,pH,12110208
8748401,1957-10-22,00400,"PH (STANDARD UNITS), FIELD",7.5999999999999996, SU ,pH,12110208
8748601,1957-07-22,00400,"PH (STANDARD UNITS), FIELD",7.4000000000000004, SU ,pH,12110208
8748603,1958-07-02,00400,"PH (STANDARD UNITS), FIELD",7.2000000000000002, SU ,pH,12110208
8748703,1984-06-28,00010,"TEMPERATURE, WATER (CELSIUS)",28, C  ,temperature,12110208
8748703,1999-07-01,00010,"TEMPERATURE, WATER (CELSIUS)",27.199999999999999, C  ,temperature,12110208
8748703,2005-08-11,00010,"TEMPERATURE, WATER (CELSIUS)",26.800000000000001, C  ,temperature,12110208
8748703,1975-02-18,00400,"PH (STANDARD UNITS), FIELD",7.5, SU ,pH,12110208
8748703,1977-08-09,00400,"PH (STANDARD UNITS), FIELD",8, SU ,pH,12110208
8748703,1984-06-28,00400,"PH (STANDARD UNITS), FIELD",7.9000000000000004, SU ,pH,12110208
8748703,1999-07-01,00400,"PH (STANDARD UNITS), FIELD",7, SU ,pH,12110208
8748703,2005-08-11,00400,"PH (STANDARD UNITS), FIELD",7.0999999999999996, SU ,pH,12110208
8748703,1975-02-18,00605,"NITROGEN, ORGANIC, TOTAL (MG/L AS N)",0.10000000000000001,MG/L AS N,nitrogen,12110208
8748703,1999-07-01,00608,"NITROGEN, AMMONIA, DISSOLVED (MG/L AS N)",0.02,MG/L AS N,nitrogen,12110208
8748703,1975-02-18,00615,"NITRITE NITROGEN, TOTAL (MG/L AS N)",0.01,MG/L AS N,nitrogen,12110208
8748703,1975-02-18,00620,"NITRATE NITROGEN, TOTAL (MG/L AS N)",0.57999999999999996,MG/L AS N,nitrogen,12110208
8748703,1999-07-01,00666,"PHOSPHORUS, DISSOLVED (MG/L AS P)",4.0000000000000001E-2,MG/L AS P,phosphorus,12110208
8748802,1958-07-02,00400,"PH (STANDARD UNITS), FIELD",7.0999999999999996, SU ,pH,12110208
8748901,1958-07-02,00400,"PH (STANDARD UNITS), FIELD",7.2999999999999998, SU ,pH,12110208
8752306,1977-08-08,00400,"PH (STANDARD UNITS), FIELD",7.7000000000000002, SU ,pH,13090001
8752312,1957-08-01,00400,"PH (STANDARD UNITS), FIELD",7.7000000000000002, SU ,pH,13090001
8753102,1957-08-06,00400,"PH (STANDARD UNITS), FIELD",7.4000000000000004, SU ,pH,12110208
8753103,1957-08-06,00400,"PH (STANDARD UNITS), FIELD",7.5999999999999996, SU ,pH,12110208
8753204,1969-05-27,00010,"TEMPERATURE, WATER (CELSIUS)",27, C  ,temperature,12110208
8753204,1957-08-15,00400,"PH (STANDARD UNITS), FIELD",8.1999999999999993, SU ,pH,12110208
8753204,1969-05-27,00400,"PH (STANDARD UNITS), FIELD",7.4000000000000004, SU ,pH,12110208
8753205,1999-08-04,00010,"TEMPERATURE, WATER (CELSIUS)",26.600000000000001, C  ,temperature,13090002
8753205,2002-07-30,00010,"TEMPERATURE, WATER (CELSIUS)",26.600000000000001, C  ,temperature,13090002
8753205,1999-08-04,00400,"PH (STANDARD UNITS), FIELD",6.8300000000000001, SU ,pH,13090002
8753205,2002-07-30,00400,"PH (STANDARD UNITS), FIELD",6.8499999999999996, SU ,pH,13090002
8753205,1999-08-04,00608,"NITROGEN, AMMONIA, DISSOLVED (MG/L AS N)",0.02,MG/L AS N,nitrogen,13090002
8753205,1999-08-04,00666,"PHOSPHORUS, DISSOLVED (MG/L AS P)",4.0000000000000001E-2,MG/L AS P,phosphorus,13090002
8753304,1999-09-21,00010,"TEMPERATURE, WATER (CELSIUS)",26.199999999999999, C  ,temperature,12110208
8753304,2005-08-10,00010,"TEMPERATURE, WATER (CELSIUS)",26.100000000000001, C  ,temperature,12110208
8753304,1999-09-21,00400,"PH (STANDARD UNITS), FIELD",7.1699999999999999, SU ,pH,12110208
8753304,2005-08-10,00400,"PH (STANDARD UNITS), FIELD",7.2800000000000002, SU ,pH,12110208
8753313,1957-08-12,00400,"PH (STANDARD UNITS), FIELD",8.1999999999999993, SU ,pH,12110208
8753314,1956-08-28,00400,"PH (STANDARD UNITS), FIELD",8.0999999999999996, SU ,pH,12110208
8753314,1956-08-29,00400,"PH (STANDARD UNITS), FIELD",8.5999999999999996, SU ,pH,12110208
8753314,1956-08-29,00400,"PH (STANDARD UNITS), FIELD",8, SU ,pH,12110208
8753314,1956-08-30,00400,"PH (STANDARD UNITS), FIELD",8.0999999999999996, SU ,pH,12110208
8753315,1956-09-11,00400,"PH (STANDARD UNITS), FIELD",7.5, SU ,pH,12110208
8753315,1956-09-11,00400,"PH (STANDARD UNITS), FIELD",8.4000000000000004, SU ,pH,12110208
8753316,1956-08-20,00400,"PH (STANDARD UNITS), FIELD",7.9000000000000004, SU ,pH,12110208
8753316,1956-08-20,00400,"PH (STANDARD UNITS), FIELD",8, SU ,pH,12110208
8753316,1956-08-21,00400,"PH (STANDARD UNITS), FIELD",7.2999999999999998, SU ,pH,12110208
8753507,1957-08-27,00400,"PH (STANDARD UNITS), FIELD",7.2000000000000002, SU ,pH,13090002
8753508,1957-08-22,00400,"PH (STANDARD UNITS), FIELD",7.2000000000000002, SU ,pH,13090002
8753605,1999-07-21,00010,"TEMPERATURE, WATER (CELSIUS)",28.5, C  ,temperature,12110208
8753605,1999-07-21,00400,"PH (STANDARD UNITS), FIELD",7.4100000000000001, SU ,pH,12110208
8753605,1999-07-21,00608,"NITROGEN, AMMONIA, DISSOLVED (MG/L AS N)",0.02,MG/L AS N,nitrogen,12110208
8753605,1999-07-21,00666,"PHOSPHORUS, DISSOLVED (MG/L AS P)",4.0000000000000001E-2,MG/L AS P,phosphorus,12110208
8753614,2000-01-12,00010,"TEMPERATURE, WATER (CELSIUS)",25.100000000000001, C  ,temperature,13090002
8753614,2000-01-12,00400,"PH (STANDARD UNITS), FIELD",6.8700000000000001, SU ,pH,13090002
8753617,1953-04-23,00400,"PH (STANDARD UNITS), FIELD",7, SU ,pH,12110208
8754102,1983-08-19,00400,"PH (STANDARD UNITS), FIELD",8, SU ,pH,12110208
8754103,1983-06-09,00400,"PH (STANDARD UNITS), FIELD",8, SU ,pH,12110208
8754104,1984-06-27,00010,"TEMPERATURE, WATER (CELSIUS)",29, C  ,temperature,12110208
8754104,1984-06-27,00400,"PH (STANDARD UNITS), FIELD",8.1999999999999993, SU ,pH,12110208
8754104,1994-04-07,00400,"PH (STANDARD UNITS), FIELD",8.1999999999999993, SU ,pH,12110208
8754105,1999-07-01,00010,"TEMPERATURE, WATER (CELSIUS)",29.02, C  ,temperature,12110208
8754105,2005-08-10,00010,"TEMPERATURE, WATER (CELSIUS)",30.300000000000001, C  ,temperature,12110208
8754105,1999-07-01,00400,"PH (STANDARD UNITS), FIELD",7.3200000000000003, SU ,pH,12110208
8754105,2005-08-10,00400,"PH (STANDARD UNITS), FIELD",7.2800000000000002, SU ,pH,12110208
8754105,1999-07-01,00608,"NITROGEN, AMMONIA, DISSOLVED (MG/L AS N)",0.02,MG/L AS N,nitrogen,12110208
8754105,1999-07-01,00666,"PHOSPHORUS, DISSOLVED (MG/L AS P)",4.0000000000000001E-2,MG/L AS P,phosphorus,12110208
8754107,1953-09-17,00400,"PH (STANDARD UNITS), FIELD",7.7000000000000002, SU ,pH,12110208
8754201,1953-07-21,00400,"PH (STANDARD UNITS), FIELD",7.5, SU ,pH,12110208
8754302,1999-07-15,00010,"TEMPERATURE, WATER (CELSIUS)",25.899999999999999, C  ,temperature,12110208
8754302,1999-07-15,00400,"PH (STANDARD UNITS), FIELD",7.1600000000000001, SU ,pH,12110208
8754302,1999-07-15,00608,"NITROGEN, AMMONIA, DISSOLVED (MG/L AS N)",0.02,MG/L AS N,nitrogen,12110208
8754302,1999-07-15,00666,"PHOSPHORUS, DISSOLVED (MG/L AS P)",4.0000000000000001E-2,MG/L AS P,phosphorus,12110208
8754304,1953-07-20,00400,"PH (STANDARD UNITS), FIELD",7.0999999999999996, SU ,pH,12110208
8754305,1957-10-24,00400,"PH (STANDARD UNITS), FIELD",7.7000000000000002, SU ,pH,12110208
8754405,,00400,"PH (STANDARD UNITS), FIELD",7.5999999999999996, SU ,pH,13090002
8754502,1969-05-26,00010,"TEMPERATURE, WATER (CELSIUS)",28, C  ,temperature,12110208
8754502,1969-05-26,00400,"PH (STANDARD UNITS), FIELD",7.5, SU ,pH,12110208
8754517,1999-08-05,00010,"TEMPERATURE, WATER (CELSIUS)",26.800000000000001, C  ,temperature,12110208
8754517,1999-08-05,00400,"PH (STANDARD UNITS), FIELD",6.6600000000000001, SU ,pH,12110208
8754517,1999-08-05,00608,"NITROGEN, AMMONIA, DISSOLVED (MG/L AS N)",0.02,MG/L AS N,nitrogen,12110208
8754517,1999-08-05,00666,"PHOSPHORUS, DISSOLVED (MG/L AS P)",4.0000000000000001E-2,MG/L AS P,phosphorus,12110208
8754531,1953-07-21,00400,"PH (STANDARD UNITS), FIELD",7.5, SU ,pH,12110208
8754533,2005-10-20,00010,"TEMPERATURE, WATER (CELSIUS)",27.699999999999999, C  ,temperature,12110208
8754533,2005-10-20,00400,"PH (STANDARD UNITS), FIELD",7.4299999999999997, SU ,pH,12110208
8754608,1957-08-26,00400,"PH (STANDARD UNITS), FIELD",8, SU ,pH,12110208
8754611,2009-08-05,00010,"TEMPERATURE, WATER (CELSIUS)",28.199999999999999, C  ,temperature,12110208
8754611,2013-07-18,00010,"TEMPERATURE, WATER (CELSIUS)",27.899999999999999, C  ,temperature,12110208
8754611,2009-08-05,00400,"PH (STANDARD UNITS), FIELD",7.3799999999999999, SU ,pH,12110208
8754611,2013-07-18,00400,"PH (STANDARD UNITS), FIELD",7.6100000000000003, SU ,pH,12110208
8754611,2009-08-05,00666,"PHOSPHORUS, DISSOLVED (MG/L AS P)",0.02,MG/L AS P,phosphorus,12110208
8754611,2013-07-18,00666,"PHOSPHORUS, DISSOLVED (MG/L AS P)",0.02,MG/L AS P,phosphorus,12110208
8754821,1999-08-11,00010,"TEMPERATURE, WATER (CELSIUS)",26.100000000000001, C  ,temperature,13090002
8754821,2005-10-18,00010,"TEMPERATURE, WATER (CELSIUS)",25.699999999999999, C  ,temperature,13090002
8754821,2009-08-27,00010,"TEMPERATURE, WATER (CELSIUS)",29, C  ,temperature,13090002
8754821,1999-08-11,00400,"PH (STANDARD UNITS), FIELD",7.1200000000000001, SU ,pH,13090002
8754821,2005-10-18,00400,"PH (STANDARD UNITS), FIELD",7.2000000000000002, SU ,pH,13090002
8754821,2009-08-27,00400,"PH (STANDARD UNITS), FIELD",7.2999999999999998, SU ,pH,13090002
8754821,1999-08-11,00608,"NITROGEN, AMMONIA, DISSOLVED (MG/L AS N)",0.61699999999999999,MG/L AS N,nitrogen,13090002
8754821,1999-08-11,00666,"PHOSPHORUS, DISSOLVED (MG/L AS P)",4.0000000000000001E-2,MG/L AS P,phosphorus,13090002
8754821,2009-08-27,00666,"PHOSPHORUS, DISSOLVED (MG/L AS P)",0.027,MG/L AS P,phosphorus,13090002
8754828,1951-02-28,00400,"PH (STANDARD UNITS), FIELD",8, SU ,pH,12110208
8754832,1957-08-01,00400,"PH (STANDARD UNITS), FIELD",7.5, SU ,pH,12110208
8754835,2000-01-11,00010,"TEMPERATURE, WATER (CELSIUS)",27.399999999999999, C  ,temperature,12110208
8754835,2005-10-19,00010,"TEMPERATURE, WATER (CELSIUS)",27.5, C  ,temperature,12110208
8754835,2009-08-05,00010,"TEMPERATURE, WATER (CELSIUS)",27.600000000000001, C  ,temperature,12110208
8754835,2009-08-05,00300,"OXYGEN, DISSOLVED (MG/L)",2.5,mg/L,dissolved_oxygen,12110208
8754835,2000-01-11,00400,"PH (STANDARD UNITS), FIELD",7.3799999999999999, SU ,pH,12110208
8754835,2005-10-19,00400,"PH (STANDARD UNITS), FIELD",7.2999999999999998, SU ,pH,12110208
8754835,2009-08-05,00400,"PH (STANDARD UNITS), FIELD",7.1299999999999999, SU ,pH,12110208
8754835,2009-08-05,00666,"PHOSPHORUS, DISSOLVED (MG/L AS P)",0.02,MG/L AS P,phosphorus,12110208
8754836,2000-01-12,00010,"TEMPERATURE, WATER (CELSIUS)",25.100000000000001, C  ,temperature,12110208
8754836,2000-01-12,00400,"PH (STANDARD UNITS), FIELD",7.2999999999999998, SU ,pH,12110208
8754837,2013-07-18,00010,"TEMPERATURE, WATER (CELSIUS)",25.899999999999999, C  ,temperature,12110208
8754837,2013-07-18,00400,"PH (STANDARD UNITS), FIELD",7.6200000000000001, SU ,pH,12110208
8754837,2013-07-18,00666,"PHOSPHORUS, DISSOLVED (MG/L AS P)",0.02,MG/L AS P,phosphorus,12110208
8754922,1994-04-19,00010,"TEMPERATURE, WATER (CELSIUS)",25.100000000000001, C  ,temperature,12110208
8754922,1994-04-19,00400,"PH (STANDARD UNITS), FIELD",7.0300000000000002, SU ,pH,12110208
8754922,1994-04-19,00608,"NITROGEN, AMMONIA, DISSOLVED (MG/L AS N)",0.67000000000000004,MG/L AS N,nitrogen,12110208
8754922,1994-04-19,00613,"NITRITE NITROGEN, DISSOLVED (MG/L AS N)",0.01,MG/L AS N,nitrogen,12110208
8754922,1994-04-19,00618,"NITRATE NITROGEN, DISSOLVED (MG/L AS N)",0.01,MG/L AS N,nitrogen,12110208
8754924,1953-04-21,00400,"PH (STANDARD UNITS), FIELD",7.2999999999999998, SU ,pH,12110208
8754940,1957-08-13,00400,"PH (STANDARD UNITS), FIELD",7.2999999999999998, SU ,pH,12110208
8754943,1957-08-13,00400,"PH (STANDARD UNITS), FIELD",7.5999999999999996, SU ,pH,12110208
8754944,1957-08-13,00400,"PH (STANDARD UNITS), FIELD",7.4000000000000004, SU ,pH,12110208
8754945,1957-07-30,00400,"PH (STANDARD UNITS), FIELD",7.4000000000000004, SU ,pH,12110208
8754947,2000-01-12,00010,"TEMPERATURE, WATER (CELSIUS)",27.199999999999999, C  ,temperature,13090002
8754947,2000-01-12,00400,"PH (STANDARD UNITS), FIELD",6.7699999999999996, SU ,pH,13090002
8754949,2009-08-05,00010,"TEMPERATURE, WATER (CELSIUS)",30.100000000000001, C  ,temperature,12110208
8754949,2009-08-05,00300,"OXYGEN, DISSOLVED (MG/L)",4.2999999999999998,mg/L,dissolved_oxygen,12110208
8754949,2009-08-05,00400,"PH (STANDARD UNITS), FIELD",7.2000000000000002, SU ,pH,12110208
8754949,2009-08-05,00666,"PHOSPHORUS, DISSOLVED (MG/L AS P)",0.02,MG/L AS P,phosphorus,12110208
8755101,1945-05-21,00400,"PH (STANDARD UNITS), FIELD",7.7999999999999998, SU ,pH,12110208
8755106,1953-09-01,00400,"PH (STANDARD UNITS), FIELD",7.4000000000000004, SU ,pH,12110208
8755202,1957-08-09,00400,"PH (STANDARD UNITS), FIELD",8.0999999999999996, SU ,pH,12110208
8755207,1953-04-22,00400,"PH (STANDARD UNITS), FIELD",6.9000000000000004, SU ,pH,12110208
8755301,1984-06-23,00010,"TEMPERATURE, WATER (CELSIUS)",26, C  ,temperature,12110208
8755301,1984-06-23,00400,"PH (STANDARD UNITS), FIELD",7.9000000000000004, SU ,pH,12110208
8755302,1953-01-10,00400,"PH (STANDARD UNITS), FIELD",7.5, SU ,pH,12110208
8755402,1988-07-21,00010,"TEMPERATURE, WATER (CELSIUS)",27, C  ,temperature,12110208
8755402,1994-04-14,00010,"TEMPERATURE, WATER (CELSIUS)",26.100000000000001, C  ,temperature,12110208
8755402,1997-06-11,00010,"TEMPERATURE, WATER (CELSIUS)",26.800000000000001, C  ,temperature,12110208
8755402,1988-07-21,00400,"PH (STANDARD UNITS), FIELD",6.7999999999999998, SU ,pH,12110208
8755402,1994-04-14,00400,"PH (STANDARD UNITS), FIELD",6.79, SU ,pH,12110208
8755402,1997-06-11,00400,"PH (STANDARD UNITS), FIELD",6.9500000000000002, SU ,pH,12110208
8755402,1994-04-14,00608,"NITROGEN, AMMONIA, DISSOLVED (MG/L AS N)",0.02,MG/L AS N,nitrogen,12110208
8755402,1997-06-11,00608,"NITROGEN, AMMONIA, DISSOLVED (MG/L AS N)",0.10000000000000001,MG/L AS N,nitrogen,12110208
8755402,1994-04-14,00613,"NITRITE NITROGEN, DISSOLVED (MG/L AS N)",0.01,MG/L AS N,nitrogen,12110208
8755402,1994-04-14,00618,"NITRATE NITROGEN, DISSOLVED (MG/L AS N)",9.7699999999999996,MG/L AS N,nitrogen,12110208
8755404,1999-08-05,00010,"TEMPERATURE, WATER (CELSIUS)",26.899999999999999, C  ,temperature,12110208
8755404,2003-08-21,00010,"TEMPERATURE, WATER (CELSIUS)",26.800000000000001, C  ,temperature,12110208
8755404,2005-08-17,00010,"TEMPERATURE, WATER (CELSIUS)",26.800000000000001, C  ,temperature,12110208
8755404,1997-05-22,00400,"PH (STANDARD UNITS), FIELD",6.5999999999999996, SU ,pH,12110208
8755404,1999-08-05,00400,"PH (STANDARD UNITS), FIELD",7.0199999999999996, SU ,pH,12110208
8755404,2003-08-21,00400,"PH (STANDARD UNITS), FIELD",6.7800000000000002, SU ,pH,12110208
8755404,2005-08-17,00400,"PH (STANDARD UNITS), FIELD",6.8899999999999997, SU ,pH,12110208
8755404,1999-08-05,00608,"NITROGEN, AMMONIA, DISSOLVED (MG/L AS N)",0.02,MG/L AS N,nitrogen,12110208
8755404,1999-08-05,00666,"PHOSPHORUS, DISSOLVED (MG/L AS P)",4.0000000000000001E-2,MG/L AS P,phosphorus,12110208
8755406,1953-08-24,00400,"PH (STANDARD UNITS), FIELD",7.7000000000000002, SU ,pH,12110208
8755407,1953-08-24,00400,"PH (STANDARD UNITS), FIELD",7.5, SU ,pH,12110208
8755410,1957-08-13,00400,"PH (STANDARD UNITS), FIELD",7.5, SU ,pH,12110208
8755504,1997-06-11,00010,"TEMPERATURE, WATER (CELSIUS)",27.5, C  ,temperature,12110208
8755504,2001-04-11,00010,"TEMPERATURE, WATER (CELSIUS)",27.699999999999999, C  ,temperature,12110208
8755504,2005-10-19,00010,"TEMPERATURE, WATER (CELSIUS)",26.899999999999999, C  ,temperature,12110208
8755504,2009-08-06,00010,"TEMPERATURE, WATER (CELSIUS)",27.300000000000001, C  ,temperature,12110208
8755504,2013-07-22,00010,"TEMPERATURE, WATER (CELSIUS)",27.399999999999999, C  ,temperature,12110208
8755504,2009-08-06,00300,"OXYGEN, DISSOLVED (MG/L)",7.2000000000000002,mg/L,dissolved_oxygen,12110208
8755504,1953-05-25,00400,"PH (STANDARD UNITS), FIELD",7.4000000000000004, SU ,pH,12110208
8755504,1997-06-11,00400,"PH (STANDARD UNITS), FIELD",7.4199999999999999, SU ,pH,12110208
8755504,2001-04-11,00400,"PH (STANDARD UNITS), FIELD",6.6500000000000004, SU ,pH,12110208
8755504,2005-10-19,00400,"PH (STANDARD UNITS), FIELD",7.29, SU ,pH,12110208
8755504,2009-08-06,00400,"PH (STANDARD UNITS), FIELD",7.0499999999999998, SU ,pH,12110208
8755504,2013-07-22,00400,"PH (STANDARD UNITS), FIELD",7.4100000000000001, SU ,pH,12110208
8755504,1997-06-11,00608,"NITROGEN, AMMONIA, DISSOLVED (MG/L AS N)",0.10000000000000001,MG/L AS N,nitrogen,12110208
8755504,2009-08-06,00666,"PHOSPHORUS, DISSOLVED (MG/L AS P)",0.02,MG/L AS P,phosphorus,12110208
8755504,2013-07-22,00666,"PHOSPHORUS, DISSOLVED (MG/L AS P)",0.02,MG/L AS P,phosphorus,12110208
8755507,1958-05-12,00400,"PH (STANDARD UNITS), FIELD",7.0999999999999996, SU ,pH,12110208
8755508,2013-07-22,00010,"TEMPERATURE, WATER (CELSIUS)",29, C  ,temperature,12110208
8755508,2013-07-22,00400,"PH (STANDARD UNITS), FIELD",6.8300000000000001, SU ,pH,12110208
8755508,2013-07-22,00666,"PHOSPHORUS, DISSOLVED (MG/L AS P)",0.02,MG/L AS P,phosphorus,12110208
8755602,1994-03-17,00010,"TEMPERATURE, WATER (CELSIUS)",27.600000000000001, C  ,temperature,12110208
8755602,1997-06-11,00010,"TEMPERATURE, WATER (CELSIUS)",27.899999999999999, C  ,temperature,12110208
8755602,2002-07-30,00010,"TEMPERATURE, WATER (CELSIUS)",28, C  ,temperature,12110208
8755602,2005-07-19,00010,"TEMPERATURE, WATER (CELSIUS)",27.300000000000001, C  ,temperature,12110208
8755602,1994-03-17,00400,"PH (STANDARD UNITS), FIELD",7.2300000000000004, SU ,pH,12110208
8755602,1997-06-11,00400,"PH (STANDARD UNITS), FIELD",7.4900000000000002, SU ,pH,12110208
8755602,2002-07-30,00400,"PH (STANDARD UNITS), FIELD",7.0099999999999998, SU ,pH,12110208
8755602,2005-07-19,00400,"PH (STANDARD UNITS), FIELD",7.21, SU ,pH,12110208
8755602,1994-03-17,00608,"NITROGEN, AMMONIA, DISSOLVED (MG/L AS N)",0.01,MG/L AS N,nitrogen,12110208
8755602,1997-06-11,00608,"NITROGEN, AMMONIA, DISSOLVED (MG/L AS N)",0.10000000000000001,MG/L AS N,nitrogen,12110208
8755602,1994-03-17,00613,"NITRITE NITROGEN, DISSOLVED (MG/L AS N)",0.01,MG/L AS N,nitrogen,12110208
8755602,1994-03-17,00618,"NITRATE NITROGEN, DISSOLVED (MG/L AS N)",5.0000000000000003E-2,MG/L AS N,nitrogen,12110208
8755603,1958-05-31,00400,"PH (STANDARD UNITS), FIELD",7.2000000000000002, SU ,pH,12110208
8755604,1952-10-17,00400,"PH (STANDARD UNITS), FIELD",8.0999999999999996, SU ,pH,12110208
8755606,1953-08-24,00400,"PH (STANDARD UNITS), FIELD",7.5, SU ,pH,12110208
8755701,1971-08-10,00010,"TEMPERATURE, WATER (CELSIUS)",22, C  ,temperature,12110208
8755701,1972-08-03,00010,"TEMPERATURE, WATER (CELSIUS)",22, C  ,temperature,12110208
8755701,1971-08-10,00400,"PH (STANDARD UNITS), FIELD",7.7999999999999998, SU ,pH,12110208
8755701,1972-08-03,00400,"PH (STANDARD UNITS), FIELD",7.7999999999999998, SU ,pH,12110208
8755701,1977-08-08,00400,"PH (STANDARD UNITS), FIELD",8.0999999999999996, SU ,pH,12110208
8755701,1983-02-17,00400,"PH (STANDARD UNITS), FIELD",8, SU ,pH,12110208
8755710,1958-04-30,00400,"PH (STANDARD UNITS), FIELD",7, SU ,pH,12110208
8755711,1958-04-30,00400,"PH (STANDARD UNITS), FIELD",7.5, SU ,pH,12110208
8755801,1957-10-22,00400,"PH (STANDARD UNITS), FIELD",8.3000000000000007, SU ,pH,12110208
8755802,1981-06-18,00010,"TEMPERATURE, WATER (CELSIUS)",27, C  ,temperature,12110208
8755802,1981-06-18,00400,"PH (STANDARD UNITS), FIELD",7.5999999999999996, SU ,pH,12110208
8755906,1958-04-29,00400,"PH (STANDARD UNITS), FIELD",7.5999999999999996, SU ,pH,12110208
8755907,1958-05-15,00400,"PH (STANDARD UNITS), FIELD",7.4000000000000004, SU ,pH,12110208
8756201,1958-05-16,00400,"PH (STANDARD UNITS), FIELD",6.7999999999999998, SU ,pH,12110208
8756202,1958-05-16,00400,"PH (STANDARD UNITS), FIELD",6.7000000000000002, SU ,pH,12110208
8756401,1988-07-25,00010,"TEMPERATURE, WATER (CELSIUS)",28, C  ,temperature,12110208
8756401,1994-03-18,00010,"TEMPERATURE, WATER (CELSIUS)",27.5, C  ,temperature,12110208
8756401,1997-06-11,00010,"TEMPERATURE, WATER (CELSIUS)",28.300000000000001, C  ,temperature,12110208
8756401,2001-04-11,00010,"TEMPERATURE, WATER (CELSIUS)",26.699999999999999, C  ,temperature,12110208
8756401,2002-07-31,00010,"TEMPERATURE, WATER (CELSIUS)",26.399999999999999, C  ,temperature,12110208
8756401,1988-07-25,00400,"PH (STANDARD UNITS), FIELD",7.2000000000000002, SU ,pH,12110208
8756401,1994-03-18,00400,"PH (STANDARD UNITS), FIELD",7.2000000000000002, SU ,pH,12110208
8756401,1997-06-11,00400,"PH (STANDARD UNITS), FIELD",7.3200000000000003, SU ,pH,12110208
8756401,2001-04-11,00400,"PH (STANDARD UNITS), FIELD",6.8700000000000001, SU ,pH,12110208
8756401,2002-07-31,00400,"PH (STANDARD UNITS), FIELD",6.75, SU ,pH,12110208
8756401,1994-03-18,00608,"NITROGEN, AMMONIA, DISSOLVED (MG/L AS N)",4.0000000000000001E-2,MG/L AS N,nitrogen,12110208
8756401,1997-06-11,00608,"NITROGEN, AMMONIA, DISSOLVED (MG/L AS N)",0.10000000000000001,MG/L AS N,nitrogen,12110208
8756401,1994-03-18,00613,"NITRITE NITROGEN, DISSOLVED (MG/L AS N)",0.01,MG/L AS N,nitrogen,12110208
8756401,1994-03-18,00618,"NITRATE NITROGEN, DISSOLVED (MG/L AS N)",5.0000000000000003E-2,MG/L AS N,nitrogen,12110208
8756402,1985-03-04,00400,"PH (STANDARD UNITS), FIELD",7.6100000000000003, SU ,pH,12110208
8756403,1999-08-10,00010,"TEMPERATURE, WATER (CELSIUS)",26.600000000000001, C  ,temperature,12110208
8756403,2005-10-20,00010,"TEMPERATURE, WATER (CELSIUS)",26.399999999999999, C  ,temperature,12110208
8756403,1999-08-10,00400,"PH (STANDARD UNITS), FIELD",6.71, SU ,pH,12110208
8756403,2005-10-20,00400,"PH (STANDARD UNITS), FIELD",6.5999999999999996, SU ,pH,12110208
8756403,1999-08-10,00608,"NITROGEN, AMMONIA, DISSOLVED (MG/L AS N)",0.02,MG/L AS N,nitrogen,12110208
8756403,1999-08-10,00666,"PHOSPHORUS, DISSOLVED (MG/L AS P)",0.13800000000000001,MG/L AS P,phosphorus,12110208
8756406,1953-08-25,00400,"PH (STANDARD UNITS), FIELD",7.5, SU ,pH,12110208
8756407,2005-08-11,00010,"TEMPERATURE, WATER (CELSIUS)",28.199999999999999, C  ,temperature,12110208
8756407,2009-08-06,00010,"TEMPERATURE, WATER (CELSIUS)",28.800000000000001, C  ,temperature,12110208
8756407,2013-07-17,00010,"TEMPERATURE, WATER (CELSIUS)",27.699999999999999, C  ,temperature,12110208
8756407,2009-08-06,00300,"OXYGEN, DISSOLVED (MG/L)",2.2999999999999998,mg/L,dissolved_oxygen,12110208
8756407,2005-08-11,00400,"PH (STANDARD UNITS), FIELD",7.3099999999999996, SU ,pH,12110208
8756407,2009-08-06,00400,"PH (STANDARD UNITS), FIELD",7.2699999999999996, SU ,pH,12110208
8756407,2013-07-17,00400,"PH (STANDARD UNITS), FIELD",7.4000000000000004, SU ,pH,12110208
8756407,2009-08-06,00666,"PHOSPHORUS, DISSOLVED (MG/L AS P)",0.02,MG/L AS P,phosphorus,12110208
8756407,2013-07-17,00666,"PHOSPHORUS, DISSOLVED (MG/L AS P)",0.02,MG/L AS P,phosphorus,12110208
8756503,1958-05-16,00400,"PH (STANDARD UNITS), FIELD",6.5999999999999996, SU ,pH,12110208
8756601,1999-08-13,00010,"TEMPERATURE, WATER (CELSIUS)",26.5, C  ,temperature,12110208
8756601,1999-08-13,00400,"PH (STANDARD UNITS), FIELD",6.5099999999999998, SU ,pH,12110208
8756601,1999-08-13,00608,"NITROGEN, AMMONIA, DISSOLVED (MG/L AS N)",0.02,MG/L AS N,nitrogen,12110208
8756601,1999-08-13,00666,"PHOSPHORUS, DISSOLVED (MG/L AS P)",4.0000000000000001E-2,MG/L AS P,phosphorus,12110208
8756604,2005-10-20,00010,"TEMPERATURE, WATER (CELSIUS)",30.100000000000001, C  ,temperature,12110208
8756604,2009-09-16,00010,"TEMPERATURE, WATER (CELSIUS)",30.699999999999999, C  ,temperature,12110208
8756604,2013-07-18,00010,"TEMPERATURE, WATER (CELSIUS)",29.800000000000001, C  ,temperature,12110208
8756604,2005-10-20,00400,"PH (STANDARD UNITS), FIELD",7.4100000000000001, SU ,pH,12110208
8756604,2009-09-16,00400,"PH (STANDARD UNITS), FIELD",7.5599999999999996, SU ,pH,12110208
8756604,2013-07-18,00400,"PH (STANDARD UNITS), FIELD",7.5199999999999996, SU ,pH,12110208
8756604,2013-07-18,00666,"PHOSPHORUS, DISSOLVED (MG/L AS P)",0.02,MG/L AS P,phosphorus,12110208
8756804,1953-08-26,00400,"PH (STANDARD UNITS), FIELD",7.7999999999999998, SU ,pH,12110208
8762301,1953-04-21,00400,"PH (STANDARD UNITS), FIELD",7.2999999999999998, SU ,pH,13090002
8762302,1972-04-26,00400,"PH (STANDARD UNITS), FIELD",7.7000000000000002, SU ,pH,12110208
8762302,1972-05-25,00400,"PH (STANDARD UNITS), FIELD",7.4000000000000004, SU ,pH,12110208
8762303,2005-08-17,00010,"TEMPERATURE, WATER (CELSIUS)",27, C  ,temperature,12110208
8762303,2009-08-27,00010,"TEMPERATURE, WATER (CELSIUS)",27.399999999999999, C  ,temperature,12110208
8762303,2013-07-23,00010,"TEMPERATURE, WATER (CELSIUS)",26.699999999999999, C  ,temperature,12110208
8762303,2025-04-22,00010,"TEMPERATURE, WATER (CELSIUS)",27.100000000000001, C  ,temperature,12110208
8762303,2009-08-27,00300,"OXYGEN, DISSOLVED (MG/L)",7.2999999999999998,mg/L,dissolved_oxygen,12110208
8762303,2005-08-17,00400,"PH (STANDARD UNITS), FIELD",7.1200000000000001, SU ,pH,12110208
8762303,2009-08-27,00400,"PH (STANDARD UNITS), FIELD",7.2699999999999996, SU ,pH,12110208
8762303,2013-07-23,00400,"PH (STANDARD UNITS), FIELD",7.2300000000000004, SU ,pH,12110208
8762303,2025-04-22,00400,"PH (STANDARD UNITS), FIELD",7.1399999999999997, SU ,pH,12110208
8762303,2002-05-30,00403,PH (STANDARD UNITS) LAB,7.4000000000000004, SU ,pH,12110208
8762303,2002-05-30,00620,"NITRATE NITROGEN, TOTAL (MG/L AS N)",0.40000000000000002,MG/L AS N,nitrogen,12110208
8762303,2009-08-27,00666,"PHOSPHORUS, DISSOLVED (MG/L AS P)",0.02,MG/L AS P,phosphorus,12110208
8762303,2013-07-23,00666,"PHOSPHORUS, DISSOLVED (MG/L AS P)",0.02,MG/L AS P,phosphorus,12110208
8762303,2025-04-22,00666,"PHOSPHORUS, DISSOLVED (MG/L AS P)",0.02,MG/L AS P,phosphorus,12110208
8762305,1957-08-10,00400,"PH (STANDARD UNITS), FIELD",7.4000000000000004, SU ,pH,12110208
8762306,2025-04-24,00010,"TEMPERATURE, WATER (CELSIUS)",27.699999999999999, C  ,temperature,12110208
8762306,2025-04-24,00400,"PH (STANDARD UNITS), FIELD",6.96, SU ,pH,12110208
8762306,2025-04-24,00666,"PHOSPHORUS, DISSOLVED (MG/L AS P)",0.02,MG/L AS P,phosphorus,12110208
8762307,2025-04-24,00010,"TEMPERATURE, WATER (CELSIUS)",27.300000000000001, C  ,temperature,12110208
8762307,2025-04-24,00400,"PH (STANDARD UNITS), FIELD",7.0499999999999998, SU ,pH,12110208
8762307,2025-04-24,00666,"PHOSPHORUS, DISSOLVED (MG/L AS P)",0.02,MG/L AS P,phosphorus,12110208
8763101,1972-08-04,00010,"TEMPERATURE, WATER (CELSIUS)",21, C  ,temperature,12110208
8763101,1972-08-04,00400,"PH (STANDARD UNITS), FIELD",7.7000000000000002, SU ,pH,12110208
8763104,1988-07-26,00010,"TEMPERATURE, WATER (CELSIUS)",27, C  ,temperature,12110208
8763104,1988-07-26,00400,"PH (STANDARD UNITS), FIELD",7.2000000000000002, SU ,pH,12110208
8763107,1999-08-10,00010,"TEMPERATURE, WATER (CELSIUS)",26.399999999999999, C  ,temperature,12110208
8763107,1999-08-10,00400,"PH (STANDARD UNITS), FIELD",7.1600000000000001, SU ,pH,12110208
8763107,1999-08-10,00608,"NITROGEN, AMMONIA, DISSOLVED (MG/L AS N)",1.3100000000000001,MG/L AS N,nitrogen,12110208
8763107,1999-08-10,00666,"PHOSPHORUS, DISSOLVED (MG/L AS P)",5.2199999999999998,MG/L AS P,phosphorus,12110208
8763112,1958-04-30,00400,"PH (STANDARD UNITS), FIELD",7.2999999999999998, SU ,pH,12110208
8763202,1981-06-17,00010,"TEMPERATURE, WATER (CELSIUS)",26, C  ,temperature,12110208
8763202,1994-03-16,00010,"TEMPERATURE, WATER (CELSIUS)",24.399999999999999, C  ,temperature,12110208
8763202,1999-07-22,00010,"TEMPERATURE, WATER (CELSIUS)",27, C  ,temperature,12110208
8763202,1981-06-17,00400,"PH (STANDARD UNITS), FIELD",7.5999999999999996, SU ,pH,12110208
8763202,1994-03-16,00400,"PH (STANDARD UNITS), FIELD",7.5, SU ,pH,12110208
8763202,1999-07-22,00400,"PH (STANDARD UNITS), FIELD",6.9699999999999998, SU ,pH,12110208
8763202,1994-03-16,00608,"NITROGEN, AMMONIA, DISSOLVED (MG/L AS N)",0.66000000000000003,MG/L AS N,nitrogen,12110208
8763202,1999-07-22,00608,"NITROGEN, AMMONIA, DISSOLVED (MG/L AS N)",0.82699999999999996,MG/L AS N,nitrogen,12110208
8763202,1994-03-16,00613,"NITRITE NITROGEN, DISSOLVED (MG/L AS N)",0.01,MG/L AS N,nitrogen,12110208
8763202,1994-03-16,00618,"NITRATE NITROGEN, DISSOLVED (MG/L AS N)",0.29999999999999999,MG/L AS N,nitrogen,12110208
8763202,1999-07-22,00666,"PHOSPHORUS, DISSOLVED (MG/L AS P)",4.0000000000000001E-2,MG/L AS P,phosphorus,12110208
8763206,1957-08-24,00400,"PH (STANDARD UNITS), FIELD",7.5, SU ,pH,12110208
8763301,1972-08-04,00010,"TEMPERATURE, WATER (CELSIUS)",22, C  ,temperature,12110208
8763301,1972-08-04,00400,"PH (STANDARD UNITS), FIELD",7.5999999999999996, SU ,pH,12110208
8763504,1957-08-22,00400,"PH (STANDARD UNITS), FIELD",7.2000000000000002, SU ,pH,12110208
8763601,1973-08-23,00010,"TEMPERATURE, WATER (CELSIUS)",24, C  ,temperature,12110208
8763601,1973-08-23,00400,"PH (STANDARD UNITS), FIELD",7.5999999999999996, SU ,pH,12110208
8763602,1994-04-21,00010,"TEMPERATURE, WATER (CELSIUS)",25.399999999999999, C  ,temperature,13090002
8763602,1997-07-24,00010,"TEMPERATURE, WATER (CELSIUS)",25.399999999999999, C  ,temperature,13090002
8763602,2005-08-17,00010,"TEMPERATURE, WATER (CELSIUS)",25.300000000000001, C  ,temperature,13090002
8763602,2009-08-06,00010,"TEMPERATURE, WATER (CELSIUS)",29.399999999999999, C  ,temperature,13090002
8763602,2013-06-19,00010,"TEMPERATURE, WATER (CELSIUS)",25.100000000000001, C  ,temperature,13090002
8763602,1994-04-21,00400,"PH (STANDARD UNITS), FIELD",7.1900000000000004, SU ,pH,13090002
8763602,1997-07-24,00400,"PH (STANDARD UNITS), FIELD",7, SU ,pH,13090002
8763602,2005-08-17,00400,"PH (STANDARD UNITS), FIELD",7.0700000000000003, SU ,pH,13090002
8763602,2009-08-06,00400,"PH (STANDARD UNITS), FIELD",7.3200000000000003, SU ,pH,13090002
8763602,2013-06-19,00400,"PH (STANDARD UNITS), FIELD",7.1699999999999999, SU ,pH,13090002
8763602,1994-04-21,00608,"NITROGEN, AMMONIA, DISSOLVED (MG/L AS N)",1.55,MG/L AS N,nitrogen,13090002
8763602,1997-07-24,00608,"NITROGEN, AMMONIA, DISSOLVED (MG/L AS N)",1.47,MG/L AS N,nitrogen,13090002
8763602,1994-04-21,00613,"NITRITE NITROGEN, DISSOLVED (MG/L AS N)",0.01,MG/L AS N,nitrogen,13090002
8763602,1994-04-21,00618,"NITRATE NITROGEN, DISSOLVED (MG/L AS N)",0.01,MG/L AS N,nitrogen,13090002
8763602,2009-08-06,00666,"PHOSPHORUS, DISSOLVED (MG/L AS P)",0.063,MG/L AS P,phosphorus,13090002
8763602,2013-06-19,00666,"PHOSPHORUS, DISSOLVED (MG/L AS P)",3.9600000000000003E-2,MG/L AS P,phosphorus,13090002
8763603,1994-04-21,00010,"TEMPERATURE, WATER (CELSIUS)",25.5, C  ,temperature,13090002
8763603,1994-04-21,00400,"PH (STANDARD UNITS), FIELD",7.29, SU ,pH,13090002
8763603,1994-04-21,00608,"NITROGEN, AMMONIA, DISSOLVED (MG/L AS N)",1.27,MG/L AS N,nitrogen,13090002
8763603,1994-04-21,00613,"NITRITE NITROGEN, DISSOLVED (MG/L AS N)",0.01,MG/L AS N,nitrogen,13090002
8763603,1994-04-21,00618,"NITRATE NITROGEN, DISSOLVED (MG/L AS N)",4.6100000000000003,MG/L AS N,nitrogen,13090002
8764101,1957-10-24,00400,"PH (STANDARD UNITS), FIELD",7.5, SU ,pH,12110208
8764302,1999-08-12,00010,"TEMPERATURE, WATER (CELSIUS)",26.100000000000001, C  ,temperature,12110208
8764302,1999-08-12,00400,"PH (STANDARD UNITS), FIELD",6.8399999999999999, SU ,pH,12110208
8764302,1999-08-12,00608,"NITROGEN, AMMONIA, DISSOLVED (MG/L AS N)",0.64600000000000002,MG/L AS N,nitrogen,12110208
8764302,1999-08-12,00666,"PHOSPHORUS, DISSOLVED (MG/L AS P)",0.124,MG/L AS P,phosphorus,12110208
8764504,1999-08-11,00010,"TEMPERATURE, WATER (CELSIUS)",26.600000000000001, C  ,temperature,13090002
8764504,1999-08-11,00400,"PH (STANDARD UNITS), FIELD",7.4199999999999999, SU ,pH,13090002
8764504,1999-08-11,00608,"NITROGEN, AMMONIA, DISSOLVED (MG/L AS N)",0.125,MG/L AS N,nitrogen,13090002
8764504,1999-08-11,00666,"PHOSPHORUS, DISSOLVED (MG/L AS P)",4.0000000000000001E-2,MG/L AS P,phosphorus,13090002
8764512,2000-06-21,00010,"TEMPERATURE, WATER (CELSIUS)",26.5, C  ,temperature,13090002
8764512,2000-06-21,00400,"PH (STANDARD UNITS), FIELD",7.5, SU ,pH,13090002
8825501,1957-08-14,00400,"PH (STANDARD UNITS), FIELD",8, SU ,pH,12110208
8825502,1957-08-14,00400,"PH (STANDARD UNITS), FIELD",7.9000000000000004, SU ,pH,12110208
8825701,1957-07-16,00400,"PH (STANDARD UNITS), FIELD",7.7000000000000002, SU ,pH,12110208
8826501,1957-07-30,00010,"TEMPERATURE, WATER (CELSIUS)",31, C  ,temperature,12110208
8826501,1957-07-30,00400,"PH (STANDARD UNITS), FIELD",8.1999999999999993, SU ,pH,12110208
8826602,1957-10-18,00400,"PH (STANDARD UNITS), FIELD",8.3000000000000007, SU ,pH,12110208
8826702,1957-08-12,00400,"PH (STANDARD UNITS), FIELD",8.3000000000000007, SU ,pH,12110208
8826801,1957-08-06,00010,"TEMPERATURE, WATER (CELSIUS)",28, C  ,temperature,12110208
8826801,1957-08-06,00400,"PH (STANDARD UNITS), FIELD",8.1999999999999993, SU ,pH,12110208
8826901,1957-08-21,00400,"PH (STANDARD UNITS), FIELD",8, SU ,pH,12110208
8826902,1957-08-21,00010,"TEMPERATURE, WATER (CELSIUS)",29, C  ,temperature,12110208
8826902,1957-08-21,00400,"PH (STANDARD UNITS), FIELD",7.7000000000000002, SU ,pH,12110208
8826903,1957-08-21,00400,"PH (STANDARD UNITS), FIELD",8.5, SU ,pH,12110208
8826904,1957-08-21,00400,"PH (STANDARD UNITS), FIELD",8, SU ,pH,12110208
8827501,1957-10-18,00400,"PH (STANDARD UNITS), FIELD",8.1999999999999993, SU ,pH,12110208
8827502,1957-10-18,00400,"PH (STANDARD UNITS), FIELD",9.3000000000000007, SU ,pH,12110208
8827801,1984-06-19,00010,"TEMPERATURE, WATER (CELSIUS)",31, C  ,temperature,12110208
8827801,1964-09-19,00400,"PH (STANDARD UNITS), FIELD",7.7999999999999998, SU ,pH,12110208
8827801,1965-05-25,00400,"PH (STANDARD UNITS), FIELD",8, SU ,pH,12110208
8827801,1965-11-24,00400,"PH (STANDARD UNITS), FIELD",8.0999999999999996, SU ,pH,12110208
8827801,1965-12-02,00400,"PH (STANDARD UNITS), FIELD",7.7999999999999998, SU ,pH,12110208
8827801,1967-01-28,00400,"PH (STANDARD UNITS), FIELD",8.3000000000000007, SU ,pH,12110208
8827801,1980-12-13,00400,"PH (STANDARD UNITS), FIELD",8.1999999999999993, SU ,pH,12110208
8827801,1984-06-19,00400,"PH (STANDARD UNITS), FIELD",8.3000000000000007, SU ,pH,12110208
8827802,1992-06-23,00010,"TEMPERATURE, WATER (CELSIUS)",31.600000000000001, C  ,temperature,12110208
8827802,1997-06-16,00010,"TEMPERATURE, WATER (CELSIUS)",31.399999999999999, C  ,temperature,12110208
8827802,2001-05-23,00010,"TEMPERATURE, WATER (CELSIUS)",26.300000000000001, C  ,temperature,12110208
8827802,1992-06-23,00400,"PH (STANDARD UNITS), FIELD",7.9000000000000004, SU ,pH,12110208
8827802,1997-06-16,00400,"PH (STANDARD UNITS), FIELD",8.3499999999999996, SU ,pH,12110208
8827802,2001-05-23,00400,"PH (STANDARD UNITS), FIELD",8.1300000000000008, SU ,pH,12110208
8827802,1997-06-16,00608,"NITROGEN, AMMONIA, DISSOLVED (MG/L AS N)",0.16,MG/L AS N,nitrogen,12110208
8827802,1992-06-23,00618,"NITRATE NITROGEN, DISSOLVED (MG/L AS N)",0.40000000000000002,MG/L AS N,nitrogen,12110208
8827901,1957-08-06,00400,"PH (STANDARD UNITS), FIELD",8.1, SU ,pH,12110208
8827902,1957-07-16,00400,"PH (STANDARD UNITS), FIELD",7.9000000000000004, SU ,pH,12110208
8828701,1957-08-13,00010,"TEMPERATURE, WATER (CELSIUS)",33, C  ,temperature,12110208
8828701,1957-08-13,00400,"PH (STANDARD UNITS), FIELD",8, SU ,pH,12110208
8829501,1981-06-16,00010,"TEMPERATURE, WATER (CELSIUS)",32, C  ,temperature,12110208
8829501,1992-06-22,00010,"TEMPERATURE, WATER (CELSIUS)",32.600000000000001, C  ,temperature,12110208
8829501,1999-06-29,00010,"TEMPERATURE, WATER (CELSIUS)",32.600000000000001, C  ,temperature,12110208
8829501,2001-05-23,00010,"TEMPERATURE, WATER (CELSIUS)",33, C  ,temperature,12110208
8829501,2013-06-12,00010,"TEMPERATURE, WATER (CELSIUS)",31.5, C  ,temperature,12110208
8829501,1957-08-02,00400,"PH (STANDARD UNITS), FIELD",7.7000000000000002, SU ,pH,12110208
8829501,1981-06-16,00400,"PH (STANDARD UNITS), FIELD",8, SU ,pH,12110208
8829501,1992-06-22,00400,"PH (STANDARD UNITS), FIELD",8.0299999999999994, SU ,pH,12110208
8829501,1999-06-29,00400,"PH (STANDARD UNITS), FIELD",6.4500000000000002, SU ,pH,12110208
8829501,2001-05-23,00400,"PH (STANDARD UNITS), FIELD",7.8200000000000003, SU ,pH,12110208
8829501,2013-06-12,00400,"PH (STANDARD UNITS), FIELD",8.0399999999999991, SU ,pH,12110208
8829501,1999-06-29,00608,"NITROGEN, AMMONIA, DISSOLVED (MG/L AS N)",0.51900000000000002,MG/L AS N,nitrogen,12110208
8829501,1992-06-22,00618,"NITRATE NITROGEN, DISSOLVED (MG/L AS N)",1.1000000000000001,MG/L AS N,nitrogen,12110208
8829501,1999-06-29,00666,"PHOSPHORUS, DISSOLVED (MG/L AS P)",4.0000000000000001E-2,MG/L AS P,phosphorus,12110208
8829501,2013-06-12,00666,"PHOSPHORUS, DISSOLVED (MG/L AS P)",0.02,MG/L AS P,phosphorus,12110208
8833302,2013-07-15,00010,"TEMPERATURE, WATER (CELSIUS)",32.899999999999999, C  ,temperature,12110208
8833302,2013-07-15,00400,"PH (STANDARD UNITS), FIELD",8.0899999999999999, SU ,pH,12110208
8833302,2013-07-15,00666,"PHOSPHORUS, DISSOLVED (MG/L AS P)",0.02,MG/L AS P,phosphorus,12110208
8833705,1958-05-16,00400,"PH (STANDARD UNITS), FIELD",7.5, SU ,pH,12110208
8834101,1984-06-19,00010,"TEMPERATURE, WATER (CELSIUS)",27, C  ,temperature,12110208
8834101,1957-10-21,00400,"PH (STANDARD UNITS), FIELD",8.0999999999999996, SU ,pH,12110208
8834101,1980-12-13,00400,"PH (STANDARD UNITS), FIELD",8.9000000000000004, SU ,pH,12110208
8834101,1984-06-19,00400,"PH (STANDARD UNITS), FIELD",8.8000000000000007, SU ,pH,12110208
8834102,1957-11-07,00400,"PH (STANDARD UNITS), FIELD",7.7999999999999998, SU ,pH,12110208
8834103,1957-08-14,00400,"PH (STANDARD UNITS), FIELD",7.9000000000000004, SU ,pH,12110208
8834104,1957-07-23,00400,"PH (STANDARD UNITS), FIELD",7.7, SU ,pH,12110208
8834201,2021-06-09,00010,"TEMPERATURE, WATER (CELSIUS)",32.600000000000001, C  ,temperature,12110208
8834201,2025-04-23,00010,"TEMPERATURE, WATER (CELSIUS)",32.600000000000001, C  ,temperature,12110208
8834201,2021-06-09,00400,"PH (STANDARD UNITS), FIELD",8.0500000000000007, SU ,pH,12110208
8834201,2025-04-23,00400,"PH (STANDARD UNITS), FIELD",7.9900000000000002, SU ,pH,12110208
8834201,2021-06-09,00666,"PHOSPHORUS, DISSOLVED (MG/L AS P)",0.02,MG/L AS P,phosphorus,12110208
8834201,2025-04-23,00666,"PHOSPHORUS, DISSOLVED (MG/L AS P)",0.02,MG/L AS P,phosphorus,12110208
8834301,1981-06-15,00010,"TEMPERATURE, WATER (CELSIUS)",33, C  ,temperature,12110208
8834301,1997-07-25,00010,"TEMPERATURE, WATER (CELSIUS)",32.5, C  ,temperature,12110208
8834301,2002-07-31,00010,"TEMPERATURE, WATER (CELSIUS)",32.200000000000003, C  ,temperature,12110208
8834301,2005-08-18,00010,"TEMPERATURE, WATER (CELSIUS)",31.699999999999999, C  ,temperature,12110208
8834301,2013-06-12,00010,"TEMPERATURE, WATER (CELSIUS)",31.300000000000001, C  ,temperature,12110208
8834301,2017-06-21,00010,"TEMPERATURE, WATER (CELSIUS)",31.5, C  ,temperature,12110208
8834301,1953-07-22,00400,"PH (STANDARD UNITS), FIELD",8.4000000000000004, SU ,pH,12110208
8834301,1953-09-23,00400,"PH (STANDARD UNITS), FIELD",7.9000000000000004, SU ,pH,12110208
8834301,1955-06-03,00400,"PH (STANDARD UNITS), FIELD",8.4000000000000004, SU ,pH,12110208
8834301,1956-06-10,00400,"PH (STANDARD UNITS), FIELD",8, SU ,pH,12110208
8834301,1978-05-02,00400,"PH (STANDARD UNITS), FIELD",8.1999999999999993, SU ,pH,12110208
8834301,1981-06-15,00400,"PH (STANDARD UNITS), FIELD",8.0999999999999996, SU ,pH,12110208
8834301,1997-07-25,00400,"PH (STANDARD UNITS), FIELD",8.2699999999999996, SU ,pH,12110208
8834301,2002-07-31,00400,"PH (STANDARD UNITS), FIELD",8.0299999999999994, SU ,pH,12110208
8834301,2005-08-18,00400,"PH (STANDARD UNITS), FIELD",8.3000000000000007, SU ,pH,12110208
8834301,2013-06-12,00400,"PH (STANDARD UNITS), FIELD",8.1999999999999993, SU ,pH,12110208
8834301,2017-06-21,00400,"PH (STANDARD UNITS), FIELD",8.1300000000000008, SU ,pH,12110208
8834301,1997-07-25,00608,"NITROGEN, AMMONIA, DISSOLVED (MG/L AS N)",0.27000000000000002,MG/L AS N,nitrogen,12110208
8834301,2013-06-12,00666,"PHOSPHORUS, DISSOLVED (MG/L AS P)",0.02,MG/L AS P,phosphorus,12110208
8834301,2017-06-21,00666,"PHOSPHORUS, DISSOLVED (MG/L AS P)",0.376,MG/L AS P,phosphorus,12110208
8834501,1999-09-22,00010,"TEMPERATURE, WATER (CELSIUS)",30, C  ,temperature,12110208
8834501,1999-09-22,00400,"PH (STANDARD UNITS), FIELD",7.9699999999999998, SU ,pH,12110208
8834601,1971-08-18,00010,"TEMPERATURE, WATER (CELSIUS)",22, C  ,temperature,12110208
8834601,1984-06-19,00010,"TEMPERATURE, WATER (CELSIUS)",28, C  ,temperature,12110208
8834601,1997-06-14,00010,"TEMPERATURE, WATER (CELSIUS)",30, C  ,temperature,12110208
8834601,2001-02-28,00010,"TEMPERATURE, WATER (CELSIUS)",29.5, C  ,temperature,12110208
8834601,2013-06-12,00010,"TEMPERATURE, WATER (CELSIUS)",27.600000000000001, C  ,temperature,12110208
8834601,2021-06-09,00010,"TEMPERATURE, WATER (CELSIUS)",30.699999999999999, C  ,temperature,12110208
8834601,1971-08-18,00400,"PH (STANDARD UNITS), FIELD",7.5, SU ,pH,12110208
8834601,1978-08-21,00400,"PH (STANDARD UNITS), FIELD",8, SU ,pH,12110208
8834601,1980-12-13,00400,"PH (STANDARD UNITS), FIELD",8.3000000000000007, SU ,pH,12110208
8834601,1984-06-19,00400,"PH (STANDARD UNITS), FIELD",8.1999999999999993, SU ,pH,12110208
8834601,1997-06-14,00400,"PH (STANDARD UNITS), FIELD",7.9900000000000002, SU ,pH,12110208
8834601,2001-02-28,00400,"PH (STANDARD UNITS), FIELD",8.1999999999999993, SU ,pH,12110208
8834601,2013-06-12,00400,"PH (STANDARD UNITS), FIELD",8.4100000000000001, SU ,pH,12110208
8834601,2021-06-09,00400,"PH (STANDARD UNITS), FIELD",6.9900000000000002, SU ,pH,12110208
8834601,1997-06-14,00608,"NITROGEN, AMMONIA, DISSOLVED (MG/L AS N)",0.26000000000000001,MG/L AS N,nitrogen,12110208
8834601,2013-06-12,00666,"PHOSPHORUS, DISSOLVED (MG/L AS P)",0.02,MG/L AS P,phosphorus,12110208
8834601,2021-06-09,00666,"PHOSPHORUS, DISSOLVED (MG/L AS P)",0.02,MG/L AS P,phosphorus,12110208
8834602,1984-06-20,00010,"TEMPERATURE, WATER (CELSIUS)",26, C  ,temperature,12110208
8834602,1992-06-24,00010,"TEMPERATURE, WATER (CELSIUS)",22, C  ,temperature,12110208
8834602,1984-06-20,00400,"PH (STANDARD UNITS), FIELD",8.0999999999999996, SU ,pH,12110208
8834602,1992-06-24,00400,"PH (STANDARD UNITS), FIELD",7.1299999999999999, SU ,pH,12110208
8834602,1992-06-24,00608,"NITROGEN, AMMONIA, DISSOLVED (MG/L AS N)",0.02,MG/L AS N,nitrogen,12110208
8834602,1992-06-24,00613,"NITRITE NITROGEN, DISSOLVED (MG/L AS N)",0.13,MG/L AS N,nitrogen,12110208
8834602,1992-06-24,00618,"NITRATE NITROGEN, DISSOLVED (MG/L AS N)",19.550000000000001,MG/L AS N,nitrogen,12110208
8834701,1957-10-25,00400,"PH (STANDARD UNITS), FIELD",8.1999999999999993, SU ,pH,12110208
8834801,1999-09-23,00010,"TEMPERATURE, WATER (CELSIUS)",26.399999999999999, C  ,temperature,12110208
8834801,1999-09-23,00400,"PH (STANDARD UNITS), FIELD",8.9499999999999993, SU ,pH,12110208
8834901,1953-10-09,00010,"TEMPERATURE, WATER (CELSIUS)",33, C  ,temperature,12110208
8834901,1944-11-29,00400,"PH (STANDARD UNITS), FIELD",7.7000000000000002, SU ,pH,12110208
8834901,1953-10-09,00400,"PH (STANDARD UNITS), FIELD",7.5999999999999996, SU ,pH,12110208
8835601,1957-08-23,00400,"PH (STANDARD UNITS), FIELD",7.5, SU ,pH,12110208
8835801,1972-03-13,00010,"TEMPERATURE, WATER (CELSIUS)",23, C  ,temperature,12110208
8835801,1973-08-29,00010,"TEMPERATURE, WATER (CELSIUS)",23, C  ,temperature,12110208
8835801,1984-06-19,00010,"TEMPERATURE, WATER (CELSIUS)",25, C  ,temperature,12110208
8835801,1957-10-28,00400,"PH (STANDARD UNITS), FIELD",7.5, SU ,pH,12110208
8835801,1972-03-13,00400,"PH (STANDARD UNITS), FIELD",9.0999999999999996, SU ,pH,12110208
8835801,1973-08-29,00400,"PH (STANDARD UNITS), FIELD",9.5, SU ,pH,12110208
8835801,1978-08-21,00400,"PH (STANDARD UNITS), FIELD",8.8000000000000007, SU ,pH,12110208
8835801,1980-12-13,00400,"PH (STANDARD UNITS), FIELD",9.0999999999999996, SU ,pH,12110208
8835801,1984-06-19,00400,"PH (STANDARD UNITS), FIELD",8.8000000000000007, SU ,pH,12110208
8836102,1957-08-13,00400,"PH (STANDARD UNITS), FIELD",8.3000000000000007, SU ,pH,12110208
8836401,1999-06-29,00010,"TEMPERATURE, WATER (CELSIUS)",30.399999999999999, C  ,temperature,12110208
8836401,1957-08-20,00400,"PH (STANDARD UNITS), FIELD",7.7000000000000002, SU ,pH,12110208
8836401,1999-06-29,00400,"PH (STANDARD UNITS), FIELD",7.7400000000000002, SU ,pH,12110208
8836401,1999-06-29,00608,"NITROGEN, AMMONIA, DISSOLVED (MG/L AS N)",0.183,MG/L AS N,nitrogen,12110208
8836401,1999-06-29,00666,"PHOSPHORUS, DISSOLVED (MG/L AS P)",4.0000000000000001E-2,MG/L AS P,phosphorus,12110208
8836402,1981-06-16,00010,"TEMPERATURE, WATER (CELSIUS)",28, C  ,temperature,12110208
8836402,1981-06-16,00400,"PH (STANDARD UNITS), FIELD",8.1999999999999993, SU ,pH,12110208
8836403,1957-08-21,00400,"PH (STANDARD UNITS), FIELD",7.5, SU ,pH,12110208
8836701,1957-08-12,00400,"PH (STANDARD UNITS), FIELD",8.1999999999999993, SU ,pH,12110208
8841401,1957-07-22,00400,"PH (STANDARD UNITS), FIELD",7.4000000000000004, SU ,pH,12110208
8841403,1953-09-18,00400,"PH (STANDARD UNITS), FIELD",7.7000000000000002, SU ,pH,12110208
8841801,1958-05-12,00400,"PH (STANDARD UNITS), FIELD",7.4000000000000004, SU ,pH,12110208
8841803,1958-05-12,00400,"PH (STANDARD UNITS), FIELD",7.2999999999999998, SU ,pH,12110208
8842101,1957-10-25,00400,"PH (STANDARD UNITS), FIELD",7, SU ,pH,12110208
8842105,1952-01-30,00400,"PH (STANDARD UNITS), FIELD",7.5, SU ,pH,12110208
8842201,1952-02-15,00400,"PH (STANDARD UNITS), FIELD",7.5999999999999996, SU ,pH,12110208
8842202,1992-06-24,00010,"TEMPERATURE, WATER (CELSIUS)",24.600000000000001, C  ,temperature,12110208
8842202,1992-06-24,00400,"PH (STANDARD UNITS), FIELD",6.5300000000000002, SU ,pH,12110208
8842202,1992-06-24,00618,"NITRATE NITROGEN, DISSOLVED (MG/L AS N)",12.75,MG/L AS N,nitrogen,12110208
8842203,1984-06-20,00010,"TEMPERATURE, WATER (CELSIUS)",26, C  ,temperature,12110208
8842203,1957-08-19,00400,"PH (STANDARD UNITS), FIELD",7.7000000000000002, SU ,pH,12110208
8842203,1984-06-20,00400,"PH (STANDARD UNITS), FIELD",8.5, SU ,pH,12110208
8842204,1957-10-28,00400,"PH (STANDARD UNITS), FIELD",7.5999999999999996, SU ,pH,12110208
8842205,1957-08-19,00400,"PH (STANDARD UNITS), FIELD",7.5, SU ,pH,12110208
8842206,1952-01-07,00400,"PH (STANDARD UNITS), FIELD",8.1999999999999993, SU ,pH,12110208
8842207,1951-12-04,00400,"PH (STANDARD UNITS), FIELD",7.5, SU ,pH,12110208
8842301,1957-10-28,00400,"PH (STANDARD UNITS), FIELD",8, SU ,pH,12110208
8842401,1969-05-27,00010,"TEMPERATURE, WATER (CELSIUS)",27, C  ,temperature,12110208
8842401,1951-12-10,00400,"PH (STANDARD UNITS), FIELD",8, SU ,pH,12110208
8842401,1969-05-27,00400,"PH (STANDARD UNITS), FIELD",7.7999999999999998, SU ,pH,12110208
8842402,1952-01-14,00010,"TEMPERATURE, WATER (CELSIUS)",25, C  ,temperature,12110208
8842402,1952-01-14,00400,"PH (STANDARD UNITS), FIELD",7.5999999999999996, SU ,pH,12110208
8842404,1951-12-14,00400,"PH (STANDARD UNITS), FIELD",7.7000000000000002, SU ,pH,12110208
8842405,1951-12-14,00400,"PH (STANDARD UNITS), FIELD",8.0999999999999996, SU ,pH,12110208
8842508,2013-07-16,00010,"TEMPERATURE, WATER (CELSIUS)",26.100000000000001, C  ,temperature,12110208
8842508,2025-04-23,00010,"TEMPERATURE, WATER (CELSIUS)",26.100000000000001, C  ,temperature,12110208
8842508,2013-07-16,00400,"PH (STANDARD UNITS), FIELD",7.2000000000000002, SU ,pH,12110208
8842508,2025-04-23,00400,"PH (STANDARD UNITS), FIELD",7.0599999999999996, SU ,pH,12110208
8842508,2013-07-16,00666,"PHOSPHORUS, DISSOLVED (MG/L AS P)",0.02,MG/L AS P,phosphorus,12110208
8842508,2025-04-23,00666,"PHOSPHORUS, DISSOLVED (MG/L AS P)",0.0281,MG/L AS P,phosphorus,12110208
8842601,1952-01-16,00400,"PH (STANDARD UNITS), FIELD",7.4000000000000004, SU ,pH,12110208
8842602,1952-07-24,00400,"PH (STANDARD UNITS), FIELD",8.5, SU ,pH,12110208
8842603,1952-07-21,00400,"PH (STANDARD UNITS), FIELD",7.2999999999999998, SU ,pH,12110208
8842605,1952-01-07,00010,"TEMPERATURE, WATER (CELSIUS)",25, C  ,temperature,12110208
8842605,1952-01-07,00400,"PH (STANDARD UNITS), FIELD",7.9000000000000004, SU ,pH,12110208
8842606,1952-01-07,00010,"TEMPERATURE, WATER (CELSIUS)",25, C  ,temperature,12110208
8842606,1952-01-07,00400,"PH (STANDARD UNITS), FIELD",8.1999999999999993, SU ,pH,12110208
8842901,1952-01-31,00400,"PH (STANDARD UNITS), FIELD",7.2000000000000002, SU ,pH,12110208
8842902,1952-01-16,00400,"PH (STANDARD UNITS), FIELD",8, SU ,pH,12110208
8842906,1952-01-14,00400,"PH (STANDARD UNITS), FIELD",7.9000000000000004, SU ,pH,12110208
8843101,1957-10-28,00400,"PH (STANDARD UNITS), FIELD",8, SU ,pH,12110208
8843102,1957-08-26,00400,"PH (STANDARD UNITS), FIELD",7.5999999999999996, SU ,pH,12110208
8843103,1957-10-28,00400,"PH (STANDARD UNITS), FIELD",8, SU ,pH,12110208
8843201,1957-11-07,00400,"PH (STANDARD UNITS), FIELD",7.9000000000000004, SU ,pH,12110208
8843202,1957-11-07,00400,"PH (STANDARD UNITS), FIELD",8.1999999999999993, SU ,pH,12110208
8843402,1952-07-21,00400,"PH (STANDARD UNITS), FIELD",7.5, SU ,pH,12110208
8843501,1952-07-23,00400,"PH (STANDARD UNITS), FIELD",7.5, SU ,pH,12110208
8843902,1952-11-17,00400,"PH (STANDARD UNITS), FIELD",7.7000000000000002, SU ,pH,12110208
8844201,1957-10-28,00400,"PH (STANDARD UNITS), FIELD",8.0999999999999996, SU ,pH,12110208
8845701,1945-06-30,00010,"TEMPERATURE, WATER (CELSIUS)",24, C  ,temperature,12110208
8849301,1958-05-12,00400,"PH (STANDARD UNITS), FIELD",7.4000000000000004, SU ,pH,12110208
8849303,1958-05-12,00400,"PH (STANDARD UNITS), FIELD",7.4000000000000004, SU ,pH,12110208
8849401,1953-08-03,00400,"PH (STANDARD UNITS), FIELD",7.7999999999999998, SU ,pH,12110208
8849401,1953-09-18,00400,"PH (STANDARD UNITS), FIELD",8.0999999999999996, SU ,pH,12110208
8849406,2005-12-14,00600,"NITROGEN, TOTAL (MG/L AS N)",5.0000000000000003E-2,MG/L AS N,nitrogen,12110208
8849406,2005-12-14,00615,"NITRITE NITROGEN, TOTAL (MG/L AS N)",5.0000000000000003E-2,MG/L AS N,nitrogen,12110208
8849701,1972-08-09,00400,"PH (STANDARD UNITS), FIELD",7.7000000000000002, SU ,pH,12110208
8849702,1994-03-17,00010,"TEMPERATURE, WATER (CELSIUS)",26.800000000000001, C  ,temperature,12110208
8849702,2001-04-11,00010,"TEMPERATURE, WATER (CELSIUS)",26.300000000000001, C  ,temperature,12110208
8849702,2013-06-19,00010,"TEMPERATURE, WATER (CELSIUS)",26.199999999999999, C  ,temperature,12110208
8849702,2017-05-24,00010,"TEMPERATURE, WATER (CELSIUS)",35.299999999999997, C  ,temperature,12110208
8849702,1994-03-17,00400,"PH (STANDARD UNITS), FIELD",6.9299999999999997, SU ,pH,12110208
8849702,2001-04-11,00400,"PH (STANDARD UNITS), FIELD",6.6900000000000004, SU ,pH,12110208
8849702,2013-06-19,00400,"PH (STANDARD UNITS), FIELD",7.3700000000000001, SU ,pH,12110208
8849702,2017-05-24,00400,"PH (STANDARD UNITS), FIELD",6.79, SU ,pH,12110208
8849702,2013-06-19,00666,"PHOSPHORUS, DISSOLVED (MG/L AS P)",0.02,MG/L AS P,phosphorus,12110208
8849702,2017-05-24,00666,"PHOSPHORUS, DISSOLVED (MG/L AS P)",0.02,MG/L AS P,phosphorus,12110208
8849703,1997-06-10,00010,"TEMPERATURE, WATER (CELSIUS)",26.800000000000001, C  ,temperature,12110208
8849703,2005-10-19,00010,"TEMPERATURE, WATER (CELSIUS)",26.699999999999999, C  ,temperature,12110208
8849703,1997-06-10,00400,"PH (STANDARD UNITS), FIELD",6.6699999999999999, SU ,pH,12110208
8849703,2005-10-19,00400,"PH (STANDARD UNITS), FIELD",6.7999999999999998, SU ,pH,12110208
8849703,1997-06-10,00608,"NITROGEN, AMMONIA, DISSOLVED (MG/L AS N)",0.10000000000000001,MG/L AS N,nitrogen,12110208
8849706,1953-06-04,00400,"PH (STANDARD UNITS), FIELD",7.5, SU ,pH,12110208
8849802,1999-07-20,00010,"TEMPERATURE, WATER (CELSIUS)",26.800000000000001, C  ,temperature,12110208
8849802,1999-07-20,00400,"PH (STANDARD UNITS), FIELD",7.2599999999999998, SU ,pH,12110208
8849802,1999-07-20,00608,"NITROGEN, AMMONIA, DISSOLVED (MG/L AS N)",0.02,MG/L AS N,nitrogen,12110208
8849802,1999-07-20,00666,"PHOSPHORUS, DISSOLVED (MG/L AS P)",4.0000000000000001E-2,MG/L AS P,phosphorus,12110208
8849901,1992-07-22,00010,"TEMPERATURE, WATER (CELSIUS)",28, C  ,temperature,12110208
8849901,1992-07-22,00400,"PH (STANDARD UNITS), FIELD",7.25, SU ,pH,12110208
8849901,1992-07-22,00608,"NITROGEN, AMMONIA, DISSOLVED (MG/L AS N)",0.02,MG/L AS N,nitrogen,12110208
8849901,1992-07-22,00613,"NITRITE NITROGEN, DISSOLVED (MG/L AS N)",0.01,MG/L AS N,nitrogen,12110208
8849901,1992-07-22,00618,"NITRATE NITROGEN, DISSOLVED (MG/L AS N)",5.0000000000000003E-2,MG/L AS N,nitrogen,12110208
8849902,1999-07-20,00010,"TEMPERATURE, WATER (CELSIUS)",27.600000000000001, C  ,temperature,12110208
8849902,2005-08-16,00010,"TEMPERATURE, WATER (CELSIUS)",27.600000000000001, C  ,temperature,12110208
8849902,2009-08-25,00010,"TEMPERATURE, WATER (CELSIUS)",28.300000000000001, C  ,temperature,12110208
8849902,2013-06-19,00010,"TEMPERATURE, WATER (CELSIUS)",27.300000000000001, C  ,temperature,12110208
8849902,2021-06-08,00010,"TEMPERATURE, WATER (CELSIUS)",27.699999999999999, C  ,temperature,12110208
8849902,2009-08-25,00300,"OXYGEN, DISSOLVED (MG/L)",2.7000000000000002,mg/L,dissolved_oxygen,12110208
8849902,1996-05-23,00400,"PH (STANDARD UNITS), FIELD",7.46, SU ,pH,12110208
8849902,1999-07-20,00400,"PH (STANDARD UNITS), FIELD",7.2300000000000004, SU ,pH,12110208
8849902,2005-08-16,00400,"PH (STANDARD UNITS), FIELD",7.25, SU ,pH,12110208
8849902,2009-08-25,00400,"PH (STANDARD UNITS), FIELD",7.1900000000000004, SU ,pH,12110208
8849902,2013-06-19,00400,"PH (STANDARD UNITS), FIELD",7.3200000000000003, SU ,pH,12110208
8849902,2021-06-08,00400,"PH (STANDARD UNITS), FIELD",7.3300000000000001, SU ,pH,12110208
8849902,1999-07-20,00608,"NITROGEN, AMMONIA, DISSOLVED (MG/L AS N)",0.02,MG/L AS N,nitrogen,12110208
8849902,1999-07-20,00666,"PHOSPHORUS, DISSOLVED (MG/L AS P)",4.0000000000000001E-2,MG/L AS P,phosphorus,12110208
8849902,2009-08-25,00666,"PHOSPHORUS, DISSOLVED (MG/L AS P)",0.02,MG/L AS P,phosphorus,12110208
8849902,2013-06-19,00666,"PHOSPHORUS, DISSOLVED (MG/L AS P)",0.02,MG/L AS P,phosphorus,12110208
8849902,2021-06-08,00666,"PHOSPHORUS, DISSOLVED (MG/L AS P)",0.02,MG/L AS P,phosphorus,12110208
8849906,1957-11-05,00400,"PH (STANDARD UNITS), FIELD",7.9000000000000004, SU ,pH,12110208
8850201,1984-06-22,00010,"TEMPERATURE, WATER (CELSIUS)",27, C  ,temperature,12110208
8850201,1988-07-20,00010,"TEMPERATURE, WATER (CELSIUS)",26, C  ,temperature,12110208
8850201,1984-06-22,00400,"PH (STANDARD UNITS), FIELD",8.4000000000000004, SU ,pH,12110208
8850201,1988-07-20,00400,"PH (STANDARD UNITS), FIELD",7.5, SU ,pH,12110208
8850301,1952-06-23,00400,"PH (STANDARD UNITS), FIELD",8.3000000000000007, SU ,pH,12110208
8850305,2013-07-16,00010,"TEMPERATURE, WATER (CELSIUS)",27.800000000000001, C  ,temperature,12110208
8850305,2025-04-23,00010,"TEMPERATURE, WATER (CELSIUS)",28.199999999999999, C  ,temperature,12110208
8850305,2013-07-16,00400,"PH (STANDARD UNITS), FIELD",7.2800000000000002, SU ,pH,12110208
8850305,2025-04-23,00400,"PH (STANDARD UNITS), FIELD",7.1100000000000003, SU ,pH,12110208
8850305,2013-07-16,00666,"PHOSPHORUS, DISSOLVED (MG/L AS P)",0.02,MG/L AS P,phosphorus,12110208
8850305,2025-04-23,00666,"PHOSPHORUS, DISSOLVED (MG/L AS P)",4.1099999999999998E-2,MG/L AS P,phosphorus,12110208
8850401,1952-08-03,00400,"PH (STANDARD UNITS), FIELD",8.3000000000000007, SU ,pH,12110208
8850402,1952-07-07,00400,"PH (STANDARD UNITS), FIELD",7.5, SU ,pH,12110208
8850403,1984-06-20,00010,"TEMPERATURE, WATER (CELSIUS)",29, C  ,temperature,12110208
8850403,1988-07-20,00010,"TEMPERATURE, WATER (CELSIUS)",25, C  ,temperature,12110208
8850403,1984-06-20,00400,"PH (STANDARD UNITS), FIELD",8.4000000000000004, SU ,pH,12110208
8850403,1988-07-20,00400,"PH (STANDARD UNITS), FIELD",7.5999999999999996, SU ,pH,12110208
8850404,1952-10-28,00400,"PH (STANDARD UNITS), FIELD",7.7999999999999998, SU ,pH,12110208
8850501,2000-06-22,00010,"TEMPERATURE, WATER (CELSIUS)",26.600000000000001, C  ,temperature,12110208
8850501,2000-06-22,00400,"PH (STANDARD UNITS), FIELD",7.2000000000000002, SU ,pH,12110208
8850503,1945-06-19,00010,"TEMPERATURE, WATER (CELSIUS)",26, C  ,temperature,12110208
8850602,1945-08-04,00010,"TEMPERATURE, WATER (CELSIUS)",24.399999999999999, C  ,temperature,12110208
8850702,1952-07-09,00400,"PH (STANDARD UNITS), FIELD",7.4000000000000004, SU ,pH,12110208
8850703,1945-06-20,00010,"TEMPERATURE, WATER (CELSIUS)",25, C  ,temperature,12110208
8850704,2005-08-18,00010,"TEMPERATURE, WATER (CELSIUS)",24.5, C  ,temperature,12110208
8850704,2005-08-18,00400,"PH (STANDARD UNITS), FIELD",6.8499999999999996, SU ,pH,12110208
8850801,1984-06-20,00010,"TEMPERATURE, WATER (CELSIUS)",26, C  ,temperature,12110208
8850801,1988-07-25,00010,"TEMPERATURE, WATER (CELSIUS)",33, C  ,temperature,12110208
8850801,2002-07-31,00010,"TEMPERATURE, WATER (CELSIUS)",29.699999999999999, C  ,temperature,12110208
8850801,1984-06-20,00400,"PH (STANDARD UNITS), FIELD",8.1999999999999993, SU ,pH,12110208
8850801,1988-07-25,00400,"PH (STANDARD UNITS), FIELD",7.0999999999999996, SU ,pH,12110208
8850801,2002-07-31,00400,"PH (STANDARD UNITS), FIELD",7.54, SU ,pH,12110208
8850802,1994-05-19,00010,"TEMPERATURE, WATER (CELSIUS)",27.899999999999999, C  ,temperature,12110208
8850802,1997-07-25,00010,"TEMPERATURE, WATER (CELSIUS)",27, C  ,temperature,12110208
8850802,1994-05-19,00400,"PH (STANDARD UNITS), FIELD",6.8899999999999997, SU ,pH,12110208
8850802,1997-07-25,00400,"PH (STANDARD UNITS), FIELD",6.9900000000000002, SU ,pH,12110208
8850802,1994-05-19,00608,"NITROGEN, AMMONIA, DISSOLVED (MG/L AS N)",0.01,MG/L AS N,nitrogen,12110208
8850802,1997-07-25,00608,"NITROGEN, AMMONIA, DISSOLVED (MG/L AS N)",0.20999999999999999,MG/L AS N,nitrogen,12110208
8850802,1994-05-19,00613,"NITRITE NITROGEN, DISSOLVED (MG/L AS N)",2.9999999999999999E-2,MG/L AS N,nitrogen,12110208
8850802,1994-05-19,00618,"NITRATE NITROGEN, DISSOLVED (MG/L AS N)",0.5,MG/L AS N,nitrogen,12110208
8850806,1945-06-16,00010,"TEMPERATURE, WATER (CELSIUS)",24, C  ,temperature,12110208
8850807,1952-06-19,00400,"PH (STANDARD UNITS), FIELD",7.7000000000000002, SU ,pH,12110208
8850808,1952-06-19,00400,"PH (STANDARD UNITS), FIELD",7.5999999999999996, SU ,pH,12110208
8850810,1952-10-30,00010,"TEMPERATURE, WATER (CELSIUS)",25, C  ,temperature,12110208
8850810,1952-10-30,00400,"PH (STANDARD UNITS), FIELD",7.7999999999999998, SU ,pH,12110208
8850812,2005-08-18,00010,"TEMPERATURE, WATER (CELSIUS)",25.5, C  ,temperature,12110208
8850812,2009-08-25,00010,"TEMPERATURE, WATER (CELSIUS)",26.300000000000001, C  ,temperature,12110208
8850812,2009-08-25,00300,"OXYGEN, DISSOLVED (MG/L)",4,mg/L,dissolved_oxygen,12110208
8850812,2005-08-18,00400,"PH (STANDARD UNITS), FIELD",7.6500000000000004, SU ,pH,12110208
8850812,2009-08-25,00400,"PH (STANDARD UNITS), FIELD",7.21, SU ,pH,12110208
8850812,2009-08-25,00666,"PHOSPHORUS, DISSOLVED (MG/L AS P)",2.9999999999999999E-2,MG/L AS P,phosphorus,12110208
8850814,2013-06-13,00010,"TEMPERATURE, WATER (CELSIUS)",25.100000000000001, C  ,temperature,12110208
8850814,2013-06-13,00400,"PH (STANDARD UNITS), FIELD",7.2800000000000002, SU ,pH,12110208
8850814,2013-06-13,00666,"PHOSPHORUS, DISSOLVED (MG/L AS P)",0.02,MG/L AS P,phosphorus,12110208
8850901,1952-07-02,00400,"PH (STANDARD UNITS), FIELD",7.7999999999999998, SU ,pH,12110208
8850902,1952-07-17,00400,"PH (STANDARD UNITS), FIELD",7.9000000000000004, SU ,pH,12110208
8851101,1952-01-14,00400,"PH (STANDARD UNITS), FIELD",7.7999999999999998, SU ,pH,12110208
8851102,1945-06-13,00010,"TEMPERATURE, WATER (CELSIUS)",24, C  ,temperature,12110208
8851102,1945-06-13,00400,"PH (STANDARD UNITS), FIELD",7.2000000000000002, SU ,pH,12110208
8851202,1952-09-08,00010,"TEMPERATURE, WATER (CELSIUS)",25, C  ,temperature,12110208
8851202,1952-09-08,00400,"PH (STANDARD UNITS), FIELD",7.5999999999999996, SU ,pH,12110208
8851203,1952-09-08,00400,"PH (STANDARD UNITS), FIELD",7.5999999999999996, SU ,pH,12110208
8851301,1944-03-15,00400,"PH (STANDARD UNITS), FIELD",8.4000000000000004, SU ,pH,12110208
8851503,1945-06-22,00010,"TEMPERATURE, WATER (CELSIUS)",24, C  ,temperature,12110208
8851702,1945-06-18,00010,"TEMPERATURE, WATER (CELSIUS)",24, C  ,temperature,12110208
8851703,1945-06-21,00010,"TEMPERATURE, WATER (CELSIUS)",25, C  ,temperature,12110208
8851704,1945-06-21,00010,"TEMPERATURE, WATER (CELSIUS)",24, C  ,temperature,12110208
8851801,1952-04-30,00400,"PH (STANDARD UNITS), FIELD",7.4000000000000004, SU ,pH,12110208
8851901,1999-07-08,00010,"TEMPERATURE, WATER (CELSIUS)",26, C  ,temperature,12110208
8851901,2001-05-23,00010,"TEMPERATURE, WATER (CELSIUS)",26, C  ,temperature,12110208
8851901,1999-07-08,00400,"PH (STANDARD UNITS), FIELD",7.2199999999999998, SU ,pH,12110208
8851901,2001-05-23,00400,"PH (STANDARD UNITS), FIELD",7.1100000000000003, SU ,pH,12110208
8851901,1999-07-08,00608,"NITROGEN, AMMONIA, DISSOLVED (MG/L AS N)",0.02,MG/L AS N,nitrogen,12110208
8851901,1999-07-08,00666,"PHOSPHORUS, DISSOLVED (MG/L AS P)",4.0000000000000001E-2,MG/L AS P,phosphorus,12110208
8851902,1948-07-19,00400,"PH (STANDARD UNITS), FIELD",7.7999999999999998, SU ,pH,12110208
8851903,1948-07-19,00400,"PH (STANDARD UNITS), FIELD",7.7999999999999998, SU ,pH,12110208
8851904,1948-07-01,00400,"PH (STANDARD UNITS), FIELD",7.2000000000000002, SU ,pH,12110208
8851904,1948-07-01,00400,"PH (STANDARD UNITS), FIELD",7.7000000000000002, SU ,pH,12110208
8851905,1948-07-19,00400,"PH (STANDARD UNITS), FIELD",7.9000000000000004, SU ,pH,12110208
8851906,1948-07-06,00400,"PH (STANDARD UNITS), FIELD",7.7999999999999998, SU ,pH,12110208
8851908,1952-06-11,00400,"PH (STANDARD UNITS), FIELD",7.2000000000000002, SU ,pH,12110208
8851908,1952-07-09,00400,"PH (STANDARD UNITS), FIELD",7.5, SU ,pH,12110208
8851908,1952-06-11,00650,"PHOSPHATE, TOTAL (MG/L AS PO4)",1,mg/L,phosphorus,12110208
8851909,1952-07-15,00400,"PH (STANDARD UNITS), FIELD",8.1999999999999993, SU ,pH,12110208
8851909,1952-07-29,00400,"PH (STANDARD UNITS), FIELD",7.4000000000000004, SU ,pH,12110208
8851910,1952-08-16,00400,"PH (STANDARD UNITS), FIELD",7.5, SU ,pH,12110208
8851910,1952-08-16,00403,PH (STANDARD UNITS) LAB,7.5, SU ,pH,12110208
8851911,1953-01-04,00400,"PH (STANDARD UNITS), FIELD",8.6999999999999993, SU ,pH,12110208
8851911,1953-01-04,00400,"PH (STANDARD UNITS), FIELD",8.0999999999999996, SU ,pH,12110208
8851911,1953-01-05,00400,"PH (STANDARD UNITS), FIELD",8.0999999999999996, SU ,pH,12110208
8851911,1953-07-13,00400,"PH (STANDARD UNITS), FIELD",7.5999999999999996, SU ,pH,12110208
8851912,1948-05-24,00400,"PH (STANDARD UNITS), FIELD",7.4000000000000004, SU ,pH,12110208
8851912,1952-01-22,00400,"PH (STANDARD UNITS), FIELD",8.3000000000000007, SU ,pH,12110208
8851912,1948-05-24,00403,PH (STANDARD UNITS) LAB,7.4000000000000004, SU ,pH,12110208
8851912,1952-01-22,00403,PH (STANDARD UNITS) LAB,8.3000000000000007, SU ,pH,12110208
8851913,1953-09-11,00400,"PH (STANDARD UNITS), FIELD",7.9000000000000004, SU ,pH,12110208
8851914,1953-09-11,00400,"PH (STANDARD UNITS), FIELD",7.5999999999999996, SU ,pH,12110208
8852701,1952-06-26,00400,"PH (STANDARD UNITS), FIELD",7.7999999999999998, SU ,pH,12110208
8852704,1952-10-01,00010,"TEMPERATURE, WATER (CELSIUS)",26, C  ,temperature,12110208
8852704,1952-10-01,00400,"PH (STANDARD UNITS), FIELD",7.5, SU ,pH,12110208
8852705,1952-06-23,00400,"PH (STANDARD UNITS), FIELD",7.7000000000000002, SU ,pH,12110208
8852902,1952-07-03,00400,"PH (STANDARD UNITS), FIELD",8.1999999999999993, SU ,pH,12110208
8857101,1958-05-05,00400,"PH (STANDARD UNITS), FIELD",7.0999999999999996, SU ,pH,12110208
8857102,1984-06-22,00010,"TEMPERATURE, WATER (CELSIUS)",28, C  ,temperature,12110208
8857102,1988-07-26,00010,"TEMPERATURE, WATER (CELSIUS)",27, C  ,temperature,12110208
8857102,1994-03-16,00010,"TEMPERATURE, WATER (CELSIUS)",25, C  ,temperature,12110208
8857102,1982-10-19,00400,"PH (STANDARD UNITS), FIELD",7.7999999999999998, SU ,pH,12110208
8857102,1984-06-22,00400,"PH (STANDARD UNITS), FIELD",8.3000000000000007, SU ,pH,12110208
8857102,1988-04-21,00400,"PH (STANDARD UNITS), FIELD",7.9000000000000004, SU ,pH,12110208
8857102,1988-07-26,00400,"PH (STANDARD UNITS), FIELD",7.4000000000000004, SU ,pH,12110208
8857102,1994-03-16,00400,"PH (STANDARD UNITS), FIELD",7.5499999999999998, SU ,pH,12110208
8857102,1994-03-16,00608,"NITROGEN, AMMONIA, DISSOLVED (MG/L AS N)",0.02,MG/L AS N,nitrogen,12110208
8857102,1994-03-16,00613,"NITRITE NITROGEN, DISSOLVED (MG/L AS N)",0.01,MG/L AS N,nitrogen,12110208
8857102,1994-03-16,00618,"NITRATE NITROGEN, DISSOLVED (MG/L AS N)",0.01,MG/L AS N,nitrogen,12110208
8857103,1988-07-26,00010,"TEMPERATURE, WATER (CELSIUS)",27, C  ,temperature,12110208
8857103,1988-07-26,00400,"PH (STANDARD UNITS), FIELD",7.2999999999999998, SU ,pH,12110208
8857104,1958-04-30,00400,"PH (STANDARD UNITS), FIELD",7.5, SU ,pH,12110208
8857105,1994-04-14,00010,"TEMPERATURE, WATER (CELSIUS)",27.199999999999999, C  ,temperature,12110208
8857105,1994-04-14,00400,"PH (STANDARD UNITS), FIELD",6.9699999999999998, SU ,pH,12110208
8857105,1994-04-14,00608,"NITROGEN, AMMONIA, DISSOLVED (MG/L AS N)",7.0000000000000007E-2,MG/L AS N,nitrogen,12110208
8857105,1994-04-14,00613,"NITRITE NITROGEN, DISSOLVED (MG/L AS N)",0.01,MG/L AS N,nitrogen,12110208
8857105,1994-04-14,00618,"NITRATE NITROGEN, DISSOLVED (MG/L AS N)",0.01,MG/L AS N,nitrogen,12110208
8857106,1994-04-18,00010,"TEMPERATURE, WATER (CELSIUS)",26, C  ,temperature,12110208
8857106,1999-09-21,00010,"TEMPERATURE, WATER (CELSIUS)",25.899999999999999, C  ,temperature,12110208
8857106,1994-04-18,00400,"PH (STANDARD UNITS), FIELD",7.2000000000000002, SU ,pH,12110208
8857106,1999-09-21,00400,"PH (STANDARD UNITS), FIELD",7.1699999999999999, SU ,pH,12110208
8857106,1994-04-18,00608,"NITROGEN, AMMONIA, DISSOLVED (MG/L AS N)",0.75,MG/L AS N,nitrogen,12110208
8857106,1994-04-18,00613,"NITRITE NITROGEN, DISSOLVED (MG/L AS N)",0.01,MG/L AS N,nitrogen,12110208
8857106,1994-04-18,00618,"NITRATE NITROGEN, DISSOLVED (MG/L AS N)",0.01,MG/L AS N,nitrogen,12110208
8857118,2009-09-16,00010,"TEMPERATURE, WATER (CELSIUS)",27, C  ,temperature,12110208
8857118,2009-09-16,00300,"OXYGEN, DISSOLVED (MG/L)",2.2000000000000002,mg/L,dissolved_oxygen,12110208
8857118,2009-09-16,00400,"PH (STANDARD UNITS), FIELD",7.0300000000000002, SU ,pH,12110208
8857202,1984-06-23,00010,"TEMPERATURE, WATER (CELSIUS)",27, C  ,temperature,12110208
8857202,1984-06-23,00400,"PH (STANDARD UNITS), FIELD",8, SU ,pH,12110208
8857206,1997-06-10,00010,"TEMPERATURE, WATER (CELSIUS)",27.300000000000001, C  ,temperature,12110208
8857206,2001-04-10,00010,"TEMPERATURE, WATER (CELSIUS)",27.100000000000001, C  ,temperature,12110208
8857206,2005-08-17,00010,"TEMPERATURE, WATER (CELSIUS)",28, C  ,temperature,12110208
8857206,2013-07-18,00010,"TEMPERATURE, WATER (CELSIUS)",26.600000000000001, C  ,temperature,12110208
8857206,1997-06-10,00400,"PH (STANDARD UNITS), FIELD",7.3899999999999997, SU ,pH,12110208
8857206,2001-04-10,00400,"PH (STANDARD UNITS), FIELD",7.3099999999999996, SU ,pH,12110208
8857206,2005-08-17,00400,"PH (STANDARD UNITS), FIELD",7.3399999999999999, SU ,pH,12110208
8857206,2013-07-18,00400,"PH (STANDARD UNITS), FIELD",7.4299999999999997, SU ,pH,12110208
8857206,1997-06-10,00608,"NITROGEN, AMMONIA, DISSOLVED (MG/L AS N)",0.10000000000000001,MG/L AS N,nitrogen,12110208
8857206,2013-07-18,00666,"PHOSPHORUS, DISSOLVED (MG/L AS P)",0.02,MG/L AS P,phosphorus,12110208
8857503,1999-09-23,00010,"TEMPERATURE, WATER (CELSIUS)",25.699999999999999, C  ,temperature,12110208
8857503,1999-09-23,00400,"PH (STANDARD UNITS), FIELD",7.1799999999999997, SU ,pH,12110208
8858101,1969-05-28,00010,"TEMPERATURE, WATER (CELSIUS)",26, C  ,temperature,12110208
8858101,1952-06-18,00400,"PH (STANDARD UNITS), FIELD",7.4000000000000004, SU ,pH,12110208
8858101,1969-05-28,00400,"PH (STANDARD UNITS), FIELD",7.7000000000000002, SU ,pH,12110208
8858103,1999-06-17,00010,"TEMPERATURE, WATER (CELSIUS)",25.699999999999999, C  ,temperature,12110208
8858103,1999-06-17,00400,"PH (STANDARD UNITS), FIELD",7.2300000000000004, SU ,pH,12110208
8858103,1999-06-17,00608,"NITROGEN, AMMONIA, DISSOLVED (MG/L AS N)",1.03,MG/L AS N,nitrogen,12110208
8858103,1999-06-17,00666,"PHOSPHORUS, DISSOLVED (MG/L AS P)",4.0000000000000001E-2,MG/L AS P,phosphorus,12110208
8858104,1952-09-02,00400,"PH (STANDARD UNITS), FIELD",8, SU ,pH,12110208
8858108,1952-09-02,00400,"PH (STANDARD UNITS), FIELD",8, SU ,pH,12110208
8858109,1945-06-16,00010,"TEMPERATURE, WATER (CELSIUS)",26, C  ,temperature,12110208
8858201,1952-10-09,00400,"PH (STANDARD UNITS), FIELD",8.1999999999999993, SU ,pH,12110208
8858202,1952-01-17,00400,"PH (STANDARD UNITS), FIELD",7.9000000000000004, SU ,pH,12110208
8858203,1984-06-22,00010,"TEMPERATURE, WATER (CELSIUS)",28, C  ,temperature,12110208
8858203,1988-07-20,00010,"TEMPERATURE, WATER (CELSIUS)",26, C  ,temperature,12110208
8858203,1994-05-17,00010,"TEMPERATURE, WATER (CELSIUS)",27.399999999999999, C  ,temperature,12110208
8858203,1973-06-18,00400,"PH (STANDARD UNITS), FIELD",7.9000000000000004, SU ,pH,12110208
8858203,1977-08-03,00400,"PH (STANDARD UNITS), FIELD",8.3000000000000007, SU ,pH,12110208
8858203,1984-06-22,00400,"PH (STANDARD UNITS), FIELD",8.4000000000000004, SU ,pH,12110208
8858203,1988-07-20,00400,"PH (STANDARD UNITS), FIELD",7, SU ,pH,12110208
8858203,1994-05-17,00400,"PH (STANDARD UNITS), FIELD",7.3499999999999996, SU ,pH,12110208
8858203,1994-05-17,00608,"NITROGEN, AMMONIA, DISSOLVED (MG/L AS N)",0.11,MG/L AS N,nitrogen,12110208
8858203,1994-05-17,00613,"NITRITE NITROGEN, DISSOLVED (MG/L AS N)",0.01,MG/L AS N,nitrogen,12110208
8858203,1994-05-17,00618,"NITRATE NITROGEN, DISSOLVED (MG/L AS N)",0.01,MG/L AS N,nitrogen,12110208
8858204,1999-08-05,00010,"TEMPERATURE, WATER (CELSIUS)",26.199999999999999, C  ,temperature,12110208
8858204,1999-08-05,00400,"PH (STANDARD UNITS), FIELD",7.25, SU ,pH,12110208
8858204,1999-08-05,00608,"NITROGEN, AMMONIA, DISSOLVED (MG/L AS N)",0.372,MG/L AS N,nitrogen,12110208
8858204,1999-08-05,00666,"PHOSPHORUS, DISSOLVED (MG/L AS P)",4.0000000000000001E-2,MG/L AS P,phosphorus,12110208
8858205,1952-10-15,00400,"PH (STANDARD UNITS), FIELD",7.9000000000000004, SU ,pH,12110208
8858212,1952-02-20,00010,"TEMPERATURE, WATER (CELSIUS)",25, C  ,temperature,12110208
8858212,1952-02-20,00400,"PH (STANDARD UNITS), FIELD",7.5, SU ,pH,12110208
8858213,1945-06-20,00010,"TEMPERATURE, WATER (CELSIUS)",25, C  ,temperature,12110208
8858214,1952-08-19,00010,"TEMPERATURE, WATER (CELSIUS)",26, C  ,temperature,12110208
8858214,1952-08-19,00400,"PH (STANDARD UNITS), FIELD",7.9000000000000004, SU ,pH,12110208
8858215,1952-07-02,00010,"TEMPERATURE, WATER (CELSIUS)",26, C  ,temperature,12110208
8858215,1952-07-02,00400,"PH (STANDARD UNITS), FIELD",7.7000000000000002, SU ,pH,12110208
8858216,1952-01-15,00010,"TEMPERATURE, WATER (CELSIUS)",25, C  ,temperature,12110208
8858216,1952-01-15,00400,"PH (STANDARD UNITS), FIELD",7.5999999999999996, SU ,pH,12110208
8858218,1952-01-31,00010,"TEMPERATURE, WATER (CELSIUS)",26, C  ,temperature,12110208
8858218,1952-01-31,00400,"PH (STANDARD UNITS), FIELD",7.5, SU ,pH,12110208
8858220,1952-10-09,00010,"TEMPERATURE, WATER (CELSIUS)",25, C  ,temperature,12110208
8858220,1952-10-09,00400,"PH (STANDARD UNITS), FIELD",7.7999999999999998, SU ,pH,12110208
8858221,1952-01-31,00010,"TEMPERATURE, WATER (CELSIUS)",25, C  ,temperature,12110208
8858221,1952-01-31,00400,"PH (STANDARD UNITS), FIELD",7.9000000000000004, SU ,pH,12110208
8858222,1952-01-31,00010,"TEMPERATURE, WATER (CELSIUS)",25, C  ,temperature,12110208
8858222,1952-01-31,00400,"PH (STANDARD UNITS), FIELD",7.5, SU ,pH,12110208
8858223,1945-06-20,00010,"TEMPERATURE, WATER (CELSIUS)",25, C  ,temperature,12110208
8858301,1953-09-28,00400,"PH (STANDARD UNITS), FIELD",7.2999999999999998, SU ,pH,12110208
8858302,1953-09-28,00400,"PH (STANDARD UNITS), FIELD",7.5999999999999996, SU ,pH,12110208
8858304,1952-07-02,00010,"TEMPERATURE, WATER (CELSIUS)",26, C  ,temperature,12110208
8858304,1952-07-02,00400,"PH (STANDARD UNITS), FIELD",7.7000000000000002, SU ,pH,12110208
8858305,1952-09-04,00400,"PH (STANDARD UNITS), FIELD",7.5999999999999996, SU ,pH,12110208
8858306,1952-04-29,00010,"TEMPERATURE, WATER (CELSIUS)",25, C  ,temperature,12110208
8858306,1952-04-29,00400,"PH (STANDARD UNITS), FIELD",7.5999999999999996, SU ,pH,12110208
8858309,1952-09-04,00010,"TEMPERATURE, WATER (CELSIUS)",25, C  ,temperature,12110208
8858309,1952-09-04,00400,"PH (STANDARD UNITS), FIELD",8, SU ,pH,12110208
8858310,1952-07-02,00010,"TEMPERATURE, WATER (CELSIUS)",26, C  ,temperature,12110208
8858310,1952-07-02,00400,"PH (STANDARD UNITS), FIELD",7.7999999999999998, SU ,pH,12110208
8858311,1957-07-18,00400,"PH (STANDARD UNITS), FIELD",7.7000000000000002, SU ,pH,12110208
8858312,1953-09-28,00400,"PH (STANDARD UNITS), FIELD",7.7000000000000002, SU ,pH,12110208
8858313,1953-09-28,00400,"PH (STANDARD UNITS), FIELD",7.4000000000000004, SU ,pH,12110208
8858314,1953-09-28,00400,"PH (STANDARD UNITS), FIELD",7.5, SU ,pH,12110208
8858402,1999-06-16,00010,"TEMPERATURE, WATER (CELSIUS)",25.600000000000001, C  ,temperature,12110208
8858402,1952-10-13,00400,"PH (STANDARD UNITS), FIELD",7.9000000000000004, SU ,pH,12110208
8858402,1999-06-16,00400,"PH (STANDARD UNITS), FIELD",7.1900000000000004, SU ,pH,12110208
8858402,1999-06-16,00608,"NITROGEN, AMMONIA, DISSOLVED (MG/L AS N)",0.91000000000000003,MG/L AS N,nitrogen,12110208
8858402,1999-06-16,00666,"PHOSPHORUS, DISSOLVED (MG/L AS P)",4.0000000000000001E-2,MG/L AS P,phosphorus,12110208
8858403,1999-06-14,00010,"TEMPERATURE, WATER (CELSIUS)",25.5, C  ,temperature,12110208
8858403,1999-06-14,00400,"PH (STANDARD UNITS), FIELD",7.2599999999999998, SU ,pH,12110208
8858403,1999-06-14,00608,"NITROGEN, AMMONIA, DISSOLVED (MG/L AS N)",1.29,MG/L AS N,nitrogen,12110208
8858403,1999-06-14,00666,"PHOSPHORUS, DISSOLVED (MG/L AS P)",4.0000000000000001E-2,MG/L AS P,phosphorus,12110208
8858413,1952-10-30,00400,"PH (STANDARD UNITS), FIELD",7.5999999999999996, SU ,pH,12110208
8858501,1952-01-31,00400,"PH (STANDARD UNITS), FIELD",7.4000000000000004, SU ,pH,12110208
8858502,1952-06-16,00400,"PH (STANDARD UNITS), FIELD",7.5999999999999996, SU ,pH,12110208
8858503,1999-06-16,00010,"TEMPERATURE, WATER (CELSIUS)",25.699999999999999, C  ,temperature,12110208
8858503,1999-06-16,00400,"PH (STANDARD UNITS), FIELD",7.1699999999999999, SU ,pH,12110208
8858503,1999-06-16,00608,"NITROGEN, AMMONIA, DISSOLVED (MG/L AS N)",1.4199999999999999,MG/L AS N,nitrogen,12110208
8858503,1999-06-16,00666,"PHOSPHORUS, DISSOLVED (MG/L AS P)",4.0000000000000001E-2,MG/L AS P,phosphorus,12110208
8858506,1999-08-03,00010,"TEMPERATURE, WATER (CELSIUS)",25.300000000000001, C  ,temperature,13090002
8858506,1999-08-03,00400,"PH (STANDARD UNITS), FIELD",7.2000000000000002, SU ,pH,13090002
8858506,1999-08-03,00608,"NITROGEN, AMMONIA, DISSOLVED (MG/L AS N)",0.874,MG/L AS N,nitrogen,13090002
8858506,1999-08-03,00666,"PHOSPHORUS, DISSOLVED (MG/L AS P)",4.0000000000000001E-2,MG/L AS P,phosphorus,13090002
8858508,1952-01-17,00400,"PH (STANDARD UNITS), FIELD",7.4000000000000004, SU ,pH,12110208
8858509,1952-02-20,00400,"PH (STANDARD UNITS), FIELD",7.5, SU ,pH,12110208
8858608,1988-12-05,00010,"TEMPERATURE, WATER (CELSIUS)",24, C  ,temperature,12110208
8858608,1988-12-04,00400,"PH (STANDARD UNITS), FIELD",8.4000000000000004, SU ,pH,12110208
8858608,1988-12-05,00400,"PH (STANDARD UNITS), FIELD",7.9000000000000004, SU ,pH,12110208
8858609,1989-01-09,00400,"PH (STANDARD UNITS), FIELD",7.7999999999999998, SU ,pH,12110208
8858609,1989-01-11,00400,"PH (STANDARD UNITS), FIELD",7.5999999999999996, SU ,pH,12110208
8858610,1994-04-20,00010,"TEMPERATURE, WATER (CELSIUS)",25.699999999999999, C  ,temperature,12110208
8858610,1997-06-10,00010,"TEMPERATURE, WATER (CELSIUS)",25.600000000000001, C  ,temperature,12110208
8858610,2001-04-10,00010,"TEMPERATURE, WATER (CELSIUS)",25.800000000000001, C  ,temperature,12110208
8858610,2013-06-13,00010,"TEMPERATURE, WATER (CELSIUS)",24.899999999999999, C  ,temperature,12110208
8858610,2017-06-21,00010,"TEMPERATURE, WATER (CELSIUS)",25.600000000000001, C  ,temperature,12110208
8858610,1994-04-20,00400,"PH (STANDARD UNITS), FIELD",7.3899999999999997, SU ,pH,12110208
8858610,1997-06-10,00400,"PH (STANDARD UNITS), FIELD",7.0700000000000003, SU ,pH,12110208
8858610,2001-04-10,00400,"PH (STANDARD UNITS), FIELD",7.29, SU ,pH,12110208
8858610,2013-06-13,00400,"PH (STANDARD UNITS), FIELD",7.4000000000000004, SU ,pH,12110208
8858610,2017-06-21,00400,"PH (STANDARD UNITS), FIELD",7.0999999999999996, SU ,pH,12110208
8858610,1994-04-20,00608,"NITROGEN, AMMONIA, DISSOLVED (MG/L AS N)",0.72999999999999998,MG/L AS N,nitrogen,12110208
8858610,1997-06-10,00608,"NITROGEN, AMMONIA, DISSOLVED (MG/L AS N)",0.85999999999999999,MG/L AS N,nitrogen,12110208
8858610,1994-04-20,00613,"NITRITE NITROGEN, DISSOLVED (MG/L AS N)",0.01,MG/L AS N,nitrogen,12110208
8858610,1994-04-20,00618,"NITRATE NITROGEN, DISSOLVED (MG/L AS N)",0.01,MG/L AS N,nitrogen,12110208
8858610,2013-06-13,00666,"PHOSPHORUS, DISSOLVED (MG/L AS P)",0.02,MG/L AS P,phosphorus,12110208
8858610,2017-06-21,00666,"PHOSPHORUS, DISSOLVED (MG/L AS P)",0.16200000000000001,MG/L AS P,phosphorus,12110208
8858614,1952-10-09,00400,"PH (STANDARD UNITS), FIELD",7.5999999999999996, SU ,pH,12110208
8858615,1952-09-03,00400,"PH (STANDARD UNITS), FIELD",8.1999999999999993, SU ,pH,12110208
8858617,1953-01-05,00400,"PH (STANDARD UNITS), FIELD",7.5999999999999996, SU ,pH,13090002
8858901,1999-10-06,00010,"TEMPERATURE, WATER (CELSIUS)",25.199999999999999, C  ,temperature,13090002
8858901,2002-07-31,00010,"TEMPERATURE, WATER (CELSIUS)",24.199999999999999, C  ,temperature,13090002
8858901,1999-10-06,00400,"PH (STANDARD UNITS), FIELD",7.0599999999999996, SU ,pH,13090002
8858901,2002-07-31,00400,"PH (STANDARD UNITS), FIELD",6.9900000000000002, SU ,pH,13090002
8859101,1952-09-03,00400,"PH (STANDARD UNITS), FIELD",7.7000000000000002, SU ,pH,12110208
8859103,1984-06-22,00010,"TEMPERATURE, WATER (CELSIUS)",27, C  ,temperature,12110208
8859103,1988-07-21,00010,"TEMPERATURE, WATER (CELSIUS)",27, C  ,temperature,12110208
8859103,1972-09-21,00400,"PH (STANDARD UNITS), FIELD",7.5, SU ,pH,12110208
8859103,1977-08-03,00400,"PH (STANDARD UNITS), FIELD",7.9000000000000004, SU ,pH,12110208
8859103,1984-06-22,00400,"PH (STANDARD UNITS), FIELD",8.3000000000000007, SU ,pH,12110208
8859103,1988-07-21,00400,"PH (STANDARD UNITS), FIELD",7, SU ,pH,12110208
8859105,1972-10-12,00010,"TEMPERATURE, WATER (CELSIUS)",26, C  ,temperature,12110208
8859105,1977-08-03,00010,"TEMPERATURE, WATER (CELSIUS)",26, C  ,temperature,12110208
8859105,1972-10-12,00400,"PH (STANDARD UNITS), FIELD",7.2999999999999998, SU ,pH,12110208
8859105,1977-08-03,00400,"PH (STANDARD UNITS), FIELD",7.7000000000000002, SU ,pH,12110208
8859108,1984-06-22,00010,"TEMPERATURE, WATER (CELSIUS)",26, C  ,temperature,12110208
8859108,1988-07-26,00010,"TEMPERATURE, WATER (CELSIUS)",27, C  ,temperature,12110208
8859108,1984-06-22,00400,"PH (STANDARD UNITS), FIELD",8.3000000000000007, SU ,pH,12110208
8859108,1988-07-26,00400,"PH (STANDARD UNITS), FIELD",7, SU ,pH,12110208
8859110,1952-08-19,00400,"PH (STANDARD UNITS), FIELD",7.5999999999999996, SU ,pH,12110208
8859114,1952-09-03,00400,"PH (STANDARD UNITS), FIELD",7.7000000000000002, SU ,pH,12110208
8859116,1952-09-02,00010,"TEMPERATURE, WATER (CELSIUS)",26, C  ,temperature,12110208
8859116,1952-09-02,00400,"PH (STANDARD UNITS), FIELD",7.2999999999999998, SU ,pH,12110208
8859201,1952-05-20,00400,"PH (STANDARD UNITS), FIELD",7.7000000000000002, SU ,pH,12110208
8859204,1972-09-25,00400,"PH (STANDARD UNITS), FIELD",7.4000000000000004, SU ,pH,12110208
8859213,1952-05-20,00010,"TEMPERATURE, WATER (CELSIUS)",26, C  ,temperature,12110208
8859213,1952-05-20,00400,"PH (STANDARD UNITS), FIELD",7.2999999999999998, SU ,pH,12110208
8859215,1952-05-21,00010,"TEMPERATURE, WATER (CELSIUS)",25, C  ,temperature,12110208
8859215,1952-05-21,00400,"PH (STANDARD UNITS), FIELD",7.5, SU ,pH,12110208
8859216,1952-05-20,00400,"PH (STANDARD UNITS), FIELD",7.2999999999999998, SU ,pH,12110208
8859218,1952-10-21,00010,"TEMPERATURE, WATER (CELSIUS)",26, C  ,temperature,12110208
8859218,1952-10-21,00400,"PH (STANDARD UNITS), FIELD",7.9000000000000004, SU ,pH,12110208
8859219,1945-07-02,00010,"TEMPERATURE, WATER (CELSIUS)",25, C  ,temperature,12110208
8859304,1952-01-09,00400,"PH (STANDARD UNITS), FIELD",7.7000000000000002, SU ,pH,12110208
8859305,1948-05-06,00400,"PH (STANDARD UNITS), FIELD",7.7999999999999998, SU ,pH,12110208
8859305,1952-05-21,00400,"PH (STANDARD UNITS), FIELD",7.7999999999999998, SU ,pH,12110208
8859305,1948-05-06,00403,PH (STANDARD UNITS) LAB,7.7999999999999998, SU ,pH,12110208
8859309,1948-05-06,00400,"PH (STANDARD UNITS), FIELD",7.2000000000000002, SU ,pH,12110208
8859309,1948-05-06,00403,PH (STANDARD UNITS) LAB,7.2000000000000002, SU ,pH,12110208
8859310,1948-05-06,00400,"PH (STANDARD UNITS), FIELD",8.3000000000000007, SU ,pH,12110208
8859310,1948-05-06,00403,PH (STANDARD UNITS) LAB,8.3000000000000007, SU ,pH,12110208
8859311,1952-06-13,00400,"PH (STANDARD UNITS), FIELD",7.7000000000000002, SU ,pH,12110208
8859314,1952-08-12,00010,"TEMPERATURE, WATER (CELSIUS)",25, C  ,temperature,12110208
8859314,1952-08-12,00400,"PH (STANDARD UNITS), FIELD",7.9000000000000004, SU ,pH,12110208
8859315,1952-08-03,00400,"PH (STANDARD UNITS), FIELD",7.7999999999999998, SU ,pH,12110208
8859316,1945-07-02,00010,"TEMPERATURE, WATER (CELSIUS)",24, C  ,temperature,12110208
8859317,1945-07-02,00010,"TEMPERATURE, WATER (CELSIUS)",25, C  ,temperature,12110208
8859404,1952-10-13,00400,"PH (STANDARD UNITS), FIELD",7.7999999999999998, SU ,pH,12110208
8859406,,00400,"PH (STANDARD UNITS), FIELD",8.0999999999999996, SU ,pH,12110208
8859406,,00400,"PH (STANDARD UNITS), FIELD",8.0999999999999996, SU ,pH,12110208
8859406,,00400,"PH (STANDARD UNITS), FIELD",8.0999999999999996, SU ,pH,12110208
8859406,,00400,"PH (STANDARD UNITS), FIELD",8.4000000000000004, SU ,pH,12110208
8859406,,00400,"PH (STANDARD UNITS), FIELD",8.0999999999999996, SU ,pH,12110208
8859408,1988-12-19,00400,"PH (STANDARD UNITS), FIELD",8.0999999999999996, SU ,pH,12110208
8859408,1989-01-05,00400,"PH (STANDARD UNITS), FIELD",8, SU ,pH,12110208
8859409,1989-01-22,00400,"PH (STANDARD UNITS), FIELD",8.1999999999999993, SU ,pH,12110208
8859409,1989-01-25,00400,"PH (STANDARD UNITS), FIELD",8, SU ,pH,12110208
8859411,1989-06-04,00010,"TEMPERATURE, WATER (CELSIUS)",31, C  ,temperature,12110208
8859411,1989-06-04,00010,"TEMPERATURE, WATER (CELSIUS)",31, C  ,temperature,12110208
8859411,1989-06-04,00010,"TEMPERATURE, WATER (CELSIUS)",31, C  ,temperature,12110208
8859411,1989-06-05,00010,"TEMPERATURE, WATER (CELSIUS)",31, C  ,temperature,12110208
8859411,1989-06-06,00010,"TEMPERATURE, WATER (CELSIUS)",31, C  ,temperature,12110208
8859411,1989-06-06,00010,"TEMPERATURE, WATER (CELSIUS)",29.5, C  ,temperature,12110208
8859411,1989-06-06,00010,"TEMPERATURE, WATER (CELSIUS)",29.5, C  ,temperature,12110208
8859411,1989-06-16,00010,"TEMPERATURE, WATER (CELSIUS)",27, C  ,temperature,12110208
8859411,1989-06-16,00010,"TEMPERATURE, WATER (CELSIUS)",27, C  ,temperature,12110208
8859411,1989-06-16,00010,"TEMPERATURE, WATER (CELSIUS)",27, C  ,temperature,12110208
8859411,1989-06-16,00010,"TEMPERATURE, WATER (CELSIUS)",28, C  ,temperature,12110208
8859411,1989-06-17,00010,"TEMPERATURE, WATER (CELSIUS)",26, C  ,temperature,12110208
8859411,1989-06-17,00010,"TEMPERATURE, WATER (CELSIUS)",26, C  ,temperature,12110208
8859411,1989-06-17,00010,"TEMPERATURE, WATER (CELSIUS)",27, C  ,temperature,12110208
8859411,1989-06-17,00010,"TEMPERATURE, WATER (CELSIUS)",27, C  ,temperature,12110208
8859411,1989-06-18,00010,"TEMPERATURE, WATER (CELSIUS)",26, C  ,temperature,12110208
8859411,1989-06-18,00010,"TEMPERATURE, WATER (CELSIUS)",26, C  ,temperature,12110208
8859411,1989-06-19,00010,"TEMPERATURE, WATER (CELSIUS)",27, C  ,temperature,12110208
8859411,1989-06-19,00010,"TEMPERATURE, WATER (CELSIUS)",27, C  ,temperature,12110208
8859411,1989-06-05,00095,SPECIFIC CONDUCTANCE (UMHOS/CM @25C),9000,MICR,conductivity,12110208
8859411,1989-06-06,00095,SPECIFIC CONDUCTANCE (UMHOS/CM @25C),9300,MICR,conductivity,12110208
8859411,1989-06-16,00095,SPECIFIC CONDUCTANCE (UMHOS/CM @25C),1980,MICR,conductivity,12110208
8859411,1989-06-16,00095,SPECIFIC CONDUCTANCE (UMHOS/CM @25C),1970,MICR,conductivity,12110208
8859411,1989-06-16,00095,SPECIFIC CONDUCTANCE (UMHOS/CM @25C),1970,MICR,conductivity,12110208
8859411,1989-06-17,00095,SPECIFIC CONDUCTANCE (UMHOS/CM @25C),1380,MICR,conductivity,12110208
8859411,1989-06-17,00095,SPECIFIC CONDUCTANCE (UMHOS/CM @25C),1500,MICR,conductivity,12110208
8859411,1989-06-18,00095,SPECIFIC CONDUCTANCE (UMHOS/CM @25C),1130,MICR,conductivity,12110208
8859411,1989-06-19,00095,SPECIFIC CONDUCTANCE (UMHOS/CM @25C),1530,MICR,conductivity,12110208
8859411,1989-06-04,00400,"PH (STANDARD UNITS), FIELD",6.9800000000000004, SU ,pH,12110208
8859411,1989-06-04,00400,"PH (STANDARD UNITS), FIELD",7.7000000000000002, SU ,pH,12110208
8859411,1989-06-04,00400,"PH (STANDARD UNITS), FIELD",7.4800000000000004, SU ,pH,12110208
8859411,1989-06-05,00400,"PH (STANDARD UNITS), FIELD",7.9699999999999998, SU ,pH,12110208
8859411,1989-06-05,00400,"PH (STANDARD UNITS), FIELD",8, SU ,pH,12110208
8859411,1989-06-06,00400,"PH (STANDARD UNITS), FIELD",7.2599999999999998, SU ,pH,12110208
8859411,1989-06-06,00400,"PH (STANDARD UNITS), FIELD",8.0999999999999996, SU ,pH,12110208
8859411,1989-06-06,00400,"PH (STANDARD UNITS), FIELD",7.1399999999999997, SU ,pH,12110208
8859411,1989-06-06,00400,"PH (STANDARD UNITS), FIELD",7.9000000000000004, SU ,pH,12110208
8859411,1989-06-14,00400,"PH (STANDARD UNITS), FIELD",7.7000000000000002, SU ,pH,12110208
8859411,1989-06-16,00400,"PH (STANDARD UNITS), FIELD",8.4000000000000004, SU ,pH,12110208
8859411,1989-06-16,00400,"PH (STANDARD UNITS), FIELD",8.5, SU ,pH,12110208
8859411,1989-06-16,00400,"PH (STANDARD UNITS), FIELD",8.6999999999999993, SU ,pH,12110208
8859411,1989-06-16,00400,"PH (STANDARD UNITS), FIELD",8.8000000000000007, SU ,pH,12110208
8859411,1989-06-16,00400,"PH (STANDARD UNITS), FIELD",8.4000000000000004, SU ,pH,12110208
8859411,1989-06-16,00400,"PH (STANDARD UNITS), FIELD",8.5, SU ,pH,12110208
8859411,1989-06-17,00400,"PH (STANDARD UNITS), FIELD",8.9000000000000004, SU ,pH,12110208
8859411,1989-06-17,00400,"PH (STANDARD UNITS), FIELD",8.0999999999999996, SU ,pH,12110208
8859411,1989-06-17,00400,"PH (STANDARD UNITS), FIELD",8.75, SU ,pH,12110208
8859411,1989-06-17,00400,"PH (STANDARD UNITS), FIELD",8.0999999999999996, SU ,pH,12110208
8859411,1989-06-18,00400,"PH (STANDARD UNITS), FIELD",8.8000000000000007, SU ,pH,12110208
8859411,1989-06-18,00400,"PH (STANDARD UNITS), FIELD",8.0999999999999996, SU ,pH,12110208
8859411,1989-06-19,00400,"PH (STANDARD UNITS), FIELD",8.8000000000000007, SU ,pH,12110208
8859411,1989-06-19,00400,"PH (STANDARD UNITS), FIELD",8.0999999999999996, SU ,pH,12110208
8859411,1989-06-04,00671,"PHOSPHORUS, DISSOLVED ORTHOPHOSPHATE (MG/L AS P)",0.01,MG/L AS P,phosphorus,12110208
8859411,1989-06-16,00671,"PHOSPHORUS, DISSOLVED ORTHOPHOSPHATE (MG/L AS P)",0.02,MG/L AS P,phosphorus,12110208
8859411,1989-06-16,00671,"PHOSPHORUS, DISSOLVED ORTHOPHOSPHATE (MG/L AS P)",2.9999999999999999E-2,MG/L AS P,phosphorus,12110208
8859411,1989-06-17,00671,"PHOSPHORUS, DISSOLVED ORTHOPHOSPHATE (MG/L AS P)",0.01,MG/L AS P,phosphorus,12110208
8859411,1989-06-17,00671,"PHOSPHORUS, DISSOLVED ORTHOPHOSPHATE (MG/L AS P)",4.0000000000000001E-2,MG/L AS P,phosphorus,12110208
8859411,1989-06-18,00671,"PHOSPHORUS, DISSOLVED ORTHOPHOSPHATE (MG/L AS P)",4.0000000000000001E-2,MG/L AS P,phosphorus,12110208
8859411,1989-06-19,00671,"PHOSPHORUS, DISSOLVED ORTHOPHOSPHATE (MG/L AS P)",0.02,MG/L AS P,phosphorus,12110208
8859502,1969-05-28,00010,"TEMPERATURE, WATER (CELSIUS)",27, C  ,temperature,12110208
8859502,1952-10-30,00400,"PH (STANDARD UNITS), FIELD",7.5, SU ,pH,12110208
8859502,1969-05-28,00400,"PH (STANDARD UNITS), FIELD",7.9000000000000004, SU ,pH,12110208
8859503,1977-08-03,00010,"TEMPERATURE, WATER (CELSIUS)",27, C  ,temperature,12110208
8859503,1984-06-22,00010,"TEMPERATURE, WATER (CELSIUS)",26, C  ,temperature,12110208
8859503,1972-09-26,00400,"PH (STANDARD UNITS), FIELD",7.4000000000000004, SU ,pH,12110208
8859503,1977-08-03,00400,"PH (STANDARD UNITS), FIELD",7.7999999999999998, SU ,pH,12110208
8859503,1984-06-22,00400,"PH (STANDARD UNITS), FIELD",8.0999999999999996, SU ,pH,12110208
8859504,1972-09-25,00400,"PH (STANDARD UNITS), FIELD",7.2999999999999998, SU ,pH,12110208
8859506,1952-10-02,00400,"PH (STANDARD UNITS), FIELD",8.0999999999999996, SU ,pH,12110208
8859508,1952-05-13,00400,"PH (STANDARD UNITS), FIELD",7.5999999999999996, SU ,pH,12110208
8859513,1952-06-25,00400,"PH (STANDARD UNITS), FIELD",7.5999999999999996, SU ,pH,12110208
8859603,1972-10-12,00400,"PH (STANDARD UNITS), FIELD",7.5, SU ,pH,12110208
8859605,1972-10-19,00400,"PH (STANDARD UNITS), FIELD",7.5, SU ,pH,12110208
8859607,1952-05-05,00400,"PH (STANDARD UNITS), FIELD",8, SU ,pH,12110208
8859701,1984-06-22,00010,"TEMPERATURE, WATER (CELSIUS)",27, C  ,temperature,12110208
8859701,1972-09-28,00400,"PH (STANDARD UNITS), FIELD",7.4000000000000004, SU ,pH,12110208
8859701,1977-08-03,00400,"PH (STANDARD UNITS), FIELD",8, SU ,pH,12110208
8859701,1984-06-22,00400,"PH (STANDARD UNITS), FIELD",8.4000000000000004, SU ,pH,12110208
8859705,2025-04-22,00010,"TEMPERATURE, WATER (CELSIUS)",25.899999999999999, C  ,temperature,13090002
8859705,2025-04-22,00400,"PH (STANDARD UNITS), FIELD",6.9299999999999997, SU ,pH,13090002
8859705,2025-04-22,00666,"PHOSPHORUS, DISSOLVED (MG/L AS P)",2.9499999999999998E-2,MG/L AS P,phosphorus,13090002
8859902,1972-09-19,00010,"TEMPERATURE, WATER (CELSIUS)",29, C  ,temperature,12110208
8859902,1972-09-19,00400,"PH (STANDARD UNITS), FIELD",7.5999999999999996, SU ,pH,12110208
8859903,1972-09-19,00010,"TEMPERATURE, WATER (CELSIUS)",26, C  ,temperature,12110208
8859903,1972-09-19,00400,"PH (STANDARD UNITS), FIELD",7.5, SU ,pH,12110208
8859904,1972-09-20,00400,"PH (STANDARD UNITS), FIELD",7.7000000000000002, SU ,pH,12110208
8859904,1977-08-03,00400,"PH (STANDARD UNITS), FIELD",8, SU ,pH,12110208
8859905,1972-09-20,00400,"PH (STANDARD UNITS), FIELD",7.5, SU ,pH,12110208
8859906,1972-09-20,00400,"PH (STANDARD UNITS), FIELD",7.5999999999999996, SU ,pH,12110208
8859907,1972-09-20,00400,"PH (STANDARD UNITS), FIELD",7.7000000000000002, SU ,pH,12110208
8859908,1972-09-20,00400,"PH (STANDARD UNITS), FIELD",8, SU ,pH,12110208
8859910,1972-09-29,00400,"PH (STANDARD UNITS), FIELD",7.5999999999999996, SU ,pH,12110208
8859913,1952-11-17,00400,"PH (STANDARD UNITS), FIELD",7.7000000000000002, SU ,pH,12110208
8860101,1972-08-07,00010,"TEMPERATURE, WATER (CELSIUS)",21, C  ,temperature,12110208
8860101,1972-09-19,00010,"TEMPERATURE, WATER (CELSIUS)",29, C  ,temperature,12110208
8860101,1997-07-25,00010,"TEMPERATURE, WATER (CELSIUS)",25.600000000000001, C  ,temperature,12110208
8860101,2001-04-10,00010,"TEMPERATURE, WATER (CELSIUS)",26.300000000000001, C  ,temperature,12110208
8860101,1952-05-08,00400,"PH (STANDARD UNITS), FIELD",7.2999999999999998, SU ,pH,12110208
8860101,1972-08-07,00400,"PH (STANDARD UNITS), FIELD",7.7999999999999998, SU ,pH,12110208
8860101,1972-09-19,00400,"PH (STANDARD UNITS), FIELD",7.4000000000000004, SU ,pH,12110208
8860101,1977-08-03,00400,"PH (STANDARD UNITS), FIELD",7.7000000000000002, SU ,pH,12110208
8860101,1997-07-25,00400,"PH (STANDARD UNITS), FIELD",7.21, SU ,pH,12110208
8860101,2001-04-10,00400,"PH (STANDARD UNITS), FIELD",7.1100000000000003, SU ,pH,12110208
8860101,1997-07-25,00608,"NITROGEN, AMMONIA, DISSOLVED (MG/L AS N)",1.6100000000000001,MG/L AS N,nitrogen,12110208
8860102,1972-10-14,00400,"PH (STANDARD UNITS), FIELD",7.9000000000000004, SU ,pH,12110208
8860401,1952-01-08,00400,"PH (STANDARD UNITS), FIELD",7.7000000000000002, SU ,pH,12110208
8860402,1973-05-03,00010,"TEMPERATURE, WATER (CELSIUS)",26, C  ,temperature,12110208
8860402,1973-05-03,00400,"PH (STANDARD UNITS), FIELD",7.5, SU ,pH,12110208
8860403,1952-10-22,00400,"PH (STANDARD UNITS), FIELD",7.9000000000000004, SU ,pH,12110208
8860409,1952-06-26,00400,"PH (STANDARD UNITS), FIELD",7.9000000000000004, SU ,pH,12110208
8860412,2025-04-22,00010,"TEMPERATURE, WATER (CELSIUS)",26.399999999999999, C  ,temperature,12110208
8860412,2025-04-22,00400,"PH (STANDARD UNITS), FIELD",7.1500000000000004, SU ,pH,12110208
8860412,2025-04-22,00666,"PHOSPHORUS, DISSOLVED (MG/L AS P)",0.0402,MG/L AS P,phosphorus,12110208
8860414,2025-04-22,00010,"TEMPERATURE, WATER (CELSIUS)",26.399999999999999, C  ,temperature,12110208
8860414,2025-04-22,00400,"PH (STANDARD UNITS), FIELD",7.1100000000000003, SU ,pH,12110208
8860414,2025-04-22,00666,"PHOSPHORUS, DISSOLVED (MG/L AS P)",0.0361,MG/L AS P,phosphorus,12110208
8860501,1952-10-02,00400,"PH (STANDARD UNITS), FIELD",7.7999999999999998, SU ,pH,12110208
8860502,1972-09-20,00010,"TEMPERATURE, WATER (CELSIUS)",29, C  ,temperature,12110208
8860502,1972-09-20,00400,"PH (STANDARD UNITS), FIELD",7.5, SU ,pH,12110208
8860503,1952-10-05,00400,"PH (STANDARD UNITS), FIELD",7.5999999999999996, SU ,pH,12110208
8860504,1952-07-22,00400,"PH (STANDARD UNITS), FIELD",7.9000000000000004, SU ,pH,12110208
8860507,1952-07-11,00400,"PH (STANDARD UNITS), FIELD",7.5, SU ,pH,12110208
8860510,1984-06-21,00010,"TEMPERATURE, WATER (CELSIUS)",28, C  ,temperature,12110208
8860510,1988-07-21,00010,"TEMPERATURE, WATER (CELSIUS)",28, C  ,temperature,12110208
8860510,1977-08-03,00400,"PH (STANDARD UNITS), FIELD",7.9000000000000004, SU ,pH,12110208
8860510,1984-06-21,00400,"PH (STANDARD UNITS), FIELD",8.0999999999999996, SU ,pH,12110208
8860510,1988-07-21,00400,"PH (STANDARD UNITS), FIELD",7.2000000000000002, SU ,pH,12110208
8860701,1952-06-23,00400,"PH (STANDARD UNITS), FIELD",7.5, SU ,pH,12110208
8860702,1952-06-23,00400,"PH (STANDARD UNITS), FIELD",7.5, SU ,pH,12110208
8860703,1972-09-19,00010,"TEMPERATURE, WATER (CELSIUS)",27, C  ,temperature,12110208
8860703,1972-09-19,00400,"PH (STANDARD UNITS), FIELD",7.5, SU ,pH,12110208
8860703,1977-08-03,00400,"PH (STANDARD UNITS), FIELD",8.1999999999999993, SU ,pH,12110208
8860705,1972-09-20,00400,"PH (STANDARD UNITS), FIELD",7.7000000000000002, SU ,pH,12110208
8860706,1952-02-20,00400,"PH (STANDARD UNITS), FIELD",7.5999999999999996, SU ,pH,12110208
8860707,1952-02-20,00400,"PH (STANDARD UNITS), FIELD",7.4000000000000004, SU ,pH,12110208
8860708,1973-04-25,00010,"TEMPERATURE, WATER (CELSIUS)",26, C  ,temperature,12110208
8860708,1973-05-10,00010,"TEMPERATURE, WATER (CELSIUS)",27, C  ,temperature,12110208
8860708,1973-05-11,00010,"TEMPERATURE, WATER (CELSIUS)",27, C  ,temperature,12110208
8860708,1973-05-11,00010,"TEMPERATURE, WATER (CELSIUS)",27, C  ,temperature,12110208
8860708,1973-05-11,00010,"TEMPERATURE, WATER (CELSIUS)",27, C  ,temperature,12110208
8860708,1973-05-11,00010,"TEMPERATURE, WATER (CELSIUS)",27, C  ,temperature,12110208
8860708,1973-05-11,00010,"TEMPERATURE, WATER (CELSIUS)",27, C  ,temperature,12110208
8860708,1973-05-12,00010,"TEMPERATURE, WATER (CELSIUS)",27, C  ,temperature,12110208
8860708,1973-05-12,00010,"TEMPERATURE, WATER (CELSIUS)",27, C  ,temperature,12110208
8860708,1973-04-25,00400,"PH (STANDARD UNITS), FIELD",7.5, SU ,pH,12110208
8860708,1973-05-10,00400,"PH (STANDARD UNITS), FIELD",7.5999999999999996, SU ,pH,12110208
8860708,1973-05-10,00400,"PH (STANDARD UNITS), FIELD",7.5999999999999996, SU ,pH,12110208
8860708,1973-05-11,00400,"PH (STANDARD UNITS), FIELD",7.5, SU ,pH,12110208
8860708,1973-05-11,00400,"PH (STANDARD UNITS), FIELD",7.5, SU ,pH,12110208
8860708,1973-05-11,00400,"PH (STANDARD UNITS), FIELD",7.5999999999999996, SU ,pH,12110208
8860708,1973-05-11,00400,"PH (STANDARD UNITS), FIELD",7.5999999999999996, SU ,pH,12110208
8860708,1973-05-11,00400,"PH (STANDARD UNITS), FIELD",7.5999999999999996, SU ,pH,12110208
8860708,1973-05-12,00400,"PH (STANDARD UNITS), FIELD",7.5, SU ,pH,12110208
8860708,1973-05-12,00400,"PH (STANDARD UNITS), FIELD",7.5999999999999996, SU ,pH,12110208
8860708,1973-05-12,00400,"PH (STANDARD UNITS), FIELD",7.4000000000000004, SU ,pH,12110208
8860709,1972-09-21,00010,"TEMPERATURE, WATER (CELSIUS)",28, C  ,temperature,12110208
8860709,1948-05-13,00400,"PH (STANDARD UNITS), FIELD",7.5, SU ,pH,12110208
8860709,1952-11-20,00400,"PH (STANDARD UNITS), FIELD",7.5, SU ,pH,12110208
8860709,1972-09-21,00400,"PH (STANDARD UNITS), FIELD",7.4000000000000004, SU ,pH,12110208
8860709,1948-05-13,00403,PH (STANDARD UNITS) LAB,7.5, SU ,pH,12110208
8860710,1952-02-21,00400,"PH (STANDARD UNITS), FIELD",7.5, SU ,pH,12110208
8860711,1948-05-13,00400,"PH (STANDARD UNITS), FIELD",7.2999999999999998, SU ,pH,12110208
8860711,1952-02-02,00400,"PH (STANDARD UNITS), FIELD",7.5999999999999996, SU ,pH,12110208
8860713,1952-06-23,00400,"PH (STANDARD UNITS), FIELD",8.0999999999999996, SU ,pH,12110208
8860714,1952-06-24,00400,"PH (STANDARD UNITS), FIELD",8.0999999999999996, SU ,pH,12110208
8860718,1952-06-23,00400,"PH (STANDARD UNITS), FIELD",7.9000000000000004, SU ,pH,12110208
8860719,1973-04-26,00010,"TEMPERATURE, WATER (CELSIUS)",25, C  ,temperature,12110208
8860719,1973-04-26,00010,"TEMPERATURE, WATER (CELSIUS)",26, C  ,temperature,12110208
8860719,1973-06-13,00010,"TEMPERATURE, WATER (CELSIUS)",26, C  ,temperature,12110208
8860719,1973-04-26,00400,"PH (STANDARD UNITS), FIELD",7.7999999999999998, SU ,pH,12110208
8860719,1973-04-26,00400,"PH (STANDARD UNITS), FIELD",8, SU ,pH,12110208
8860719,1973-06-13,00400,"PH (STANDARD UNITS), FIELD",7.7000000000000002, SU ,pH,12110208
8860719,1973-10-19,00400,"PH (STANDARD UNITS), FIELD",7.5999999999999996, SU ,pH,12110208
8860720,1952-06-23,00400,"PH (STANDARD UNITS), FIELD",7.5999999999999996, SU ,pH,12110208
8860721,1950-02-21,00400,"PH (STANDARD UNITS), FIELD",7.5, SU ,pH,12110208
8860723,2002-08-01,00010,"TEMPERATURE, WATER (CELSIUS)",26.600000000000001, C  ,temperature,12110208
8860723,2002-08-01,00400,"PH (STANDARD UNITS), FIELD",7.1299999999999999, SU ,pH,12110208
8860801,1952-07-02,00400,"PH (STANDARD UNITS), FIELD",8.0999999999999996, SU ,pH,12110208
8860802,1952-06-26,00400,"PH (STANDARD UNITS), FIELD",8, SU ,pH,12110208
8860803,1952-06-27,00400,"PH (STANDARD UNITS), FIELD",8.1999999999999993, SU ,pH,12110208
8860806,1973-04-09,00010,"TEMPERATURE, WATER (CELSIUS)",24, C  ,temperature,12110208
8860806,1973-04-10,00010,"TEMPERATURE, WATER (CELSIUS)",25, C  ,temperature,12110208
8860806,1973-04-09,00400,"PH (STANDARD UNITS), FIELD",7.5, SU ,pH,12110208
8860806,1973-04-10,00400,"PH (STANDARD UNITS), FIELD",7.7999999999999998, SU ,pH,12110208
8860807,1996-06-23,00618,"NITRATE NITROGEN, DISSOLVED (MG/L AS N)",0.01,MG/L AS N,nitrogen,12110208
8860812,2013-06-20,00010,"TEMPERATURE, WATER (CELSIUS)",26.300000000000001, C  ,temperature,12110208
8860812,2021-06-09,00010,"TEMPERATURE, WATER (CELSIUS)",26.899999999999999, C  ,temperature,12110208
8860812,2025-04-22,00010,"TEMPERATURE, WATER (CELSIUS)",26.899999999999999, C  ,temperature,12110208
8860812,2013-06-20,00400,"PH (STANDARD UNITS), FIELD",7.25, SU ,pH,12110208
8860812,2021-06-09,00400,"PH (STANDARD UNITS), FIELD",7.2699999999999996, SU ,pH,12110208
8860812,2025-04-22,00400,"PH (STANDARD UNITS), FIELD",7.1200000000000001, SU ,pH,12110208
8860812,2013-06-20,00666,"PHOSPHORUS, DISSOLVED (MG/L AS P)",0.02,MG/L AS P,phosphorus,12110208
8860812,2021-06-09,00666,"PHOSPHORUS, DISSOLVED (MG/L AS P)",2.1499999999999998E-2,MG/L AS P,phosphorus,12110208
8860812,2025-04-22,00666,"PHOSPHORUS, DISSOLVED (MG/L AS P)",0.0286,MG/L AS P,phosphorus,12110208
8860901,1972-10-16,00010,"TEMPERATURE, WATER (CELSIUS)",27, C  ,temperature,12110208
8860901,1972-10-16,00400,"PH (STANDARD UNITS), FIELD",7.5, SU ,pH,12110208
8860902,1973-03-28,00010,"TEMPERATURE, WATER (CELSIUS)",21, C  ,temperature,12110208
8860902,1973-03-29,00010,"TEMPERATURE, WATER (CELSIUS)",21, C  ,temperature,12110208
8860902,1973-06-12,00010,"TEMPERATURE, WATER (CELSIUS)",26, C  ,temperature,12110208
8860902,1973-06-21,00010,"TEMPERATURE, WATER (CELSIUS)",26, C  ,temperature,12110208
8860902,1981-06-16,00010,"TEMPERATURE, WATER (CELSIUS)",29, C  ,temperature,12110208
8860902,1988-07-21,00010,"TEMPERATURE, WATER (CELSIUS)",28, C  ,temperature,12110208
8860902,1973-03-28,00400,"PH (STANDARD UNITS), FIELD",7.7000000000000002, SU ,pH,12110208
8860902,1973-03-29,00400,"PH (STANDARD UNITS), FIELD",8.3000000000000007, SU ,pH,12110208
8860902,1973-06-12,00400,"PH (STANDARD UNITS), FIELD",7.5999999999999996, SU ,pH,12110208
8860902,1973-06-21,00400,"PH (STANDARD UNITS), FIELD",8.0999999999999996, SU ,pH,12110208
8860902,1973-10-16,00400,"PH (STANDARD UNITS), FIELD",7.7000000000000002, SU ,pH,12110208
8860902,1975-03-27,00400,"PH (STANDARD UNITS), FIELD",7.7999999999999998, SU ,pH,12110208
8860902,1981-06-16,00400,"PH (STANDARD UNITS), FIELD",7.9000000000000004, SU ,pH,12110208
8860902,1988-07-21,00400,"PH (STANDARD UNITS), FIELD",7.2000000000000002, SU ,pH,12110208
8861401,1952-10-02,00400,"PH (STANDARD UNITS), FIELD",7.5, SU ,pH,12110208
8861701,1972-10-16,00010,"TEMPERATURE, WATER (CELSIUS)",28, C  ,temperature,12110208
8861701,1972-10-16,00400,"PH (STANDARD UNITS), FIELD",8.6999999999999993, SU ,pH,12110208
8861702,1972-10-19,00010,"TEMPERATURE, WATER (CELSIUS)",27, C  ,temperature,12110208
8861702,1972-10-19,00400,"PH (STANDARD UNITS), FIELD",7.5, SU ,pH,12110208
8863601,1953-01-07,00400,"PH (STANDARD UNITS), FIELD",7.9000000000000004, SU ,pH,12110208
8904101,1950-02-21,00400,"PH (STANDARD UNITS), FIELD",8.0999999999999996, SU ,pH,12110208
8904102,1950-02-20,00400,"PH (STANDARD UNITS), FIELD",7.7000000000000002, SU ,pH,12110208
8904103,1952-06-23,00400,"PH (STANDARD UNITS), FIELD",7.5999999999999996, SU ,pH,12110208
8904105,1972-09-26,00010,"TEMPERATURE, WATER (CELSIUS)",25, C  ,temperature,12110208
8904105,1972-09-26,00400,"PH (STANDARD UNITS), FIELD",7.9000000000000004, SU ,pH,12110208
8904106,1972-09-28,00010,"TEMPERATURE, WATER (CELSIUS)",26, C  ,temperature,12110208
8904106,1972-09-28,00400,"PH (STANDARD UNITS), FIELD",7.7000000000000002, SU ,pH,12110208
8904107,1972-09-21,00010,"TEMPERATURE, WATER (CELSIUS)",25, C  ,temperature,12110208
8904107,1977-08-04,00010,"TEMPERATURE, WATER (CELSIUS)",30, C  ,temperature,12110208
8904107,1984-06-21,00010,"TEMPERATURE, WATER (CELSIUS)",28, C  ,temperature,12110208
8904107,1988-07-26,00010,"TEMPERATURE, WATER (CELSIUS)",27, C  ,temperature,12110208
8904107,1972-09-21,00400,"PH (STANDARD UNITS), FIELD",7.7000000000000002, SU ,pH,12110208
8904107,1977-08-04,00400,"PH (STANDARD UNITS), FIELD",8.1999999999999993, SU ,pH,12110208
8904107,1984-06-21,00400,"PH (STANDARD UNITS), FIELD",8.1999999999999993, SU ,pH,12110208
8904107,1988-07-26,00400,"PH (STANDARD UNITS), FIELD",7, SU ,pH,12110208
8904108,1972-09-19,00010,"TEMPERATURE, WATER (CELSIUS)",23, C  ,temperature,12110208
8904108,1972-09-19,00400,"PH (STANDARD UNITS), FIELD",7.7000000000000002, SU ,pH,12110208
8904109,1972-09-19,00010,"TEMPERATURE, WATER (CELSIUS)",22, C  ,temperature,12110208
8904109,1972-09-19,00400,"PH (STANDARD UNITS), FIELD",7.5999999999999996, SU ,pH,12110208
8904110,1972-09-19,00400,"PH (STANDARD UNITS), FIELD",8, SU ,pH,12110208
8904111,1972-09-21,00010,"TEMPERATURE, WATER (CELSIUS)",26, C  ,temperature,12110208
8904111,1972-09-21,00400,"PH (STANDARD UNITS), FIELD",7.9000000000000004, SU ,pH,12110208
8904112,1972-09-19,00010,"TEMPERATURE, WATER (CELSIUS)",22, C  ,temperature,12110208
8904112,1972-09-19,00400,"PH (STANDARD UNITS), FIELD",7.4000000000000004, SU ,pH,12110208
8904113,1972-09-28,00010,"TEMPERATURE, WATER (CELSIUS)",26, C  ,temperature,12110208
8904113,1972-09-28,00400,"PH (STANDARD UNITS), FIELD",7.7999999999999998, SU ,pH,12110208
8904114,1972-09-28,00010,"TEMPERATURE, WATER (CELSIUS)",23, C  ,temperature,12110208
8904114,1972-09-28,00400,"PH (STANDARD UNITS), FIELD",7.4000000000000004, SU ,pH,12110208
8904119,1999-08-02,00010,"TEMPERATURE, WATER (CELSIUS)",25.899999999999999, C  ,temperature,13090002
8904119,1999-08-02,00400,"PH (STANDARD UNITS), FIELD",7.29, SU ,pH,13090002
8904119,1999-08-02,00608,"NITROGEN, AMMONIA, DISSOLVED (MG/L AS N)",0.51600000000000001,MG/L AS N,nitrogen,13090002
8904119,1999-08-02,00666,"PHOSPHORUS, DISSOLVED (MG/L AS P)",4.0000000000000001E-2,MG/L AS P,phosphorus,13090002
8904201,1952-06-24,00400,"PH (STANDARD UNITS), FIELD",7.7000000000000002, SU ,pH,12110208
8904203,1952-09-10,00400,"PH (STANDARD UNITS), FIELD",7.9000000000000004, SU ,pH,12110208
8904207,1952-08-29,00400,"PH (STANDARD UNITS), FIELD",8.5, SU ,pH,12110208
8904208,1973-03-11,00010,"TEMPERATURE, WATER (CELSIUS)",24, C  ,temperature,12110208
8904208,1973-03-11,00010,"TEMPERATURE, WATER (CELSIUS)",24, C  ,temperature,12110208
8904208,1973-06-14,00010,"TEMPERATURE, WATER (CELSIUS)",26, C  ,temperature,12110208
8904208,1973-03-11,00400,"PH (STANDARD UNITS), FIELD",8.3000000000000007, SU ,pH,12110208
8904208,1973-03-11,00400,"PH (STANDARD UNITS), FIELD",8.4000000000000004, SU ,pH,12110208
8904208,1973-06-14,00400,"PH (STANDARD UNITS), FIELD",7.9000000000000004, SU ,pH,12110208
8904208,1973-10-19,00400,"PH (STANDARD UNITS), FIELD",7.9000000000000004, SU ,pH,12110208
8904209,1973-03-13,00010,"TEMPERATURE, WATER (CELSIUS)",26, C  ,temperature,12110208
8904209,1973-03-13,00010,"TEMPERATURE, WATER (CELSIUS)",26, C  ,temperature,12110208
8904209,1973-06-12,00010,"TEMPERATURE, WATER (CELSIUS)",26, C  ,temperature,12110208
8904209,1973-12-11,00010,"TEMPERATURE, WATER (CELSIUS)",25, C  ,temperature,12110208
8904209,1973-12-11,00010,"TEMPERATURE, WATER (CELSIUS)",25, C  ,temperature,12110208
8904209,1973-12-11,00010,"TEMPERATURE, WATER (CELSIUS)",25, C  ,temperature,12110208
8904209,1973-03-13,00400,"PH (STANDARD UNITS), FIELD",7.2999999999999998, SU ,pH,12110208
8904209,1973-03-13,00400,"PH (STANDARD UNITS), FIELD",8.0999999999999996, SU ,pH,12110208
8904209,1973-06-12,00400,"PH (STANDARD UNITS), FIELD",8.9000000000000004, SU ,pH,12110208
8904209,1973-10-19,00400,"PH (STANDARD UNITS), FIELD",8.4000000000000004, SU ,pH,12110208
8904209,1973-12-11,00400,"PH (STANDARD UNITS), FIELD",7.7999999999999998, SU ,pH,12110208
8904209,1973-12-11,00400,"PH (STANDARD UNITS), FIELD",7.5, SU ,pH,12110208
8904209,1973-12-11,00400,"PH (STANDARD UNITS), FIELD",7.5999999999999996, SU ,pH,12110208
8904209,1975-02-25,00400,"PH (STANDARD UNITS), FIELD",9.4000000000000004, SU ,pH,12110208
8904209,1975-02-25,00400,"PH (STANDARD UNITS), FIELD",7.9000000000000004, SU ,pH,12110208
8904209,1975-02-25,00400,"PH (STANDARD UNITS), FIELD",7.7999999999999998, SU ,pH,12110208
8904210,1973-04-02,00010,"TEMPERATURE, WATER (CELSIUS)",26, C  ,temperature,12110208
8904210,1973-04-02,00010,"TEMPERATURE, WATER (CELSIUS)",26, C  ,temperature,12110208
8904210,1973-04-03,00010,"TEMPERATURE, WATER (CELSIUS)",26, C  ,temperature,12110208
8904210,1973-04-02,00400,"PH (STANDARD UNITS), FIELD",8, SU ,pH,12110208
8904210,1973-04-02,00400,"PH (STANDARD UNITS), FIELD",8.5999999999999996, SU ,pH,12110208
8904210,1973-04-03,00400,"PH (STANDARD UNITS), FIELD",8.1999999999999993, SU ,pH,12110208
8904211,1973-04-04,00010,"TEMPERATURE, WATER (CELSIUS)",26, C  ,temperature,12110208
8904211,1973-04-06,00010,"TEMPERATURE, WATER (CELSIUS)",26, C  ,temperature,12110208
8904211,1973-04-04,00400,"PH (STANDARD UNITS), FIELD",7.7000000000000002, SU ,pH,12110208
8904211,1973-04-06,00400,"PH (STANDARD UNITS), FIELD",8.0999999999999996, SU ,pH,12110208
8904301,1972-09-19,00010,"TEMPERATURE, WATER (CELSIUS)",29, C  ,temperature,12110208
8904301,1973-04-10,00010,"TEMPERATURE, WATER (CELSIUS)",22, C  ,temperature,12110208
8904301,1972-09-19,00400,"PH (STANDARD UNITS), FIELD",7.5, SU ,pH,12110208
8904301,1973-04-10,00400,"PH (STANDARD UNITS), FIELD",7.7000000000000002, SU ,pH,12110208
8904302,1972-09-26,00010,"TEMPERATURE, WATER (CELSIUS)",25, C  ,temperature,12110208
8904302,1972-09-26,00400,"PH (STANDARD UNITS), FIELD",8.0999999999999996, SU ,pH,12110208
8904303,1972-09-21,00010,"TEMPERATURE, WATER (CELSIUS)",26, C  ,temperature,12110208
8904303,1972-09-21,00400,"PH (STANDARD UNITS), FIELD",7.5999999999999996, SU ,pH,12110208
8904305,1972-10-19,00400,"PH (STANDARD UNITS), FIELD",7.7000000000000002, SU ,pH,12110208
8904308,1973-03-25,00010,"TEMPERATURE, WATER (CELSIUS)",22, C  ,temperature,12110208
8904308,1973-06-12,00010,"TEMPERATURE, WATER (CELSIUS)",26, C  ,temperature,12110208
8904308,1973-06-21,00010,"TEMPERATURE, WATER (CELSIUS)",26, C  ,temperature,12110208
8904308,1973-03-25,00400,"PH (STANDARD UNITS), FIELD",8, SU ,pH,12110208
8904308,1973-06-12,00400,"PH (STANDARD UNITS), FIELD",8, SU ,pH,12110208
8904308,1973-06-21,00400,"PH (STANDARD UNITS), FIELD",8.0999999999999996, SU ,pH,12110208
8904308,1973-10-16,00400,"PH (STANDARD UNITS), FIELD",8.5999999999999996, SU ,pH,12110208
8904309,1973-03-27,00010,"TEMPERATURE, WATER (CELSIUS)",26, C  ,temperature,12110208
8904309,1973-06-12,00010,"TEMPERATURE, WATER (CELSIUS)",26, C  ,temperature,12110208
8904309,1973-06-21,00010,"TEMPERATURE, WATER (CELSIUS)",26, C  ,temperature,12110208
8904309,1973-12-13,00010,"TEMPERATURE, WATER (CELSIUS)",25, C  ,temperature,12110208
8904309,1973-12-13,00010,"TEMPERATURE, WATER (CELSIUS)",25, C  ,temperature,12110208
8904309,1973-12-13,00010,"TEMPERATURE, WATER (CELSIUS)",25, C  ,temperature,12110208
8904309,1973-03-27,00400,"PH (STANDARD UNITS), FIELD",7.5999999999999996, SU ,pH,12110208
8904309,1973-03-28,00400,"PH (STANDARD UNITS), FIELD",8.0999999999999996, SU ,pH,12110208
8904309,1973-06-12,00400,"PH (STANDARD UNITS), FIELD",7.9000000000000004, SU ,pH,12110208
8904309,1973-06-21,00400,"PH (STANDARD UNITS), FIELD",8.5, SU ,pH,12110208
8904309,1973-10-16,00400,"PH (STANDARD UNITS), FIELD",7.7999999999999998, SU ,pH,12110208
8904309,1973-12-13,00400,"PH (STANDARD UNITS), FIELD",8.5999999999999996, SU ,pH,12110208
8904309,1973-12-13,00400,"PH (STANDARD UNITS), FIELD",7.4000000000000004, SU ,pH,12110208
8904309,1973-12-13,00400,"PH (STANDARD UNITS), FIELD",7.5, SU ,pH,12110208
8904309,1975-02-26,00400,"PH (STANDARD UNITS), FIELD",8.6999999999999993, SU ,pH,12110208
8904309,1975-02-26,00400,"PH (STANDARD UNITS), FIELD",7.7000000000000002, SU ,pH,12110208
8904309,1975-02-26,00400,"PH (STANDARD UNITS), FIELD",7.5999999999999996, SU ,pH,12110208
8904310,1977-08-04,00010,"TEMPERATURE, WATER (CELSIUS)",26, C  ,temperature,12110208
8904310,1975-02-26,00400,"PH (STANDARD UNITS), FIELD",7.7000000000000002, SU ,pH,12110208
8904310,1975-02-26,00400,"PH (STANDARD UNITS), FIELD",8, SU ,pH,12110208
8904310,1975-02-26,00400,"PH (STANDARD UNITS), FIELD",7.9000000000000004, SU ,pH,12110208
8904310,1975-02-26,00400,"PH (STANDARD UNITS), FIELD",8, SU ,pH,12110208
8904310,1977-08-04,00400,"PH (STANDARD UNITS), FIELD",8, SU ,pH,12110208
8904501,1972-09-22,00010,"TEMPERATURE, WATER (CELSIUS)",25, C  ,temperature,12110208
8904501,1972-09-22,00400,"PH (STANDARD UNITS), FIELD",8.1999999999999993, SU ,pH,12110208
8904503,1972-09-21,00010,"TEMPERATURE, WATER (CELSIUS)",26, C  ,temperature,12110208
8904503,1972-09-21,00400,"PH (STANDARD UNITS), FIELD",7.9000000000000004, SU ,pH,12110208
8904504,1972-09-21,00010,"TEMPERATURE, WATER (CELSIUS)",26, C  ,temperature,12110208
8904504,1972-09-21,00400,"PH (STANDARD UNITS), FIELD",8, SU ,pH,12110208
8904505,1972-09-20,00010,"TEMPERATURE, WATER (CELSIUS)",25, C  ,temperature,12110208
8904505,1972-09-20,00400,"PH (STANDARD UNITS), FIELD",7.5, SU ,pH,12110208
8904506,1972-09-20,00010,"TEMPERATURE, WATER (CELSIUS)",22, C  ,temperature,12110208
8904506,1972-09-20,00400,"PH (STANDARD UNITS), FIELD",8.1999999999999993, SU ,pH,12110208
8904507,1972-09-28,00010,"TEMPERATURE, WATER (CELSIUS)",27, C  ,temperature,12110208
8904507,1972-09-28,00400,"PH (STANDARD UNITS), FIELD",7.7999999999999998, SU ,pH,12110208
8904508,1972-10-18,00010,"TEMPERATURE, WATER (CELSIUS)",26, C  ,temperature,12110208
8904508,1972-10-18,00400,"PH (STANDARD UNITS), FIELD",7.7999999999999998, SU ,pH,12110208
8904508,1973-04-10,00400,"PH (STANDARD UNITS), FIELD",7.5, SU ,pH,12110208
8904509,1972-10-12,00400,"PH (STANDARD UNITS), FIELD",8.0999999999999996, SU ,pH,12110208
8904510,1973-12-11,00010,"TEMPERATURE, WATER (CELSIUS)",24, C  ,temperature,13090002
8904510,1973-12-11,00010,"TEMPERATURE, WATER (CELSIUS)",24, C  ,temperature,13090002
8904510,1973-03-30,00400,"PH (STANDARD UNITS), FIELD",8.4000000000000004, SU ,pH,13090002
8904510,1973-03-31,00400,"PH (STANDARD UNITS), FIELD",8.3000000000000007, SU ,pH,13090002
8904510,1973-06-12,00400,"PH (STANDARD UNITS), FIELD",8.4000000000000004, SU ,pH,13090002
8904510,1973-10-21,00400,"PH (STANDARD UNITS), FIELD",7.9000000000000004, SU ,pH,13090002
8904510,1973-12-11,00400,"PH (STANDARD UNITS), FIELD",7.2000000000000002, SU ,pH,13090002
8904510,1973-12-11,00400,"PH (STANDARD UNITS), FIELD",7.5, SU ,pH,13090002
8904510,1973-12-11,00400,"PH (STANDARD UNITS), FIELD",7.5999999999999996, SU ,pH,13090002
8904602,1953-01-07,00400,"PH (STANDARD UNITS), FIELD",7.9000000000000004, SU ,pH,12110208
8904603,1972-10-12,00010,"TEMPERATURE, WATER (CELSIUS)",27, C  ,temperature,12110208
8904603,1972-10-12,00400,"PH (STANDARD UNITS), FIELD",7.7999999999999998, SU ,pH,12110208
8904606,1972-09-26,00010,"TEMPERATURE, WATER (CELSIUS)",24, C  ,temperature,12110208
8904606,1972-09-26,00400,"PH (STANDARD UNITS), FIELD",8, SU ,pH,12110208
8904608,1972-09-26,00010,"TEMPERATURE, WATER (CELSIUS)",25, C  ,temperature,12110208
8904608,1977-08-04,00010,"TEMPERATURE, WATER (CELSIUS)",26, C  ,temperature,12110208
8904608,1984-06-22,00010,"TEMPERATURE, WATER (CELSIUS)",27, C  ,temperature,12110208
8904608,1994-05-18,00010,"TEMPERATURE, WATER (CELSIUS)",27.199999999999999, C  ,temperature,12110208
8904608,1972-09-26,00400,"PH (STANDARD UNITS), FIELD",8.4000000000000004, SU ,pH,12110208
8904608,1973-05-12,00400,"PH (STANDARD UNITS), FIELD",7.7000000000000002, SU ,pH,12110208
8904608,1977-08-04,00400,"PH (STANDARD UNITS), FIELD",8.1999999999999993, SU ,pH,12110208
8904608,1984-06-22,00400,"PH (STANDARD UNITS), FIELD",8.4000000000000004, SU ,pH,12110208
8904608,1994-05-18,00400,"PH (STANDARD UNITS), FIELD",7.5, SU ,pH,12110208
8904608,1994-05-18,00608,"NITROGEN, AMMONIA, DISSOLVED (MG/L AS N)",0.10000000000000001,MG/L AS N,nitrogen,12110208
8904608,1994-05-18,00613,"NITRITE NITROGEN, DISSOLVED (MG/L AS N)",0.01,MG/L AS N,nitrogen,12110208
8904608,1994-05-18,00618,"NITRATE NITROGEN, DISSOLVED (MG/L AS N)",2.9999999999999999E-2,MG/L AS N,nitrogen,12110208
8904609,1972-09-20,00010,"TEMPERATURE, WATER (CELSIUS)",23, C  ,temperature,12110208
8904609,1972-09-20,00400,"PH (STANDARD UNITS), FIELD",7.7999999999999998, SU ,pH,12110208
8904610,1972-09-20,00010,"TEMPERATURE, WATER (CELSIUS)",21, C  ,temperature,12110208
8904610,1972-09-20,00400,"PH (STANDARD UNITS), FIELD",7.5999999999999996, SU ,pH,12110208
8904611,1972-09-20,00010,"TEMPERATURE, WATER (CELSIUS)",22, C  ,temperature,12110208
8904611,1972-09-20,00400,"PH (STANDARD UNITS), FIELD",8.1999999999999993, SU ,pH,12110208
8904612,1972-09-20,00010,"TEMPERATURE, WATER (CELSIUS)",22, C  ,temperature,12110208
8904612,1972-09-20,00400,"PH (STANDARD UNITS), FIELD",6.7999999999999998, SU ,pH,12110208
8904613,1972-09-20,00010,"TEMPERATURE, WATER (CELSIUS)",25, C  ,temperature,12110208
8904613,1972-09-20,00400,"PH (STANDARD UNITS), FIELD",7.9000000000000004, SU ,pH,12110208
8904614,1972-09-22,00010,"TEMPERATURE, WATER (CELSIUS)",24, C  ,temperature,12110208
8904614,1972-09-22,00400,"PH (STANDARD UNITS), FIELD",7.9000000000000004, SU ,pH,12110208
8904615,1972-09-28,00400,"PH (STANDARD UNITS), FIELD",7.5999999999999996, SU ,pH,12110208
8904616,1972-10-12,00010,"TEMPERATURE, WATER (CELSIUS)",27, C  ,temperature,12110208
8904616,1973-04-01,00010,"TEMPERATURE, WATER (CELSIUS)",26, C  ,temperature,12110208
8904616,1973-04-30,00010,"TEMPERATURE, WATER (CELSIUS)",27, C  ,temperature,12110208
8904616,1973-05-01,00010,"TEMPERATURE, WATER (CELSIUS)",27, C  ,temperature,12110208
8904616,1973-05-01,00010,"TEMPERATURE, WATER (CELSIUS)",27, C  ,temperature,12110208
8904616,1973-05-01,00010,"TEMPERATURE, WATER (CELSIUS)",27, C  ,temperature,12110208
8904616,1973-05-02,00010,"TEMPERATURE, WATER (CELSIUS)",27, C  ,temperature,12110208
8904616,1973-05-02,00010,"TEMPERATURE, WATER (CELSIUS)",27, C  ,temperature,12110208
8904616,1973-05-03,00010,"TEMPERATURE, WATER (CELSIUS)",27, C  ,temperature,12110208
8904616,1973-05-03,00010,"TEMPERATURE, WATER (CELSIUS)",27, C  ,temperature,12110208
8904616,1973-06-12,00010,"TEMPERATURE, WATER (CELSIUS)",26, C  ,temperature,12110208
8904616,1973-06-12,00010,"TEMPERATURE, WATER (CELSIUS)",26, C  ,temperature,12110208
8904616,1973-06-13,00010,"TEMPERATURE, WATER (CELSIUS)",26, C  ,temperature,12110208
8904616,1973-06-13,00010,"TEMPERATURE, WATER (CELSIUS)",26, C  ,temperature,12110208
8904616,1973-06-14,00010,"TEMPERATURE, WATER (CELSIUS)",26, C  ,temperature,12110208
8904616,1973-06-14,00010,"TEMPERATURE, WATER (CELSIUS)",26, C  ,temperature,12110208
8904616,1973-06-15,00010,"TEMPERATURE, WATER (CELSIUS)",26, C  ,temperature,12110208
8904616,1973-06-15,00010,"TEMPERATURE, WATER (CELSIUS)",26, C  ,temperature,12110208
8904616,1973-06-16,00010,"TEMPERATURE, WATER (CELSIUS)",26, C  ,temperature,12110208
8904616,1973-06-16,00010,"TEMPERATURE, WATER (CELSIUS)",26, C  ,temperature,12110208
8904616,1973-06-17,00010,"TEMPERATURE, WATER (CELSIUS)",26, C  ,temperature,12110208
8904616,1973-06-17,00010,"TEMPERATURE, WATER (CELSIUS)",26, C  ,temperature,12110208
8904616,1973-06-18,00010,"TEMPERATURE, WATER (CELSIUS)",26, C  ,temperature,12110208
8904616,1973-06-18,00010,"TEMPERATURE, WATER (CELSIUS)",26, C  ,temperature,12110208
8904616,1973-06-19,00010,"TEMPERATURE, WATER (CELSIUS)",26, C  ,temperature,12110208
8904616,1973-06-19,00010,"TEMPERATURE, WATER (CELSIUS)",26, C  ,temperature,12110208
8904616,1973-06-20,00010,"TEMPERATURE, WATER (CELSIUS)",26, C  ,temperature,12110208
8904616,1973-06-20,00010,"TEMPERATURE, WATER (CELSIUS)",26, C  ,temperature,12110208
8904616,1973-06-21,00010,"TEMPERATURE, WATER (CELSIUS)",26, C  ,temperature,12110208
8904616,1973-06-21,00010,"TEMPERATURE, WATER (CELSIUS)",26, C  ,temperature,12110208
8904616,1973-06-22,00010,"TEMPERATURE, WATER (CELSIUS)",26, C  ,temperature,12110208
8904616,1972-10-12,00400,"PH (STANDARD UNITS), FIELD",8.1999999999999993, SU ,pH,12110208
8904616,1973-04-01,00400,"PH (STANDARD UNITS), FIELD",7.7000000000000002, SU ,pH,12110208
8904616,1973-04-30,00400,"PH (STANDARD UNITS), FIELD",7.7999999999999998, SU ,pH,12110208
8904616,1973-05-01,00400,"PH (STANDARD UNITS), FIELD",7.9000000000000004, SU ,pH,12110208
8904616,1973-05-01,00400,"PH (STANDARD UNITS), FIELD",7.7999999999999998, SU ,pH,12110208
8904616,1973-05-01,00400,"PH (STANDARD UNITS), FIELD",7.7000000000000002, SU ,pH,12110208
8904616,1973-05-02,00400,"PH (STANDARD UNITS), FIELD",7.7999999999999998, SU ,pH,12110208
8904616,1973-05-02,00400,"PH (STANDARD UNITS), FIELD",7.7999999999999998, SU ,pH,12110208
8904616,1973-05-03,00400,"PH (STANDARD UNITS), FIELD",7.7999999999999998, SU ,pH,12110208
8904616,1973-05-03,00400,"PH (STANDARD UNITS), FIELD",7.7000000000000002, SU ,pH,12110208
8904616,1973-06-12,00400,"PH (STANDARD UNITS), FIELD",7.7999999999999998, SU ,pH,12110208
8904616,1973-06-12,00400,"PH (STANDARD UNITS), FIELD",7.7000000000000002, SU ,pH,12110208
8904616,1973-06-13,00400,"PH (STANDARD UNITS), FIELD",7.7000000000000002, SU ,pH,12110208
8904616,1973-06-13,00400,"PH (STANDARD UNITS), FIELD",7.5999999999999996, SU ,pH,12110208
8904616,1973-06-14,00400,"PH (STANDARD UNITS), FIELD",7.5999999999999996, SU ,pH,12110208
8904616,1973-06-14,00400,"PH (STANDARD UNITS), FIELD",7.5, SU ,pH,12110208
8904616,1973-06-15,00400,"PH (STANDARD UNITS), FIELD",7.7000000000000002, SU ,pH,12110208
8904616,1973-06-15,00400,"PH (STANDARD UNITS), FIELD",7.5, SU ,pH,12110208
8904616,1973-06-16,00400,"PH (STANDARD UNITS), FIELD",8, SU ,pH,12110208
8904616,1973-06-16,00400,"PH (STANDARD UNITS), FIELD",7.5, SU ,pH,12110208
8904616,1973-06-17,00400,"PH (STANDARD UNITS), FIELD",7.5, SU ,pH,12110208
8904616,1973-06-17,00400,"PH (STANDARD UNITS), FIELD",7.5, SU ,pH,12110208
8904616,1973-06-18,00400,"PH (STANDARD UNITS), FIELD",7.7000000000000002, SU ,pH,12110208
8904616,1973-06-18,00400,"PH (STANDARD UNITS), FIELD",7.7000000000000002, SU ,pH,12110208
8904616,1973-06-19,00400,"PH (STANDARD UNITS), FIELD",7.5999999999999996, SU ,pH,12110208
8904616,1973-06-19,00400,"PH (STANDARD UNITS), FIELD",7.5999999999999996, SU ,pH,12110208
8904616,1973-06-20,00400,"PH (STANDARD UNITS), FIELD",7.5999999999999996, SU ,pH,12110208
8904616,1973-06-20,00400,"PH (STANDARD UNITS), FIELD",7.5999999999999996, SU ,pH,12110208
8904616,1973-06-21,00400,"PH (STANDARD UNITS), FIELD",7.5999999999999996, SU ,pH,12110208
8904616,1973-06-21,00400,"PH (STANDARD UNITS), FIELD",7.7000000000000002, SU ,pH,12110208
8904616,1973-06-22,00400,"PH (STANDARD UNITS), FIELD",7.5999999999999996, SU ,pH,12110208
8904618,1952-10-29,00400,"PH (STANDARD UNITS), FIELD",7.5999999999999996, SU ,pH,12110208
8904620,1952-10-22,00400,"PH (STANDARD UNITS), FIELD",7.7000000000000002, SU ,pH,12110208
8904623,1972-10-19,00010,"TEMPERATURE, WATER (CELSIUS)",26, C  ,temperature,12110208
8904623,1972-10-19,00400,"PH (STANDARD UNITS), FIELD",8.0999999999999996, SU ,pH,12110208
8904624,1972-10-19,00010,"TEMPERATURE, WATER (CELSIUS)",26, C  ,temperature,12110208
8904624,1972-10-19,00400,"PH (STANDARD UNITS), FIELD",7.9000000000000004, SU ,pH,12110208
8904625,1972-10-18,00400,"PH (STANDARD UNITS), FIELD",8.0999999999999996, SU ,pH,12110208
8904626,1972-11-20,00400,"PH (STANDARD UNITS), FIELD",7.5999999999999996, SU ,pH,12110208
8904627,1973-03-21,00010,"TEMPERATURE, WATER (CELSIUS)",24, C  ,temperature,12110208
8904627,1973-03-23,00010,"TEMPERATURE, WATER (CELSIUS)",26, C  ,temperature,12110208
8904627,1973-03-21,00400,"PH (STANDARD UNITS), FIELD",7.7999999999999998, SU ,pH,12110208
8904627,1973-03-23,00400,"PH (STANDARD UNITS), FIELD",7.7999999999999998, SU ,pH,12110208
8904627,1973-10-18,00400,"PH (STANDARD UNITS), FIELD",8.8000000000000007, SU ,pH,12110208
8904628,1973-03-15,00010,"TEMPERATURE, WATER (CELSIUS)",24, C  ,temperature,12110208
8904628,1973-03-19,00010,"TEMPERATURE, WATER (CELSIUS)",26, C  ,temperature,12110208
8904628,1973-03-15,00400,"PH (STANDARD UNITS), FIELD",7.7999999999999998, SU ,pH,12110208
8904628,1973-03-19,00400,"PH (STANDARD UNITS), FIELD",8.0999999999999996, SU ,pH,12110208
8904628,1973-06-12,00400,"PH (STANDARD UNITS), FIELD",8.6999999999999993, SU ,pH,12110208
8904628,1973-10-16,00400,"PH (STANDARD UNITS), FIELD",9.3000000000000007, SU ,pH,12110208
8904628,1975-02-27,00400,"PH (STANDARD UNITS), FIELD",9.6999999999999993, SU ,pH,12110208
8904628,1975-02-27,00400,"PH (STANDARD UNITS), FIELD",9.8000000000000007, SU ,pH,12110208
8904628,1975-02-27,00400,"PH (STANDARD UNITS), FIELD",8, SU ,pH,12110208
8904629,1973-03-19,00010,"TEMPERATURE, WATER (CELSIUS)",24, C  ,temperature,12110208
8904629,1973-12-13,00010,"TEMPERATURE, WATER (CELSIUS)",24, C  ,temperature,12110208
8904629,1973-12-13,00010,"TEMPERATURE, WATER (CELSIUS)",24, C  ,temperature,12110208
8904629,1973-12-13,00010,"TEMPERATURE, WATER (CELSIUS)",24, C  ,temperature,12110208
8904629,1973-03-19,00400,"PH (STANDARD UNITS), FIELD",8.3000000000000007, SU ,pH,12110208
8904629,1973-03-23,00400,"PH (STANDARD UNITS), FIELD",7.9000000000000004, SU ,pH,12110208
8904629,1973-10-18,00400,"PH (STANDARD UNITS), FIELD",8.9000000000000004, SU ,pH,12110208
8904629,1973-12-13,00400,"PH (STANDARD UNITS), FIELD",7.5999999999999996, SU ,pH,12110208
8904629,1973-12-13,00400,"PH (STANDARD UNITS), FIELD",7.5999999999999996, SU ,pH,12110208
8904629,1973-12-13,00400,"PH (STANDARD UNITS), FIELD",7.5999999999999996, SU ,pH,12110208
8904630,1973-04-17,00010,"TEMPERATURE, WATER (CELSIUS)",26, C  ,temperature,12110208
8904630,1973-04-16,00400,"PH (STANDARD UNITS), FIELD",7.9000000000000004, SU ,pH,12110208
8904630,1973-04-17,00400,"PH (STANDARD UNITS), FIELD",8.1999999999999993, SU ,pH,12110208
8904630,1973-06-13,00400,"PH (STANDARD UNITS), FIELD",8.5, SU ,pH,12110208
8904630,1973-06-21,00400,"PH (STANDARD UNITS), FIELD",8.8000000000000007, SU ,pH,12110208
8904630,1973-10-16,00400,"PH (STANDARD UNITS), FIELD",8.9000000000000004, SU ,pH,12110208
8904631,1973-04-21,00010,"TEMPERATURE, WATER (CELSIUS)",26, C  ,temperature,12110208
8904631,1973-04-21,00010,"TEMPERATURE, WATER (CELSIUS)",26, C  ,temperature,12110208
8904631,1973-04-21,00010,"TEMPERATURE, WATER (CELSIUS)",26, C  ,temperature,12110208
8904631,1973-04-21,00400,"PH (STANDARD UNITS), FIELD",7.7999999999999998, SU ,pH,12110208
8904631,1973-04-21,00400,"PH (STANDARD UNITS), FIELD",7.9000000000000004, SU ,pH,12110208
8904631,1973-04-21,00400,"PH (STANDARD UNITS), FIELD",7.7000000000000002, SU ,pH,12110208
8904632,1973-04-23,00400,"PH (STANDARD UNITS), FIELD",7.2999999999999998, SU ,pH,12110208
8904633,1984-06-21,00010,"TEMPERATURE, WATER (CELSIUS)",27, C  ,temperature,12110208
8904633,1988-07-26,00010,"TEMPERATURE, WATER (CELSIUS)",27, C  ,temperature,12110208
8904633,1984-06-21,00400,"PH (STANDARD UNITS), FIELD",8.4000000000000004, SU ,pH,12110208
8904633,1988-07-26,00400,"PH (STANDARD UNITS), FIELD",7.7000000000000002, SU ,pH,12110208
8904902,1973-03-07,00010,"TEMPERATURE, WATER (CELSIUS)",27, C  ,temperature,12110208
8904902,1973-03-07,00400,"PH (STANDARD UNITS), FIELD",7.9000000000000004, SU ,pH,12110208
8904902,1973-06-12,00400,"PH (STANDARD UNITS), FIELD",8.1999999999999993, SU ,pH,12110208
8904902,1973-10-18,00400,"PH (STANDARD UNITS), FIELD",9.6999999999999993, SU ,pH,12110208
8904903,1973-04-01,00010,"TEMPERATURE, WATER (CELSIUS)",26, C  ,temperature,12110208
8904903,1973-04-02,00010,"TEMPERATURE, WATER (CELSIUS)",26, C  ,temperature,12110208
8904903,1973-04-01,00400,"PH (STANDARD UNITS), FIELD",7.9000000000000004, SU ,pH,12110208
8904903,1973-04-02,00400,"PH (STANDARD UNITS), FIELD",7.7999999999999998, SU ,pH,12110208
8905101,1972-10-19,00400,"PH (STANDARD UNITS), FIELD",7.5, SU ,pH,12110208
8905102,1973-03-24,00010,"TEMPERATURE, WATER (CELSIUS)",24, C  ,temperature,12110208
8905102,1973-03-24,00400,"PH (STANDARD UNITS), FIELD",7.5, SU ,pH,12110208
8905102,1973-03-24,00400,"PH (STANDARD UNITS), FIELD",7.5999999999999996, SU ,pH,12110208
8905102,1973-06-12,00400,"PH (STANDARD UNITS), FIELD",7.5999999999999996, SU ,pH,12110208
8905102,1973-10-16,00400,"PH (STANDARD UNITS), FIELD",7.7000000000000002, SU ,pH,12110208
8905102,1975-02-26,00400,"PH (STANDARD UNITS), FIELD",8.9000000000000004, SU ,pH,12110208
8905102,1975-02-26,00400,"PH (STANDARD UNITS), FIELD",7.7999999999999998, SU ,pH,12110208
8905102,1975-02-26,00400,"PH (STANDARD UNITS), FIELD",7.7000000000000002, SU ,pH,12110208
8905102,1975-02-26,00400,"PH (STANDARD UNITS), FIELD",8, SU ,pH,12110208
8905201,1972-10-17,00010,"TEMPERATURE, WATER (CELSIUS)",27, C  ,temperature,12110208
8905201,1972-10-17,00400,"PH (STANDARD UNITS), FIELD",7.2999999999999998, SU ,pH,12110208
8905402,1972-10-12,00400,"PH (STANDARD UNITS), FIELD",7.5, SU ,pH,12110208
8905404,1973-02-22,00400,"PH (STANDARD UNITS), FIELD",7.4000000000000004, SU ,pH,12110208
8905404,1973-04-23,00400,"PH (STANDARD UNITS), FIELD",7.7000000000000002, SU ,pH,12110208
8905404,1973-06-12,00400,"PH (STANDARD UNITS), FIELD",7.4000000000000004, SU ,pH,12110208
8905404,1973-06-21,00400,"PH (STANDARD UNITS), FIELD",7.2999999999999998, SU ,pH,12110208
8905404,1973-10-17,00400,"PH (STANDARD UNITS), FIELD",7.2000000000000002, SU ,pH,12110208
8905405,1973-04-11,00010,"TEMPERATURE, WATER (CELSIUS)",25, C  ,temperature,12110208
8905405,1973-04-11,00010,"TEMPERATURE, WATER (CELSIUS)",25, C  ,temperature,12110208
8905405,1973-04-12,00010,"TEMPERATURE, WATER (CELSIUS)",25, C  ,temperature,12110208
8905405,1973-04-15,00010,"TEMPERATURE, WATER (CELSIUS)",26, C  ,temperature,12110208
8905405,1973-12-12,00010,"TEMPERATURE, WATER (CELSIUS)",24, C  ,temperature,12110208
8905405,1973-12-12,00010,"TEMPERATURE, WATER (CELSIUS)",24, C  ,temperature,12110208
8905405,1973-04-11,00400,"PH (STANDARD UNITS), FIELD",7.7999999999999998, SU ,pH,12110208
8905405,1973-04-11,00400,"PH (STANDARD UNITS), FIELD",7.7000000000000002, SU ,pH,12110208
8905405,1973-04-12,00400,"PH (STANDARD UNITS), FIELD",8, SU ,pH,12110208
8905405,1973-04-15,00400,"PH (STANDARD UNITS), FIELD",7.7000000000000002, SU ,pH,12110208
8905405,1973-06-12,00400,"PH (STANDARD UNITS), FIELD",7.7000000000000002, SU ,pH,12110208
8905405,1973-06-21,00400,"PH (STANDARD UNITS), FIELD",7.7999999999999998, SU ,pH,12110208
8905405,1973-10-16,00400,"PH (STANDARD UNITS), FIELD",8.5999999999999996, SU ,pH,12110208
8905405,1973-12-12,00400,"PH (STANDARD UNITS), FIELD",7.9000000000000004, SU ,pH,12110208
8905405,1973-12-12,00400,"PH (STANDARD UNITS), FIELD",7.4000000000000004, SU ,pH,12110208
8905405,1973-12-12,00400,"PH (STANDARD UNITS), FIELD",7.5, SU ,pH,12110208
8905701,1973-04-18,00010,"TEMPERATURE, WATER (CELSIUS)",24, C  ,temperature,12110208
8905701,1973-04-19,00010,"TEMPERATURE, WATER (CELSIUS)",26, C  ,temperature,12110208
8905701,1973-04-18,00400,"PH (STANDARD UNITS), FIELD",7.5999999999999996, SU ,pH,12110208
8905701,1973-04-19,00400,"PH (STANDARD UNITS), FIELD",7.5, SU ,pH,12110208
