monitoring_location_id,priority_group,trend,p,slope,intercept,n,data_type,significant
8631901,water_level,increasing,0.018741136789596657,0.30249999999999255,182.09125000000003,8,water_level,True
8631902,water_level,insufficient,,,,1,water_level,False
8632101,water_level,insufficient,,,,1,water_level,False
8632201,water_level,insufficient,,,,1,water_level,False
8632202,water_level,insufficient,,,,1,water_level,False
8632203,water_level,insufficient,,,,1,water_level,False
8632301,water_level,no trend,0.22067136191984682,3.9775000000000063,350.765,5,water_level,False
8632302,water_level,insufficient,,,,1,water_level,False
8632401,water_level,insufficient,,,,1,water_level,False
8632402,water_level,insufficient,,,,1,water_level,False
8632403,water_level,insufficient,,,,0,water_level,False
8632601,water_level,insufficient,,,,1,water_level,False
8632602,water_level,no trend,0.7105230229164894,0.394999999999996,294.5625,8,water_level,False
8632603,water_level,insufficient,,,,1,water_level,False
8632604,water_level,insufficient,,,,1,water_level,False
8632605,water_level,no trend,0.7105230229164894,0.13200000000000073,191.46300000000002,8,water_level,False
8632801,water_level,insufficient,,,,1,water_level,False
8632901,water_level,insufficient,,,,1,water_level,False
8632903,water_level,insufficient,,,,1,water_level,False
8632904,water_level,insufficient,,,,1,water_level,False
8632905,water_level,insufficient,,,,1,water_level,False
8632906,water_level,insufficient,,,,3,water_level,False
8640201,water_level,no trend,0.9015386266571279,0.190000000000002,184.05999999999997,8,water_level,False
8640202,water_level,no trend,0.9169652366288645,0.07214285714285852,198.99142857142857,9,water_level,False
8640203,water_level,insufficient,,,,1,water_level,False
8640301,water_level,insufficient,,,,1,water_level,False
8640501,water_level,insufficient,,,,1,water_level,False
8640502,water_level,no trend,1.0,-0.03714285714285787,196.37,8,water_level,False
8640601,water_level,insufficient,,,,1,water_level,False
8640701,water_level,insufficient,,,,1,water_level,False
8640702,water_level,insufficient,,,,1,water_level,False
8640703,water_level,insufficient,,,,1,water_level,False
8640901,water_level,no trend,1.0,0.002499999999990621,211.17000000000004,9,water_level,False
8709801,water_level,insufficient,,,,1,water_level,False
8709901,water_level,insufficient,,,,1,water_level,False
8709902,water_level,insufficient,,,,1,water_level,False
8709903,water_level,insufficient,,,,1,water_level,False
8709904,water_level,insufficient,,,,1,water_level,False
8710402,water_level,no trend,0.20012811767860228,0.549999999999983,410.0900000000001,13,water_level,False
8710701,water_level,insufficient,,,,1,water_level,False
8710702,water_level,decreasing,0.009201853955849826,-0.36054945054945087,410.92631868131866,24,water_level,True
8710703,water_level,insufficient,,,,1,water_level,False
8710901,water_level,insufficient,,,,1,water_level,False
8710902,water_level,insufficient,,,,1,water_level,False
8711701,water_level,insufficient,,,,1,water_level,False
8711704,water_level,insufficient,,,,1,water_level,False
8717101,water_level,insufficient,,,,1,water_level,False
8717202,water_level,insufficient,,,,1,water_level,False
8717401,water_level,no trend,0.11785089502136503,-1.0228571428571505,389.3114285714286,9,water_level,False
8717402,water_level,insufficient,,,,0,water_level,False
8717601,water_level,insufficient,,,,0,water_level,False
8717602,water_level,insufficient,,,,1,water_level,False
8717603,water_level,insufficient,,,,1,water_level,False
8717604,water_level,insufficient,,,,1,water_level,False
8717605,water_level,insufficient,,,,1,water_level,False
8717606,water_level,insufficient,,,,1,water_level,False
8717701,water_level,insufficient,,,,1,water_level,False
8717801,water_level,insufficient,,,,1,water_level,False
8718101,water_level,no trend,0.9169652366288645,0.04799999999999187,403.63800000000003,9,water_level,False
8718201,water_level,insufficient,,,,1,water_level,False
8718301,water_level,insufficient,,,,1,water_level,False
8718402,water_level,insufficient,,,,1,water_level,False
8718403,water_level,insufficient,,,,1,water_level,False
8718404,water_level,insufficient,,,,1,water_level,False
8718405,water_level,insufficient,,,,1,water_level,False
8718502,water_level,insufficient,,,,1,water_level,False
8718504,water_level,insufficient,,,,1,water_level,False
8718603,water_level,no trend,0.06348653056076747,-3.028583333333332,287.3075416666666,8,water_level,False
8718604,water_level,no trend,0.1735462217878534,2.5266666666666735,282.20666666666665,8,water_level,False
8718701,water_level,no trend,0.9169652366288645,-0.13428571428571395,325.90714285714284,9,water_level,False
8718702,water_level,insufficient,,,,0,water_level,False
8718901,water_level,insufficient,,,,1,water_level,False
8718902,water_level,insufficient,,,,1,water_level,False
8719101,water_level,insufficient,,,,1,water_level,False
8719201,water_level,insufficient,,,,1,water_level,False
8719701,water_level,insufficient,,,,1,water_level,False
8719702,water_level,insufficient,,,,1,water_level,False
8719801,water_level,insufficient,,,,2,water_level,False
8725101,water_level,insufficient,,,,1,water_level,False
8725201,water_level,insufficient,,,,1,water_level,False
8725301,water_level,insufficient,,,,1,water_level,False
8725302,water_level,insufficient,,,,1,water_level,False
8725401,water_level,insufficient,,,,1,water_level,False
8725501,water_level,insufficient,,,,0,water_level,False
8725601,water_level,no trend,0.07633274037635718,-1.1047619047619015,206.9890476190476,9,water_level,False
8725602,water_level,insufficient,,,,1,water_level,False
8725603,water_level,insufficient,,,,1,water_level,False
8725802,water_level,no trend,0.46551216987418664,0.23500000000001364,356.4599999999999,9,water_level,False
8725903,water_level,insufficient,,,,1,water_level,False
8726101,water_level,insufficient,,,,1,water_level,False
8726302,water_level,insufficient,,,,1,water_level,False
8726304,water_level,insufficient,,,,1,water_level,False
8726305,water_level,insufficient,,,,2,water_level,False
8726401,water_level,insufficient,,,,1,water_level,False
8726501,water_level,insufficient,,,,2,water_level,False
8726502,water_level,insufficient,,,,1,water_level,False
8726601,water_level,no trend,0.17530808080827365,0.7142857142857153,261.58285714285716,9,water_level,False
8726701,water_level,insufficient,,,,2,water_level,False
8726702,water_level,insufficient,,,,1,water_level,False
8726703,water_level,insufficient,,,,1,water_level,False
8726704,water_level,insufficient,,,,1,water_level,False
8726705,water_level,insufficient,,,,1,water_level,False
8726901,water_level,insufficient,,,,1,water_level,False
8726902,water_level,insufficient,,,,1,water_level,False
8726903,water_level,insufficient,,,,1,water_level,False
8727101,water_level,insufficient,,,,1,water_level,False
8727102,water_level,insufficient,,,,1,water_level,False
8727103,water_level,insufficient,,,,1,water_level,False
8727104,water_level,insufficient,,,,1,water_level,False
8727105,water_level,insufficient,,,,1,water_level,False
8727201,water_level,insufficient,,,,1,water_level,False
8727301,water_level,insufficient,,,,1,water_level,False
8727302,water_level,insufficient,,,,1,water_level,False
8727401,water_level,insufficient,,,,1,water_level,False
8727501,water_level,insufficient,,,,0,water_level,False
8727601,water_level,no trend,1.0,-0.02799999999999348,257.022,9,water_level,False
8727602,water_level,insufficient,,,,1,water_level,False
8727603,water_level,insufficient,,,,1,water_level,False
8727701,water_level,insufficient,,,,1,water_level,False
8727702,water_level,insufficient,,,,1,water_level,False
8727703,water_level,no trend,0.11785089502136503,-2.2362499999999983,319.605,9,water_level,False
8727704,water_level,no trend,0.5480055723613093,2.3325000000000102,289.3125,7,water_level,False
8727705,water_level,no trend,1.0,-3.766666666666661,265.02,4,water_level,False
8727801,water_level,insufficient,,,,1,water_level,False
8727803,water_level,insufficient,,,,1,water_level,False
8727804,water_level,decreasing,8.348462070539853e-07,-0.8072727272727268,298.62227272727273,14,water_level,True
8727901,water_level,insufficient,,,,1,water_level,False
8727902,water_level,insufficient,,,,1,water_level,False
8727903,water_level,no trend,0.2514521865080219,-2.125000000000007,243.98000000000002,9,water_level,False
8727904,water_level,insufficient,,,,1,water_level,False
8728105,water_level,insufficient,,,,1,water_level,False
8728106,water_level,insufficient,,,,1,water_level,False
8728402,water_level,decreasing,0.0274863361115103,-3.2949999999999875,284.35999999999996,5,water_level,True
8728502,water_level,insufficient,,,,1,water_level,False
8728504,water_level,insufficient,,,,1,water_level,False
8728601,water_level,insufficient,,,,1,water_level,False
8728602,water_level,insufficient,,,,1,water_level,False
8728604,water_level,decreasing,0.016260936780450264,-2.322499999999998,230.3975,7,water_level,True
8728701,water_level,no trend,0.5480055723613093,-1.1550000000000011,146.305,7,water_level,False
8728702,water_level,insufficient,,,,1,water_level,False
8728703,water_level,insufficient,,,,1,water_level,False
8728704,water_level,insufficient,,,,0,water_level,False
8728705,water_level,insufficient,,,,1,water_level,False
8728706,water_level,insufficient,,,,1,water_level,False
8728801,water_level,insufficient,,,,1,water_level,False
8728901,water_level,insufficient,,,,1,water_level,False
8728902,water_level,insufficient,,,,1,water_level,False
8729901,water_level,no trend,0.25965635637045015,1.7250000000000014,127.6575,6,water_level,False
8729905,water_level,insufficient,,,,0,water_level,False
8730801,water_level,insufficient,,,,0,water_level,False
8730901,water_level,insufficient,,,,0,water_level,False
8730902,water_level,insufficient,,,,1,water_level,False
8731504,water_level,decreasing,5.4811690058498286e-05,-0.9025000000000002,60.735,13,water_level,True
8731507,water_level,decreasing,0.001845721317696336,-1.2974999999999994,53.4775,11,water_level,True
8731601,water_level,no trend,0.09948281525658187,0.39035714285714285,39.683928571428574,35,water_level,False
8731701,water_level,insufficient,,,,0,water_level,False
8731702,water_level,insufficient,,,,0,water_level,False
8731703,water_level,insufficient,,,,0,water_level,False
8731704,water_level,insufficient,,,,0,water_level,False
8731801,water_level,decreasing,0.037666922228628774,-0.4819999999999993,55.35399999999999,15,water_level,True
8731802,water_level,decreasing,0.03273560958832067,-0.586666666666666,67.44999999999999,13,water_level,True
8731803,water_level,insufficient,,,,3,water_level,False
8731804,water_level,increasing,0.0002155249988615715,0.27241666666666664,53.37404166666667,68,water_level,True
8731805,water_level,decreasing,0.0004701692793138701,-1.0493749999999986,70.33656249999999,12,water_level,True
8731806,water_level,decreasing,0.001845721317696336,-1.1320000000000008,64.38,11,water_level,True
8731807,water_level,decreasing,0.018741136789596657,-2.182142857142857,54.9375,8,water_level,True
8731808,water_level,insufficient,,,,1,water_level,False
8731809,water_level,insufficient,,,,1,water_level,False
8731810,water_level,insufficient,,,,1,water_level,False
8731811,water_level,insufficient,,,,1,water_level,False
8731812,water_level,insufficient,,,,3,water_level,False
8731813,water_level,decreasing,0.008534920414227098,-4.809,88.9125,6,water_level,True
8731814,water_level,decreasing,0.0006767641801210811,-1.1219999999999999,63.579,10,water_level,True
8731815,water_level,insufficient,,,,1,water_level,False
8731816,water_level,decreasing,0.017343359162423466,-1.2276136363636365,53.67568181818182,13,water_level,True
8731824,water_level,insufficient,,,,0,water_level,False
8731825,water_level,insufficient,,,,1,water_level,False
8731828,water_level,insufficient,,,,1,water_level,False
8731829,water_level,insufficient,,,,0,water_level,False
8731901,water_level,decreasing,0.03273560958832067,-1.1753888888888888,50.56233333333333,13,water_level,True
8731902,water_level,decreasing,0.0018616893784448862,-1.009583333333333,50.8075,13,water_level,True
8731903,water_level,increasing,0.014542818527063961,0.3325,41.6825,39,water_level,True
8731904,water_level,no trend,1.0,0.00999999999999801,40.66500000000002,20,water_level,False
8731905,water_level,decreasing,0.004878564475033542,-2.8742857142857137,36.527142857142856,9,water_level,True
8731906,water_level,no trend,0.3923143472853552,0.7471428571428587,36.49642857142856,16,water_level,False
8731907,water_level,no trend,0.4897540517514192,0.04181250000000007,42.812,65,water_level,False
8731908,water_level,no trend,1.0,-0.02000000000000135,26.400000000000006,9,water_level,False
8731909,water_level,no trend,0.6021675277481957,-1.4864285714285719,38.21571428571429,9,water_level,False
8731910,water_level,no trend,0.12720368763109935,0.4958181818181817,26.94509090909091,13,water_level,False
8731911,water_level,no trend,0.08551480563051506,0.535625,35.3065625,20,water_level,False
8731912,water_level,no trend,0.37109336952269745,-0.6533333333333337,34.0,10,water_level,False
8731913,water_level,decreasing,0.007487886815149114,-1.0748333333333329,34.98658333333333,12,water_level,True
8731914,water_level,decreasing,0.012731364269923606,-1.0445,22.392500000000002,11,water_level,True
8731915,water_level,decreasing,0.0006767641801210811,-1.4388888888888889,32.165,10,water_level,True
8731916,water_level,no trend,0.3081795474670539,-2.6366666666666694,47.04750000000001,4,water_level,False
8731917,water_level,no trend,0.49856438700636985,0.17058823529411757,52.608823529411765,22,water_level,False
8731918,water_level,insufficient,,,,0,water_level,False
8731920,water_level,insufficient,,,,0,water_level,False
8731923,water_level,insufficient,,,,1,water_level,False
8731925,water_level,insufficient,,,,1,water_level,False
8731926,water_level,insufficient,,,,1,water_level,False
8731930,water_level,insufficient,,,,1,water_level,False
8731931,water_level,insufficient,,,,1,water_level,False
8731932,water_level,insufficient,,,,1,water_level,False
8731933,water_level,insufficient,,,,0,water_level,False
8731935,water_level,insufficient,,,,0,water_level,False
8732406,water_level,insufficient,,,,0,water_level,False
8732407,water_level,insufficient,,,,0,water_level,False
8732408,water_level,insufficient,,,,0,water_level,False
8732410,water_level,insufficient,,,,0,water_level,False
8733203,water_level,insufficient,,,,1,water_level,False
8733501,water_level,insufficient,,,,1,water_level,False
8733502,water_level,no trend,0.1735462217878534,-0.13250000000000384,168.10875,8,water_level,False
8733601,water_level,insufficient,,,,1,water_level,False
8733801,water_level,insufficient,,,,1,water_level,False
8733901,water_level,insufficient,,,,1,water_level,False
8733902,water_level,insufficient,,,,1,water_level,False
8733903,water_level,insufficient,,,,1,water_level,False
8733904,water_level,insufficient,,,,1,water_level,False
8734301,water_level,insufficient,,,,1,water_level,False
8734302,water_level,insufficient,,,,1,water_level,False
8734303,water_level,no trend,0.9169652366288645,-0.20595238095238175,280.81380952380954,9,water_level,False
8734304,water_level,insufficient,,,,1,water_level,False
8734601,water_level,insufficient,,,,1,water_level,False
8734603,water_level,insufficient,,,,1,water_level,False
8734604,water_level,no trend,0.7105230229164894,-0.9685000000000002,207.76475,8,water_level,False
8734701,water_level,insufficient,,,,1,water_level,False
8734702,water_level,insufficient,,,,1,water_level,False
8734703,water_level,insufficient,,,,1,water_level,False
8734704,water_level,insufficient,,,,1,water_level,False
8734902,water_level,insufficient,,,,1,water_level,False
8734903,water_level,insufficient,,,,1,water_level,False
8735101,water_level,insufficient,,,,1,water_level,False
8735102,water_level,insufficient,,,,1,water_level,False
8735103,water_level,insufficient,,,,1,water_level,False
8735104,water_level,insufficient,,,,1,water_level,False
8735105,water_level,insufficient,,,,1,water_level,False
8735106,water_level,insufficient,,,,1,water_level,False
8735107,water_level,insufficient,,,,1,water_level,False
8735201,water_level,insufficient,,,,1,water_level,False
8735202,water_level,insufficient,,,,1,water_level,False
8735401,water_level,decreasing,0.018741136789596657,-0.5375000000000014,273.22625000000005,8,water_level,True
8735402,water_level,insufficient,,,,1,water_level,False
8735403,water_level,insufficient,,,,1,water_level,False
8735405,water_level,insufficient,,,,1,water_level,False
8735406,water_level,insufficient,,,,1,water_level,False
8735501,water_level,insufficient,,,,1,water_level,False
8735502,water_level,insufficient,,,,1,water_level,False
8735503,water_level,insufficient,,,,1,water_level,False
8735504,water_level,insufficient,,,,1,water_level,False
8735601,water_level,insufficient,,,,1,water_level,False
8735602,water_level,insufficient,,,,1,water_level,False
8735701,water_level,insufficient,,,,1,water_level,False
8735804,water_level,insufficient,,,,1,water_level,False
8735805,water_level,insufficient,,,,1,water_level,False
8735806,water_level,no trend,0.536186771900174,-0.2274999999999982,240.89624999999998,8,water_level,False
8735807,water_level,insufficient,,,,1,water_level,False
8735808,water_level,insufficient,,,,1,water_level,False
8735903,water_level,insufficient,,,,1,water_level,False
8736102,water_level,insufficient,,,,1,water_level,False
8736201,water_level,no trend,0.11785089502136503,-1.1895000000000024,196.418,9,water_level,False
8736202,water_level,insufficient,,,,1,water_level,False
8736301,water_level,insufficient,,,,1,water_level,False
8736501,water_level,insufficient,,,,1,water_level,False
8736502,water_level,insufficient,,,,1,water_level,False
8736601,water_level,insufficient,,,,1,water_level,False
8736603,water_level,insufficient,,,,1,water_level,False
8736802,water_level,insufficient,,,,1,water_level,False
8736803,water_level,insufficient,,,,1,water_level,False
8736804,water_level,decreasing,0.0274863361115103,-1.6875,166.395,5,water_level,True
8736901,water_level,insufficient,,,,1,water_level,False
8736902,water_level,insufficient,,,,1,water_level,False
8736903,water_level,insufficient,,,,1,water_level,False
8736904,water_level,insufficient,,,,1,water_level,False
8737102,water_level,insufficient,,,,0,water_level,False
8737203,water_level,insufficient,,,,1,water_level,False
8737204,water_level,insufficient,,,,0,water_level,False
8737301,water_level,decreasing,0.014337900827245509,-0.2668830128205139,144.81418669871798,32,water_level,True
8737304,water_level,insufficient,,,,0,water_level,False
8737305,water_level,insufficient,,,,0,water_level,False
8737306,water_level,insufficient,,,,0,water_level,False
8737309,water_level,insufficient,,,,1,water_level,False
8737401,water_level,insufficient,,,,0,water_level,False
8737501,water_level,insufficient,,,,0,water_level,False
8737601,water_level,insufficient,,,,0,water_level,False
8737603,water_level,insufficient,,,,0,water_level,False
8737604,water_level,insufficient,,,,0,water_level,False
8737701,water_level,insufficient,,,,0,water_level,False
8737702,water_level,no trend,0.06410357671243583,0.4969999999999999,155.44150000000002,12,water_level,False
8737703,water_level,increasing,0.01600615515316317,0.5666666666666723,154.29666666666665,14,water_level,True
8737801,water_level,insufficient,,,,0,water_level,False
8738101,water_level,insufficient,,,,1,water_level,False
8738103,water_level,insufficient,,,,0,water_level,False
8738104,water_level,insufficient,,,,0,water_level,False
8738201,water_level,increasing,0.0005394591428529161,0.8136153846153835,109.72950000000002,40,water_level,True
8738202,water_level,insufficient,,,,1,water_level,False
8738204,water_level,insufficient,,,,0,water_level,False
8738206,water_level,insufficient,,,,1,water_level,False
8738208,water_level,insufficient,,,,0,water_level,False
8738209,water_level,insufficient,,,,0,water_level,False
8738401,water_level,insufficient,,,,0,water_level,False
8738601,water_level,insufficient,,,,0,water_level,False
8738701,water_level,insufficient,,,,0,water_level,False
8738702,water_level,insufficient,,,,0,water_level,False
8738801,water_level,insufficient,,,,0,water_level,False
8738802,water_level,insufficient,,,,0,water_level,False
8738804,water_level,insufficient,,,,1,water_level,False
8739201,water_level,decreasing,0.01226606138621289,-0.7340000000000003,49.248000000000005,10,water_level,True
8739202,water_level,decreasing,0.00914914757959373,-1.2546666666666666,57.66866666666667,9,water_level,True
8739203,water_level,insufficient,,,,2,water_level,False
8739204,water_level,decreasing,0.00914914757959373,-1.2269999999999996,57.848,9,water_level,True
8739205,water_level,insufficient,,,,0,water_level,False
8739206,water_level,insufficient,,,,0,water_level,False
8739207,water_level,insufficient,,,,0,water_level,False
8739208,water_level,insufficient,,,,0,water_level,False
8739301,water_level,increasing,0.002121987216429533,0.5299999999999997,44.03000000000001,39,water_level,True
8739302,water_level,no trend,0.12720368763109935,-0.4581249999999999,45.77875,13,water_level,False
8739303,water_level,insufficient,,,,0,water_level,False
8739304,water_level,insufficient,,,,0,water_level,False
8739305,water_level,insufficient,,,,0,water_level,False
8739306,water_level,insufficient,,,,1,water_level,False
8739307,water_level,insufficient,,,,0,water_level,False
8739308,water_level,decreasing,0.016393316888809073,-0.4991319444444443,52.28522569444444,12,water_level,True
8739309,water_level,insufficient,,,,0,water_level,False
8739310,water_level,insufficient,,,,0,water_level,False
8739311,water_level,insufficient,,,,0,water_level,False
8739313,water_level,insufficient,,,,0,water_level,False
8739402,water_level,insufficient,,,,0,water_level,False
8739501,water_level,insufficient,,,,0,water_level,False
8739502,water_level,insufficient,,,,0,water_level,False
8739601,water_level,insufficient,,,,0,water_level,False
8739902,water_level,insufficient,,,,0,water_level,False
8740101,water_level,insufficient,,,,0,water_level,False
8740202,water_level,insufficient,,,,1,water_level,False
8740203,water_level,insufficient,,,,1,water_level,False
8740405,water_level,insufficient,,,,1,water_level,False
8740407,water_level,no trend,0.511220344688192,-0.18666666666666665,56.208333333333336,14,water_level,False
8740503,water_level,insufficient,,,,1,water_level,False
8740601,water_level,insufficient,,,,0,water_level,False
8740602,water_level,insufficient,,,,0,water_level,False
8740702,water_level,insufficient,,,,0,water_level,False
8740801,water_level,insufficient,,,,0,water_level,False
8740802,water_level,insufficient,,,,0,water_level,False
8740901,water_level,insufficient,,,,1,water_level,False
8741302,water_level,insufficient,,,,1,water_level,False
8741303,water_level,insufficient,,,,1,water_level,False
8741304,water_level,insufficient,,,,1,water_level,False
8741305,water_level,insufficient,,,,1,water_level,False
8741307,water_level,insufficient,,,,1,water_level,False
8742101,water_level,insufficient,,,,1,water_level,False
8742102,water_level,insufficient,,,,1,water_level,False
8742103,water_level,decreasing,3.386315270414997e-06,-0.19125000000000014,122.50375000000001,39,water_level,True
8742201,water_level,insufficient,,,,1,water_level,False
8742202,water_level,insufficient,,,,1,water_level,False
8742203,water_level,insufficient,,,,1,water_level,False
8742205,water_level,insufficient,,,,1,water_level,False
8742206,water_level,insufficient,,,,1,water_level,False
8742207,water_level,insufficient,,,,1,water_level,False
8742302,water_level,insufficient,,,,1,water_level,False
8742303,water_level,increasing,0.0024990288576112185,2.138571428571429,116.68571428571428,9,water_level,True
8742305,water_level,insufficient,,,,1,water_level,False
8742306,water_level,insufficient,,,,1,water_level,False
8742308,water_level,insufficient,,,,1,water_level,False
8743101,water_level,insufficient,,,,1,water_level,False
8743301,water_level,insufficient,,,,3,water_level,False
8743302,water_level,insufficient,,,,1,water_level,False
8743303,water_level,insufficient,,,,1,water_level,False
8743304,water_level,insufficient,,,,1,water_level,False
8743306,water_level,insufficient,,,,1,water_level,False
8743307,water_level,insufficient,,,,1,water_level,False
8743308,water_level,insufficient,,,,1,water_level,False
8743309,water_level,insufficient,,,,1,water_level,False
8743401,water_level,insufficient,,,,1,water_level,False
8743402,water_level,insufficient,,,,1,water_level,False
8743404,water_level,insufficient,,,,0,water_level,False
8743405,water_level,insufficient,,,,1,water_level,False
8743406,water_level,insufficient,,,,1,water_level,False
8743409,water_level,no trend,0.80649594050734,-0.14583333333333215,122.83166666666665,5,water_level,False
8743501,water_level,insufficient,,,,1,water_level,False
8743503,water_level,insufficient,,,,1,water_level,False
8743504,water_level,increasing,0.01648865672767008,1.0654761904761907,141.34809523809525,9,water_level,True
8743505,water_level,insufficient,,,,1,water_level,False
8743506,water_level,insufficient,,,,2,water_level,False
8743601,water_level,insufficient,,,,1,water_level,False
8743602,water_level,no trend,0.7544541774940892,0.097291666666667,104.58083333333333,9,water_level,False
8743603,water_level,insufficient,,,,0,water_level,False
8743604,water_level,insufficient,,,,1,water_level,False
8743606,water_level,insufficient,,,,1,water_level,False
8743701,water_level,insufficient,,,,1,water_level,False
8743802,water_level,insufficient,,,,1,water_level,False
8743805,water_level,insufficient,,,,1,water_level,False
8743806,water_level,insufficient,,,,1,water_level,False
8743807,water_level,insufficient,,,,1,water_level,False
8743808,water_level,insufficient,,,,1,water_level,False
8743809,water_level,insufficient,,,,1,water_level,False
8743811,water_level,insufficient,,,,1,water_level,False
8743813,water_level,no trend,0.6921807727218765,-0.07800000000000011,116.936,15,water_level,False
8743901,water_level,insufficient,,,,1,water_level,False
8743902,water_level,insufficient,,,,1,water_level,False
8743903,water_level,insufficient,,,,1,water_level,False
8743904,water_level,insufficient,,,,1,water_level,False
8743906,water_level,insufficient,,,,0,water_level,False
8743907,water_level,insufficient,,,,1,water_level,False
8743909,water_level,no trend,0.7544541774940892,0.0894285714285713,95.99228571428571,9,water_level,False
8743913,water_level,insufficient,,,,1,water_level,False
8743914,water_level,insufficient,,,,3,water_level,False
8744101,water_level,insufficient,,,,1,water_level,False
8744102,water_level,insufficient,,,,1,water_level,False
8744203,water_level,insufficient,,,,2,water_level,False
8744204,water_level,no trend,0.13285495573105366,-2.913333333333336,162.58333333333334,6,water_level,False
8744205,water_level,insufficient,,,,1,water_level,False
8744401,water_level,insufficient,,,,1,water_level,False
8744402,water_level,insufficient,,,,1,water_level,False
8744501,water_level,increasing,3.7418959772939075e-06,0.570999999999998,180.43850000000003,34,water_level,True
8744502,water_level,no trend,0.5480055723613093,0.15000000000000568,208.68999999999997,7,water_level,False
8744504,water_level,insufficient,,,,1,water_level,False
8744505,water_level,insufficient,,,,1,water_level,False
8744506,water_level,insufficient,,,,2,water_level,False
8744507,water_level,insufficient,,,,0,water_level,False
8744508,water_level,insufficient,,,,0,water_level,False
8744510,water_level,insufficient,,,,0,water_level,False
8744701,water_level,insufficient,,,,1,water_level,False
8744702,water_level,insufficient,,,,1,water_level,False
8744703,water_level,insufficient,,,,1,water_level,False
8744704,water_level,insufficient,,,,1,water_level,False
8744801,water_level,insufficient,,,,0,water_level,False
8744802,water_level,insufficient,,,,0,water_level,False
8744803,water_level,insufficient,,,,0,water_level,False
8744805,water_level,insufficient,,,,0,water_level,False
8744806,water_level,insufficient,,,,0,water_level,False
8744901,water_level,insufficient,,,,0,water_level,False
8745101,water_level,insufficient,,,,0,water_level,False
8745102,water_level,insufficient,,,,0,water_level,False
8745201,water_level,insufficient,,,,0,water_level,False
8745301,water_level,insufficient,,,,1,water_level,False
8745302,water_level,insufficient,,,,0,water_level,False
8745401,water_level,insufficient,,,,0,water_level,False
8745402,water_level,insufficient,,,,0,water_level,False
8745501,water_level,insufficient,,,,0,water_level,False
8745602,water_level,insufficient,,,,1,water_level,False
8745603,water_level,insufficient,,,,0,water_level,False
8745701,water_level,insufficient,,,,1,water_level,False
8745801,water_level,insufficient,,,,1,water_level,False
8745802,water_level,insufficient,,,,0,water_level,False
8745803,water_level,insufficient,,,,1,water_level,False
8745805,water_level,insufficient,,,,0,water_level,False
8745901,water_level,insufficient,,,,1,water_level,False
8745902,water_level,insufficient,,,,1,water_level,False
8746203,water_level,insufficient,,,,0,water_level,False
8746204,water_level,insufficient,,,,0,water_level,False
8746302,water_level,insufficient,,,,1,water_level,False
8746401,water_level,decreasing,0.03182312738649018,-1.4324999999999974,180.10375,10,water_level,True
8746404,water_level,insufficient,,,,1,water_level,False
8746405,water_level,insufficient,,,,0,water_level,False
8746406,water_level,insufficient,,,,0,water_level,False
8746408,water_level,insufficient,,,,1,water_level,False
8746502,water_level,insufficient,,,,0,water_level,False
8746503,water_level,insufficient,,,,0,water_level,False
8746601,water_level,insufficient,,,,1,water_level,False
8746602,water_level,insufficient,,,,1,water_level,False
8746603,water_level,insufficient,,,,1,water_level,False
8746604,water_level,insufficient,,,,1,water_level,False
8746605,water_level,insufficient,,,,0,water_level,False
8746606,water_level,insufficient,,,,0,water_level,False
8746607,water_level,insufficient,,,,1,water_level,False
8746608,water_level,no trend,0.7317017232242102,-0.0937499999999988,103.750625,12,water_level,False
8746609,water_level,decreasing,0.046744941053711075,-0.6431249999999995,109.67218749999999,12,water_level,True
8746701,water_level,insufficient,,,,0,water_level,False
8746705,water_level,insufficient,,,,1,water_level,False
8746706,water_level,insufficient,,,,1,water_level,False
8746708,water_level,insufficient,,,,0,water_level,False
8746709,water_level,insufficient,,,,1,water_level,False
8746801,water_level,insufficient,,,,0,water_level,False
8746803,water_level,insufficient,,,,1,water_level,False
8746804,water_level,insufficient,,,,1,water_level,False
8746805,water_level,insufficient,,,,0,water_level,False
8746806,water_level,insufficient,,,,0,water_level,False
8746901,water_level,insufficient,,,,1,water_level,False
8746902,water_level,insufficient,,,,0,water_level,False
8746904,water_level,insufficient,,,,1,water_level,False
8746905,water_level,insufficient,,,,0,water_level,False
8746906,water_level,insufficient,,,,1,water_level,False
8746907,water_level,insufficient,,,,1,water_level,False
8746908,water_level,insufficient,,,,0,water_level,False
8746909,water_level,insufficient,,,,1,water_level,False
8746910,water_level,insufficient,,,,0,water_level,False
8746911,water_level,insufficient,,,,0,water_level,False
8746912,water_level,insufficient,,,,1,water_level,False
8746913,water_level,insufficient,,,,0,water_level,False
8746914,water_level,insufficient,,,,0,water_level,False
8747101,water_level,insufficient,,,,0,water_level,False
8747201,water_level,insufficient,,,,3,water_level,False
8747202,water_level,insufficient,,,,0,water_level,False
8747203,water_level,insufficient,,,,2,water_level,False
8747204,water_level,insufficient,,,,1,water_level,False
8747205,water_level,insufficient,,,,1,water_level,False
8747206,water_level,insufficient,,,,1,water_level,False
8747207,water_level,insufficient,,,,2,water_level,False
8747208,water_level,insufficient,,,,1,water_level,False
8747209,water_level,insufficient,,,,2,water_level,False
8747211,water_level,insufficient,,,,0,water_level,False
8747402,water_level,insufficient,,,,1,water_level,False
8747404,water_level,insufficient,,,,1,water_level,False
8747405,water_level,insufficient,,,,1,water_level,False
8747406,water_level,insufficient,,,,1,water_level,False
8747407,water_level,insufficient,,,,0,water_level,False
8747501,water_level,insufficient,,,,0,water_level,False
8747601,water_level,insufficient,,,,2,water_level,False
8747603,water_level,insufficient,,,,0,water_level,False
8747604,water_level,insufficient,,,,1,water_level,False
8747606,water_level,insufficient,,,,1,water_level,False
8747607,water_level,insufficient,,,,1,water_level,False
8747701,water_level,insufficient,,,,0,water_level,False
8747702,water_level,insufficient,,,,0,water_level,False
8747703,water_level,insufficient,,,,0,water_level,False
8747704,water_level,insufficient,,,,1,water_level,False
8747802,water_level,no trend,0.08942935902899363,0.5166666666666657,89.92499999999998,4,water_level,False
8747803,water_level,insufficient,,,,0,water_level,False
8747804,water_level,insufficient,,,,0,water_level,False
8747901,water_level,insufficient,,,,0,water_level,False
8748301,water_level,insufficient,,,,1,water_level,False
8748302,water_level,insufficient,,,,0,water_level,False
8748401,water_level,insufficient,,,,1,water_level,False
8748402,water_level,insufficient,,,,0,water_level,False
8748403,water_level,insufficient,,,,0,water_level,False
8748404,water_level,insufficient,,,,0,water_level,False
8748405,water_level,insufficient,,,,1,water_level,False
8748406,water_level,insufficient,,,,0,water_level,False
8748407,water_level,insufficient,,,,0,water_level,False
8748501,water_level,insufficient,,,,1,water_level,False
8748502,water_level,insufficient,,,,1,water_level,False
8748503,water_level,insufficient,,,,1,water_level,False
8748602,water_level,insufficient,,,,0,water_level,False
8748605,water_level,insufficient,,,,1,water_level,False
8748607,water_level,insufficient,,,,1,water_level,False
8748608,water_level,insufficient,,,,1,water_level,False
8748702,water_level,decreasing,5.39335015981024e-07,-0.2087037037037039,86.15861111111111,34,water_level,True
8748703,water_level,insufficient,,,,0,water_level,False
8748704,water_level,insufficient,,,,1,water_level,False
8748707,water_level,insufficient,,,,1,water_level,False
8748708,water_level,insufficient,,,,0,water_level,False
8748709,water_level,insufficient,,,,1,water_level,False
8748710,water_level,insufficient,,,,0,water_level,False
8748801,water_level,insufficient,,,,1,water_level,False
8748902,water_level,insufficient,,,,0,water_level,False
8752201,water_level,no trend,0.80649594050734,-0.22125000000000009,107.3825,5,water_level,False
8752202,water_level,insufficient,,,,0,water_level,False
8752203,water_level,insufficient,,,,0,water_level,False
8752306,water_level,no trend,0.19908116182657798,0.1098582995951418,98.08691295546558,28,water_level,False
8752307,water_level,insufficient,,,,1,water_level,False
8752308,water_level,insufficient,,,,0,water_level,False
8752309,water_level,insufficient,,,,0,water_level,False
8752310,water_level,insufficient,,,,0,water_level,False
8752311,water_level,insufficient,,,,1,water_level,False
8753101,water_level,insufficient,,,,0,water_level,False
8753104,water_level,insufficient,,,,0,water_level,False
8753105,water_level,insufficient,,,,1,water_level,False
8753204,water_level,no trend,0.7105230229164894,-0.2866666666666703,140.79833333333335,8,water_level,False
8753205,water_level,insufficient,,,,1,water_level,False
8753207,water_level,insufficient,,,,0,water_level,False
8753208,water_level,insufficient,,,,0,water_level,False
8753209,water_level,insufficient,,,,0,water_level,False
8753210,water_level,insufficient,,,,1,water_level,False
8753211,water_level,insufficient,,,,1,water_level,False
8753301,water_level,insufficient,,,,1,water_level,False
8753302,water_level,insufficient,,,,1,water_level,False
8753304,water_level,insufficient,,,,0,water_level,False
8753305,water_level,insufficient,,,,1,water_level,False
8753306,water_level,insufficient,,,,1,water_level,False
8753307,water_level,insufficient,,,,1,water_level,False
8753308,water_level,insufficient,,,,1,water_level,False
8753309,water_level,insufficient,,,,1,water_level,False
8753310,water_level,insufficient,,,,1,water_level,False
8753311,water_level,insufficient,,,,0,water_level,False
8753312,water_level,insufficient,,,,0,water_level,False
8753313,water_level,insufficient,,,,0,water_level,False
8753314,water_level,insufficient,,,,1,water_level,False
8753315,water_level,insufficient,,,,1,water_level,False
8753316,water_level,insufficient,,,,1,water_level,False
8753503,water_level,increasing,9.970267728132143e-05,0.5777272727272731,97.35136363636363,22,water_level,True
8753506,water_level,insufficient,,,,2,water_level,False
8753507,water_level,insufficient,,,,1,water_level,False
8753604,water_level,insufficient,,,,2,water_level,False
8753605,water_level,insufficient,,,,1,water_level,False
8753606,water_level,insufficient,,,,1,water_level,False
8753607,water_level,insufficient,,,,1,water_level,False
8753608,water_level,insufficient,,,,1,water_level,False
8753610,water_level,insufficient,,,,1,water_level,False
8753611,water_level,insufficient,,,,1,water_level,False
8753612,water_level,insufficient,,,,1,water_level,False
8753613,water_level,insufficient,,,,1,water_level,False
8753614,water_level,insufficient,,,,1,water_level,False
8753615,water_level,insufficient,,,,0,water_level,False
8753616,water_level,insufficient,,,,1,water_level,False
8753617,water_level,insufficient,,,,0,water_level,False
8753618,water_level,insufficient,,,,1,water_level,False
8753619,water_level,decreasing,0.017530703373053846,-0.41499999999999915,92.79499999999999,15,water_level,True
8754101,water_level,increasing,0.0041383639950869355,0.664722222222222,113.47166666666666,13,water_level,True
8754104,water_level,no trend,0.25965635637045015,-2.7566666666666655,119.91166666666668,6,water_level,False
8754105,water_level,insufficient,,,,3,water_level,False
8754106,water_level,insufficient,,,,1,water_level,False
8754107,water_level,insufficient,,,,1,water_level,False
8754108,water_level,insufficient,,,,0,water_level,False
8754201,water_level,no trend,0.21291190281150452,0.5399999999999991,108.00999999999999,11,water_level,False
8754202,water_level,insufficient,,,,0,water_level,False
8754203,water_level,insufficient,,,,0,water_level,False
8754204,water_level,insufficient,,,,0,water_level,False
8754301,water_level,increasing,0.028567681801513034,1.5952499999999983,98.529,9,water_level,True
8754302,water_level,insufficient,,,,1,water_level,False
8754303,water_level,insufficient,,,,1,water_level,False
8754304,water_level,insufficient,,,,0,water_level,False
8754305,water_level,insufficient,,,,1,water_level,False
8754401,water_level,insufficient,,,,0,water_level,False
8754402,water_level,insufficient,,,,1,water_level,False
8754403,water_level,insufficient,,,,1,water_level,False
8754404,water_level,insufficient,,,,0,water_level,False
8754501,water_level,increasing,9.803561136934036e-05,0.5024999999999977,91.42500000000003,21,water_level,True
8754502,water_level,increasing,0.01600615515316317,0.38636363636363635,97.31613636363636,14,water_level,True
8754514,water_level,increasing,0.016260936780450264,2.0360000000000014,95.062,7,water_level,True
8754517,water_level,insufficient,,,,1,water_level,False
8754519,water_level,insufficient,,,,0,water_level,False
8754520,water_level,insufficient,,,,0,water_level,False
8754521,water_level,insufficient,,,,0,water_level,False
8754522,water_level,insufficient,,,,0,water_level,False
8754524,water_level,insufficient,,,,0,water_level,False
8754525,water_level,insufficient,,,,0,water_level,False
8754526,water_level,insufficient,,,,1,water_level,False
8754527,water_level,insufficient,,,,1,water_level,False
8754529,water_level,insufficient,,,,1,water_level,False
8754530,water_level,insufficient,,,,0,water_level,False
8754532,water_level,insufficient,,,,1,water_level,False
8754533,water_level,insufficient,,,,0,water_level,False
8754601,water_level,no trend,0.7071142312899612,0.3649999999999949,85.61250000000001,6,water_level,False
8754602,water_level,no trend,0.3081795474670539,-2.1016666666666666,88.8675,4,water_level,False
8754603,water_level,insufficient,,,,1,water_level,False
8754604,water_level,insufficient,,,,1,water_level,False
8754605,water_level,insufficient,,,,1,water_level,False
8754606,water_level,insufficient,,,,1,water_level,False
8754607,water_level,insufficient,,,,0,water_level,False
8754609,water_level,insufficient,,,,1,water_level,False
8754610,water_level,insufficient,,,,0,water_level,False
8754611,water_level,insufficient,,,,1,water_level,False
8754701,water_level,increasing,0.035378171962853644,1.4699999999999989,99.405,6,water_level,True
8754810,water_level,increasing,0.0019316135357636544,0.2374519230769226,95.46430288461538,24,water_level,True
8754820,water_level,no trend,0.46551216987418664,-0.40583333333333194,81.98333333333332,9,water_level,False
8754821,water_level,insufficient,,,,0,water_level,False
8754823,water_level,insufficient,,,,1,water_level,False
8754824,water_level,insufficient,,,,1,water_level,False
8754826,water_level,insufficient,,,,0,water_level,False
8754827,water_level,insufficient,,,,1,water_level,False
8754828,water_level,insufficient,,,,0,water_level,False
8754829,water_level,insufficient,,,,0,water_level,False
8754830,water_level,insufficient,,,,0,water_level,False
8754833,water_level,insufficient,,,,1,water_level,False
8754834,water_level,insufficient,,,,0,water_level,False
8754835,water_level,insufficient,,,,2,water_level,False
8754836,water_level,insufficient,,,,1,water_level,False
8754921,water_level,increasing,0.0003170373965184492,0.7046666666666671,87.31033333333333,18,water_level,True
8754924,water_level,insufficient,,,,1,water_level,False
8754925,water_level,insufficient,,,,1,water_level,False
8754926,water_level,insufficient,,,,1,water_level,False
8754927,water_level,insufficient,,,,1,water_level,False
8754928,water_level,insufficient,,,,1,water_level,False
8754929,water_level,insufficient,,,,0,water_level,False
8754930,water_level,insufficient,,,,0,water_level,False
8754931,water_level,insufficient,,,,0,water_level,False
8754932,water_level,insufficient,,,,0,water_level,False
8754933,water_level,insufficient,,,,1,water_level,False
8754934,water_level,insufficient,,,,1,water_level,False
8754935,water_level,insufficient,,,,0,water_level,False
8754936,water_level,insufficient,,,,1,water_level,False
8754938,water_level,insufficient,,,,0,water_level,False
8754939,water_level,insufficient,,,,1,water_level,False
8754941,water_level,insufficient,,,,1,water_level,False
8754942,water_level,insufficient,,,,1,water_level,False
8754943,water_level,insufficient,,,,1,water_level,False
8754945,water_level,insufficient,,,,1,water_level,False
8754946,water_level,insufficient,,,,1,water_level,False
8754947,water_level,insufficient,,,,2,water_level,False
8754949,water_level,insufficient,,,,0,water_level,False
8755101,water_level,insufficient,,,,0,water_level,False
8755102,water_level,insufficient,,,,0,water_level,False
8755103,water_level,insufficient,,,,1,water_level,False
8755104,water_level,insufficient,,,,1,water_level,False
8755105,water_level,insufficient,,,,0,water_level,False
8755106,water_level,insufficient,,,,0,water_level,False
8755203,water_level,insufficient,,,,2,water_level,False
8755204,water_level,insufficient,,,,0,water_level,False
8755205,water_level,insufficient,,,,0,water_level,False
8755206,water_level,insufficient,,,,0,water_level,False
8755207,water_level,insufficient,,,,0,water_level,False
8755301,water_level,insufficient,,,,1,water_level,False
8755302,water_level,insufficient,,,,0,water_level,False
8755303,water_level,insufficient,,,,0,water_level,False
8755304,water_level,insufficient,,,,0,water_level,False
8755305,water_level,insufficient,,,,0,water_level,False
8755306,water_level,insufficient,,,,0,water_level,False
8755307,water_level,insufficient,,,,1,water_level,False
8755404,water_level,insufficient,,,,2,water_level,False
8755405,water_level,insufficient,,,,1,water_level,False
8755406,water_level,insufficient,,,,0,water_level,False
8755407,water_level,insufficient,,,,0,water_level,False
8755408,water_level,insufficient,,,,1,water_level,False
8755409,water_level,insufficient,,,,1,water_level,False
8755411,water_level,insufficient,,,,0,water_level,False
8755412,water_level,insufficient,,,,0,water_level,False
8755413,water_level,insufficient,,,,0,water_level,False
8755501,water_level,no trend,0.7340951823194757,-6.330000000000001,68.46000000000001,4,water_level,False
8755503,water_level,insufficient,,,,2,water_level,False
8755504,water_level,insufficient,,,,0,water_level,False
8755505,water_level,insufficient,,,,0,water_level,False
8755506,water_level,insufficient,,,,0,water_level,False
8755507,water_level,insufficient,,,,0,water_level,False
8755508,water_level,insufficient,,,,1,water_level,False
8755601,water_level,increasing,0.0016490105363544671,0.9374285714285708,67.15442857142858,20,water_level,True
8755602,water_level,no trend,0.7916993472718743,0.019166666666666998,79.71916666666667,23,water_level,False
8755604,water_level,insufficient,,,,0,water_level,False
8755607,water_level,insufficient,,,,2,water_level,False
8755701,water_level,no trend,0.951766344872981,-0.003749999999999698,80.67124999999999,39,water_level,False
8755703,water_level,insufficient,,,,1,water_level,False
8755704,water_level,insufficient,,,,1,water_level,False
8755705,water_level,insufficient,,,,1,water_level,False
8755707,water_level,insufficient,,,,0,water_level,False
8755708,water_level,insufficient,,,,1,water_level,False
8755801,water_level,increasing,0.016382712385059284,0.15981481481481502,72.56361111111111,40,water_level,True
8755803,water_level,insufficient,,,,0,water_level,False
8755804,water_level,insufficient,,,,0,water_level,False
8755805,water_level,insufficient,,,,0,water_level,False
8755806,water_level,insufficient,,,,1,water_level,False
8755807,water_level,insufficient,,,,0,water_level,False
8755901,water_level,insufficient,,,,0,water_level,False
8755902,water_level,insufficient,,,,0,water_level,False
8755903,water_level,insufficient,,,,1,water_level,False
8755904,water_level,insufficient,,,,0,water_level,False
8755905,water_level,insufficient,,,,0,water_level,False
8755908,water_level,insufficient,,,,0,water_level,False
8755909,water_level,insufficient,,,,1,water_level,False
8755910,water_level,insufficient,,,,0,water_level,False
8755911,water_level,insufficient,,,,0,water_level,False
8755912,water_level,insufficient,,,,0,water_level,False
8756101,water_level,increasing,0.028567681801513034,1.3070000000000008,74.692,9,water_level,True
8756102,water_level,insufficient,,,,1,water_level,False
8756201,water_level,increasing,0.008950040363495892,0.5424999999999986,75.64125,16,water_level,True
8756202,water_level,insufficient,,,,1,water_level,False
8756301,water_level,insufficient,,,,1,water_level,False
8756302,water_level,insufficient,,,,0,water_level,False
8756401,water_level,insufficient,,,,1,water_level,False
8756402,water_level,insufficient,,,,1,water_level,False
8756403,water_level,insufficient,,,,2,water_level,False
8756404,water_level,insufficient,,,,1,water_level,False
8756405,water_level,insufficient,,,,0,water_level,False
8756406,water_level,insufficient,,,,0,water_level,False
8756407,water_level,insufficient,,,,1,water_level,False
8756501,water_level,increasing,9.650324455634518e-05,0.3949999999999996,75.72500000000001,27,water_level,True
8756502,water_level,insufficient,,,,1,water_level,False
8756504,water_level,insufficient,,,,1,water_level,False
8756601,water_level,insufficient,,,,1,water_level,False
8756602,water_level,insufficient,,,,1,water_level,False
8756603,water_level,insufficient,,,,1,water_level,False
8756604,water_level,no trend,1.0,0.0,61.72,14,water_level,False
8756701,water_level,increasing,0.00029983436714919875,0.44767391304347814,69.43640217391304,28,water_level,True
8756702,water_level,insufficient,,,,0,water_level,False
8756703,water_level,insufficient,,,,0,water_level,False
8756704,water_level,insufficient,,,,0,water_level,False
8756705,water_level,insufficient,,,,0,water_level,False
8756801,water_level,insufficient,,,,0,water_level,False
8756802,water_level,insufficient,,,,0,water_level,False
8756901,water_level,no trend,0.21291190281150452,0.5299999999999999,54.33,11,water_level,False
8762301,water_level,increasing,0.00046286690086172477,2.292484848484848,36.56012121212122,17,water_level,True
8762302,water_level,insufficient,,,,1,water_level,False
8762304,water_level,insufficient,,,,1,water_level,False
8763101,water_level,no trend,0.07363827012030266,2.375,61.4375,10,water_level,False
8763102,water_level,increasing,0.0018965500785086409,0.5342857142857136,81.57357142857144,18,water_level,True
8763104,water_level,insufficient,,,,1,water_level,False
8763105,water_level,insufficient,,,,1,water_level,False
8763107,water_level,insufficient,,,,1,water_level,False
8763108,water_level,insufficient,,,,0,water_level,False
8763109,water_level,insufficient,,,,0,water_level,False
8763110,water_level,insufficient,,,,0,water_level,False
8763113,water_level,insufficient,,,,0,water_level,False
8763114,water_level,insufficient,,,,1,water_level,False
8763115,water_level,insufficient,,,,0,water_level,False
8763116,water_level,insufficient,,,,0,water_level,False
8763201,water_level,insufficient,,,,1,water_level,False
8763206,water_level,insufficient,,,,1,water_level,False
8763208,water_level,insufficient,,,,1,water_level,False
8763209,water_level,insufficient,,,,0,water_level,False
8763211,water_level,insufficient,,,,0,water_level,False
8763301,water_level,increasing,0.01910134006807529,0.3116964285714292,73.28227678571429,16,water_level,True
8763304,water_level,insufficient,,,,0,water_level,False
8763305,water_level,insufficient,,,,0,water_level,False
8763306,water_level,insufficient,,,,0,water_level,False
8763307,water_level,insufficient,,,,0,water_level,False
8763308,water_level,insufficient,,,,0,water_level,False
8763503,water_level,increasing,0.0019236587716895404,0.4600000000000001,69.78500000000001,22,water_level,True
8763601,water_level,increasing,0.0010732427143262946,0.3004999999999992,63.44400000000001,25,water_level,True
8763602,water_level,insufficient,,,,0,water_level,False
8763603,water_level,insufficient,,,,1,water_level,False
8763604,water_level,insufficient,,,,1,water_level,False
8764101,water_level,no trend,0.10256874492124246,0.24479166666666669,66.91291666666667,29,water_level,False
8764104,water_level,insufficient,,,,1,water_level,False
8764201,water_level,increasing,0.00031879975807957983,1.303809523809524,52.917142857142856,13,water_level,True
8764203,water_level,insufficient,,,,0,water_level,False
8764204,water_level,insufficient,,,,1,water_level,False
8764205,water_level,insufficient,,,,1,water_level,False
8764303,water_level,insufficient,,,,0,water_level,False
8764402,water_level,insufficient,,,,0,water_level,False
8764403,water_level,insufficient,,,,1,water_level,False
8764404,water_level,insufficient,,,,0,water_level,False
8764405,water_level,increasing,5.3429592893561306e-05,0.29777777777777775,60.18666666666667,43,water_level,True
8764504,water_level,insufficient,,,,1,water_level,False
8764507,water_level,insufficient,,,,1,water_level,False
8764509,water_level,insufficient,,,,0,water_level,False
8764511,water_level,insufficient,,,,1,water_level,False
8764512,water_level,insufficient,,,,1,water_level,False
8764601,water_level,insufficient,,,,1,water_level,False
8764604,water_level,insufficient,,,,2,water_level,False
8764607,water_level,insufficient,,,,1,water_level,False
8764610,water_level,insufficient,,,,0,water_level,False
8764611,water_level,insufficient,,,,0,water_level,False
8825501,water_level,insufficient,,,,1,water_level,False
8825502,water_level,insufficient,,,,1,water_level,False
8825701,water_level,insufficient,,,,0,water_level,False
8825702,water_level,insufficient,,,,0,water_level,False
8826501,water_level,insufficient,,,,1,water_level,False
8826502,water_level,insufficient,,,,1,water_level,False
8826602,water_level,insufficient,,,,1,water_level,False
8826702,water_level,insufficient,,,,1,water_level,False
8826703,water_level,insufficient,,,,1,water_level,False
8826801,water_level,insufficient,,,,1,water_level,False
8826901,water_level,insufficient,,,,1,water_level,False
8826904,water_level,insufficient,,,,0,water_level,False
8827502,water_level,insufficient,,,,1,water_level,False
8827701,water_level,insufficient,,,,0,water_level,False
8827801,water_level,no trend,0.22067136191984682,34.39,-46.480000000000004,5,water_level,False
8827901,water_level,insufficient,,,,0,water_level,False
8833101,water_level,insufficient,,,,1,water_level,False
8833102,water_level,insufficient,,,,1,water_level,False
8833302,water_level,insufficient,,,,1,water_level,False
8833402,water_level,insufficient,,,,1,water_level,False
8833501,water_level,insufficient,,,,0,water_level,False
8833601,water_level,insufficient,,,,0,water_level,False
8833602,water_level,insufficient,,,,0,water_level,False
8833701,water_level,insufficient,,,,0,water_level,False
8833702,water_level,insufficient,,,,1,water_level,False
8833705,water_level,insufficient,,,,0,water_level,False
8833706,water_level,insufficient,,,,0,water_level,False
8833801,water_level,insufficient,,,,0,water_level,False
8833802,water_level,insufficient,,,,0,water_level,False
8833803,water_level,insufficient,,,,0,water_level,False
8833804,water_level,insufficient,,,,0,water_level,False
8833901,water_level,insufficient,,,,1,water_level,False
8833902,water_level,insufficient,,,,0,water_level,False
8834101,water_level,decreasing,1.3736345394477212e-11,-1.8352631578947372,75.50052631578947,43,water_level,True
8834102,water_level,no trend,0.3913525496464003,-0.020000000000000462,35.875,16,water_level,False
8834104,water_level,insufficient,,,,2,water_level,False
8834105,water_level,insufficient,,,,0,water_level,False
8834106,water_level,insufficient,,,,0,water_level,False
8834301,water_level,no trend,0.8580276569875211,0.15222222222222234,3.8899999999999997,10,water_level,False
8834401,water_level,insufficient,,,,0,water_level,False
8834501,water_level,insufficient,,,,0,water_level,False
8834502,water_level,insufficient,,,,1,water_level,False
8834601,water_level,decreasing,0.0008284599809949,-0.40249999999999986,47.956250000000004,46,water_level,True
8834701,water_level,insufficient,,,,0,water_level,False
8834702,water_level,insufficient,,,,0,water_level,False
8834704,water_level,insufficient,,,,0,water_level,False
8834801,water_level,insufficient,,,,0,water_level,False
8835201,water_level,insufficient,,,,2,water_level,False
8835601,water_level,insufficient,,,,1,water_level,False
8835801,water_level,insufficient,,,,3,water_level,False
8836102,water_level,insufficient,,,,1,water_level,False
8836404,water_level,insufficient,,,,1,water_level,False
8836701,water_level,insufficient,,,,1,water_level,False
8841101,water_level,insufficient,,,,1,water_level,False
8841201,water_level,insufficient,,,,0,water_level,False
8841202,water_level,insufficient,,,,1,water_level,False
8841203,water_level,insufficient,,,,0,water_level,False
8841204,water_level,insufficient,,,,0,water_level,False
8841301,water_level,insufficient,,,,0,water_level,False
8841302,water_level,insufficient,,,,0,water_level,False
8841303,water_level,insufficient,,,,0,water_level,False
8841304,water_level,insufficient,,,,0,water_level,False
8841305,water_level,insufficient,,,,0,water_level,False
8841307,water_level,insufficient,,,,0,water_level,False
8841402,water_level,insufficient,,,,0,water_level,False
8841403,water_level,insufficient,,,,0,water_level,False
8841501,water_level,insufficient,,,,0,water_level,False
8841502,water_level,insufficient,,,,0,water_level,False
8841503,water_level,insufficient,,,,1,water_level,False
8841504,water_level,insufficient,,,,0,water_level,False
8841601,water_level,insufficient,,,,1,water_level,False
8841701,water_level,insufficient,,,,0,water_level,False
8841802,water_level,insufficient,,,,1,water_level,False
8841803,water_level,insufficient,,,,0,water_level,False
8841901,water_level,insufficient,,,,0,water_level,False
8841902,water_level,insufficient,,,,1,water_level,False
8841903,water_level,insufficient,,,,0,water_level,False
8842101,water_level,insufficient,,,,0,water_level,False
8842102,water_level,insufficient,,,,0,water_level,False
8842103,water_level,insufficient,,,,1,water_level,False
8842104,water_level,insufficient,,,,0,water_level,False
8842105,water_level,insufficient,,,,0,water_level,False
8842201,water_level,insufficient,,,,3,water_level,False
8842203,water_level,insufficient,,,,0,water_level,False
8842204,water_level,insufficient,,,,0,water_level,False
8842207,water_level,insufficient,,,,0,water_level,False
8842401,water_level,no trend,0.052861148438496874,0.2758333333333331,33.473333333333336,17,water_level,False
8842402,water_level,no trend,0.3081795474670539,6.561666666666666,24.952500000000004,4,water_level,False
8842403,water_level,insufficient,,,,0,water_level,False
8842501,water_level,insufficient,,,,3,water_level,False
8842504,water_level,insufficient,,,,0,water_level,False
8842505,water_level,insufficient,,,,0,water_level,False
8842507,water_level,insufficient,,,,0,water_level,False
8842508,water_level,insufficient,,,,1,water_level,False
8842601,water_level,no trend,0.3081795474670539,3.1958333333333337,28.51625,4,water_level,False
8842602,water_level,insufficient,,,,0,water_level,False
8842603,water_level,insufficient,,,,0,water_level,False
8842604,water_level,insufficient,,,,0,water_level,False
8842605,water_level,insufficient,,,,0,water_level,False
8842606,water_level,insufficient,,,,0,water_level,False
8842801,water_level,insufficient,,,,1,water_level,False
8842901,water_level,no trend,0.7340951823194757,0.5449999999999999,29.1925,4,water_level,False
8842903,water_level,insufficient,,,,0,water_level,False
8842906,water_level,insufficient,,,,0,water_level,False
8843101,water_level,insufficient,,,,0,water_level,False
8843201,water_level,insufficient,,,,0,water_level,False
8843401,water_level,insufficient,,,,1,water_level,False
8843901,water_level,insufficient,,,,0,water_level,False
8843902,water_level,insufficient,,,,0,water_level,False
8844201,water_level,insufficient,,,,1,water_level,False
8844202,water_level,insufficient,,,,1,water_level,False
8844203,water_level,no trend,0.8580276569875211,-0.15499999999999994,6.6925,10,water_level,False
8845701,water_level,insufficient,,,,1,water_level,False
8849101,water_level,insufficient,,,,0,water_level,False
8849201,water_level,insufficient,,,,0,water_level,False
8849304,water_level,insufficient,,,,0,water_level,False
8849401,water_level,insufficient,,,,1,water_level,False
8849402,water_level,insufficient,,,,1,water_level,False
8849403,water_level,insufficient,,,,0,water_level,False
8849404,water_level,insufficient,,,,0,water_level,False
8849405,water_level,insufficient,,,,2,water_level,False
8849406,water_level,insufficient,,,,1,water_level,False
8849501,water_level,insufficient,,,,0,water_level,False
8849502,water_level,insufficient,,,,1,water_level,False
8849503,water_level,insufficient,,,,0,water_level,False
8849601,water_level,no trend,0.1735462217878534,0.2116666666666666,49.27916666666666,8,water_level,False
8849603,water_level,insufficient,,,,0,water_level,False
8849604,water_level,insufficient,,,,1,water_level,False
8849605,water_level,insufficient,,,,0,water_level,False
8849701,water_level,increasing,3.141766240499777e-07,0.6212499999999992,53.80500000000001,25,water_level,True
8849702,water_level,insufficient,,,,1,water_level,False
8849705,water_level,insufficient,,,,1,water_level,False
8849707,water_level,insufficient,,,,1,water_level,False
8849708,water_level,insufficient,,,,0,water_level,False
8849709,water_level,insufficient,,,,0,water_level,False
8849802,water_level,insufficient,,,,1,water_level,False
8849803,water_level,insufficient,,,,0,water_level,False
8849901,water_level,insufficient,,,,0,water_level,False
8849902,water_level,insufficient,,,,1,water_level,False
8849904,water_level,insufficient,,,,1,water_level,False
8849905,water_level,insufficient,,,,1,water_level,False
8850101,water_level,insufficient,,,,2,water_level,False
8850201,water_level,insufficient,,,,1,water_level,False
8850202,water_level,insufficient,,,,1,water_level,False
8850301,water_level,no trend,0.22547929744791606,0.14125000000000032,33.659375,18,water_level,False
8850303,water_level,insufficient,,,,0,water_level,False
8850305,water_level,insufficient,,,,1,water_level,False
8850401,water_level,no trend,0.344417522979072,0.16000000000000014,44.995,16,water_level,False
8850402,water_level,no trend,0.80649594050734,1.0874999999999986,45.595000000000006,5,water_level,False
8850403,water_level,insufficient,,,,1,water_level,False
8850404,water_level,insufficient,,,,1,water_level,False
8850501,water_level,insufficient,,,,1,water_level,False
8850502,water_level,insufficient,,,,1,water_level,False
8850503,water_level,insufficient,,,,1,water_level,False
8850601,water_level,insufficient,,,,0,water_level,False
8850701,water_level,insufficient,,,,1,water_level,False
8850702,water_level,insufficient,,,,0,water_level,False
8850704,water_level,insufficient,,,,0,water_level,False
8850705,water_level,insufficient,,,,1,water_level,False
8850801,water_level,insufficient,,,,1,water_level,False
8850802,water_level,insufficient,,,,1,water_level,False
8850803,water_level,insufficient,,,,1,water_level,False
8850804,water_level,insufficient,,,,1,water_level,False
8850805,water_level,insufficient,,,,1,water_level,False
8850806,water_level,insufficient,,,,1,water_level,False
8850807,water_level,insufficient,,,,0,water_level,False
8850808,water_level,insufficient,,,,0,water_level,False
8850809,water_level,insufficient,,,,0,water_level,False
8850811,water_level,insufficient,,,,2,water_level,False
8850812,water_level,insufficient,,,,0,water_level,False
8850813,water_level,insufficient,,,,1,water_level,False
8850901,water_level,no trend,0.4624327264504764,2.1925000000000003,22.005,5,water_level,False
8850902,water_level,no trend,0.8365263661204168,0.022956521739130396,31.128608695652172,29,water_level,False
8850904,water_level,insufficient,,,,0,water_level,False
8850905,water_level,insufficient,,,,0,water_level,False
8851101,water_level,insufficient,,,,1,water_level,False
8851102,water_level,insufficient,,,,1,water_level,False
8851201,water_level,insufficient,,,,1,water_level,False
8851502,water_level,insufficient,,,,0,water_level,False
8851503,water_level,insufficient,,,,0,water_level,False
8851701,water_level,insufficient,,,,0,water_level,False
8851702,water_level,insufficient,,,,0,water_level,False
8851704,water_level,insufficient,,,,0,water_level,False
8851705,water_level,insufficient,,,,1,water_level,False
8851801,water_level,no trend,0.08942935902899363,-2.2166666666666677,24.71,4,water_level,False
8851802,water_level,insufficient,,,,1,water_level,False
8851803,water_level,insufficient,,,,1,water_level,False
8851901,water_level,insufficient,,,,1,water_level,False
8851907,water_level,insufficient,,,,1,water_level,False
8851908,water_level,insufficient,,,,1,water_level,False
8851909,water_level,insufficient,,,,1,water_level,False
8851910,water_level,insufficient,,,,1,water_level,False
8851912,water_level,insufficient,,,,0,water_level,False
8851913,water_level,insufficient,,,,1,water_level,False
8852701,water_level,increasing,0.0034481439971858485,0.20928571428571408,21.94571428571429,17,water_level,True
8852702,water_level,no trend,1.0,0.5299999999999995,16.95,4,water_level,False
8852704,water_level,insufficient,,,,1,water_level,False
8852901,water_level,insufficient,,,,2,water_level,False
8852903,water_level,insufficient,,,,0,water_level,False
8855801,water_level,insufficient,,,,1,water_level,False
8855802,water_level,insufficient,,,,1,water_level,False
8857101,water_level,increasing,0.0012229573327571241,1.502619047619048,39.824285714285715,13,water_level,True
8857102,water_level,insufficient,,,,2,water_level,False
8857104,water_level,no trend,0.22955621387891956,1.9675000000000011,34.027499999999996,7,water_level,False
8857108,water_level,insufficient,,,,1,water_level,False
8857110,water_level,insufficient,,,,1,water_level,False
8857112,water_level,insufficient,,,,1,water_level,False
8857113,water_level,insufficient,,,,1,water_level,False
8857114,water_level,insufficient,,,,0,water_level,False
8857115,water_level,insufficient,,,,0,water_level,False
8857116,water_level,insufficient,,,,0,water_level,False
8857117,water_level,insufficient,,,,1,water_level,False
8857118,water_level,insufficient,,,,1,water_level,False
8857201,water_level,no trend,0.25965635637045015,-0.9200000000000017,35.050000000000004,6,water_level,False
8857202,water_level,insufficient,,,,2,water_level,False
8857205,water_level,insufficient,,,,1,water_level,False
8857206,water_level,insufficient,,,,1,water_level,False
8857207,water_level,insufficient,,,,0,water_level,False
8857208,water_level,insufficient,,,,0,water_level,False
8857209,water_level,insufficient,,,,1,water_level,False
8857301,water_level,increasing,2.1422197349352246e-11,0.33699095022624426,37.87027149321267,61,water_level,True
8857304,water_level,insufficient,,,,1,water_level,False
8857305,water_level,insufficient,,,,0,water_level,False
8857306,water_level,insufficient,,,,0,water_level,False
8857307,water_level,insufficient,,,,0,water_level,False
8857308,water_level,insufficient,,,,1,water_level,False
8857309,water_level,insufficient,,,,0,water_level,False
8857311,water_level,insufficient,,,,0,water_level,False
8857402,water_level,increasing,0.0050693095567015956,2.949999999999998,16.635000000000012,11,water_level,True
8857405,water_level,insufficient,,,,0,water_level,False
8857407,water_level,insufficient,,,,0,water_level,False
8857408,water_level,insufficient,,,,0,water_level,False
8857409,water_level,insufficient,,,,1,water_level,False
8857501,water_level,insufficient,,,,1,water_level,False
8857503,water_level,insufficient,,,,2,water_level,False
8857505,water_level,insufficient,,,,1,water_level,False
8857506,water_level,insufficient,,,,2,water_level,False
8857601,water_level,no trend,0.3081795474670539,10.479999999999999,7.375,4,water_level,False
8857604,water_level,insufficient,,,,1,water_level,False
8857605,water_level,insufficient,,,,0,water_level,False
8857606,water_level,insufficient,,,,0,water_level,False
8857607,water_level,insufficient,,,,1,water_level,False
8858101,water_level,increasing,2.3098294277268394e-07,0.1678474903474904,43.823499034749034,60,water_level,True
8858103,water_level,increasing,0.0007234396098074747,0.7624999999999993,37.39250000000001,23,water_level,True
8858104,water_level,insufficient,,,,1,water_level,False
8858105,water_level,insufficient,,,,0,water_level,False
8858106,water_level,insufficient,,,,0,water_level,False
8858107,water_level,insufficient,,,,1,water_level,False
8858109,water_level,insufficient,,,,0,water_level,False
8858201,water_level,no trend,0.4624327264504764,2.095833333333333,27.708333333333332,5,water_level,False
8858202,water_level,increasing,0.0027949345698872197,0.8237500000000002,38.857499999999995,13,water_level,True
8858204,water_level,insufficient,,,,1,water_level,False
8858205,water_level,insufficient,,,,2,water_level,False
8858206,water_level,insufficient,,,,0,water_level,False
8858208,water_level,insufficient,,,,1,water_level,False
8858210,water_level,insufficient,,,,2,water_level,False
8858211,water_level,insufficient,,,,1,water_level,False
8858214,water_level,insufficient,,,,1,water_level,False
8858215,water_level,insufficient,,,,0,water_level,False
8858216,water_level,insufficient,,,,0,water_level,False
8858217,water_level,insufficient,,,,1,water_level,False
8858218,water_level,insufficient,,,,0,water_level,False
8858219,water_level,insufficient,,,,0,water_level,False
8858221,water_level,insufficient,,,,0,water_level,False
8858222,water_level,insufficient,,,,1,water_level,False
8858223,water_level,insufficient,,,,0,water_level,False
8858301,water_level,insufficient,,,,3,water_level,False
8858302,water_level,no trend,0.6533046167735679,-0.006774193548387124,40.31354838709678,67,water_level,False
8858303,water_level,insufficient,,,,2,water_level,False
8858304,water_level,insufficient,,,,0,water_level,False
8858306,water_level,insufficient,,,,1,water_level,False
8858311,water_level,insufficient,,,,1,water_level,False
8858312,water_level,insufficient,,,,2,water_level,False
8858313,water_level,insufficient,,,,2,water_level,False
8858314,water_level,insufficient,,,,2,water_level,False
8858401,water_level,insufficient,,,,2,water_level,False
8858402,water_level,no trend,0.17292313780680457,0.05521222410865868,46.37363327674024,61,water_level,False
8858403,water_level,insufficient,,,,1,water_level,False
8858404,water_level,insufficient,,,,1,water_level,False
8858405,water_level,insufficient,,,,1,water_level,False
8858406,water_level,insufficient,,,,1,water_level,False
8858407,water_level,insufficient,,,,1,water_level,False
8858408,water_level,insufficient,,,,2,water_level,False
8858409,water_level,insufficient,,,,1,water_level,False
8858410,water_level,insufficient,,,,1,water_level,False
8858411,water_level,insufficient,,,,1,water_level,False
8858413,water_level,insufficient,,,,0,water_level,False
8858501,water_level,insufficient,,,,1,water_level,False
8858502,water_level,no trend,0.6840145915595695,0.010799999999999983,46.958099999999995,62,water_level,False
8858503,water_level,insufficient,,,,1,water_level,False
8858504,water_level,insufficient,,,,0,water_level,False
8858506,water_level,insufficient,,,,0,water_level,False
8858507,water_level,insufficient,,,,1,water_level,False
8858508,water_level,insufficient,,,,1,water_level,False
8858509,water_level,insufficient,,,,0,water_level,False
8858510,water_level,insufficient,,,,1,water_level,False
8858606,water_level,no trend,0.37109336952269745,0.6839999999999996,30.502,10,water_level,False
8858607,water_level,insufficient,,,,0,water_level,False
8858608,water_level,insufficient,,,,1,water_level,False
8858610,water_level,insufficient,,,,1,water_level,False
8858611,water_level,insufficient,,,,1,water_level,False
8858612,water_level,insufficient,,,,1,water_level,False
8858613,water_level,insufficient,,,,1,water_level,False
8858615,water_level,insufficient,,,,0,water_level,False
8858618,water_level,insufficient,,,,0,water_level,False
8858901,water_level,insufficient,,,,1,water_level,False
8858902,water_level,insufficient,,,,1,water_level,False
8859101,water_level,no trend,0.344417522979072,0.2674166666666672,30.119374999999998,16,water_level,False
8859102,water_level,no trend,0.5840703669455065,-0.1019999999999996,35.587999999999994,14,water_level,False
8859103,water_level,insufficient,,,,0,water_level,False
8859105,water_level,insufficient,,,,1,water_level,False
8859107,water_level,insufficient,,,,1,water_level,False
8859110,water_level,insufficient,,,,0,water_level,False
8859111,water_level,insufficient,,,,1,water_level,False
8859113,water_level,insufficient,,,,0,water_level,False
8859114,water_level,insufficient,,,,0,water_level,False
8859116,water_level,insufficient,,,,0,water_level,False
8859117,water_level,insufficient,,,,0,water_level,False
8859118,water_level,insufficient,,,,0,water_level,False
8859201,water_level,no trend,0.7340951823194757,2.7274999999999996,26.983750000000004,4,water_level,False
8859202,water_level,no trend,0.228439808988675,0.3700000000000003,29.864999999999995,14,water_level,False
8859205,water_level,insufficient,,,,1,water_level,False
8859206,water_level,insufficient,,,,0,water_level,False
8859208,water_level,insufficient,,,,1,water_level,False
8859209,water_level,insufficient,,,,1,water_level,False
8859211,water_level,insufficient,,,,2,water_level,False
8859212,water_level,insufficient,,,,1,water_level,False
8859215,water_level,insufficient,,,,0,water_level,False
8859218,water_level,insufficient,,,,0,water_level,False
8859219,water_level,insufficient,,,,1,water_level,False
8859301,water_level,insufficient,,,,1,water_level,False
8859302,water_level,insufficient,,,,1,water_level,False
8859306,water_level,insufficient,,,,0,water_level,False
8859307,water_level,insufficient,,,,1,water_level,False
8859311,water_level,insufficient,,,,1,water_level,False
8859313,water_level,insufficient,,,,1,water_level,False
8859315,water_level,insufficient,,,,1,water_level,False
8859316,water_level,insufficient,,,,1,water_level,False
8859317,water_level,insufficient,,,,0,water_level,False
8859401,water_level,increasing,5.823327111786902e-05,0.38027777777777794,37.41722222222222,21,water_level,True
8859402,water_level,insufficient,,,,1,water_level,False
8859403,water_level,insufficient,,,,1,water_level,False
8859404,water_level,insufficient,,,,1,water_level,False
8859411,water_level,insufficient,,,,1,water_level,False
8859412,water_level,insufficient,,,,1,water_level,False
8859413,water_level,insufficient,,,,1,water_level,False
8859414,water_level,insufficient,,,,0,water_level,False
8859415,water_level,insufficient,,,,0,water_level,False
8859501,water_level,insufficient,,,,2,water_level,False
8859502,water_level,increasing,4.1363520666415354e-05,0.5199999999999996,27.92000000000001,26,water_level,True
8859503,water_level,insufficient,,,,1,water_level,False
8859504,water_level,insufficient,,,,1,water_level,False
8859509,water_level,insufficient,,,,1,water_level,False
8859510,water_level,insufficient,,,,1,water_level,False
8859511,water_level,insufficient,,,,1,water_level,False
8859513,water_level,insufficient,,,,0,water_level,False
8859601,water_level,insufficient,,,,2,water_level,False
8859603,water_level,insufficient,,,,1,water_level,False
8859604,water_level,insufficient,,,,2,water_level,False
8859605,water_level,insufficient,,,,1,water_level,False
8859607,water_level,insufficient,,,,1,water_level,False
8859702,water_level,insufficient,,,,1,water_level,False
8859703,water_level,insufficient,,,,1,water_level,False
8859802,water_level,insufficient,,,,2,water_level,False
8859803,water_level,insufficient,,,,1,water_level,False
8859806,water_level,insufficient,,,,1,water_level,False
8859807,water_level,insufficient,,,,1,water_level,False
8859901,water_level,insufficient,,,,3,water_level,False
8859902,water_level,insufficient,,,,1,water_level,False
8859903,water_level,insufficient,,,,2,water_level,False
8859904,water_level,insufficient,,,,1,water_level,False
8859905,water_level,insufficient,,,,1,water_level,False
8859906,water_level,insufficient,,,,1,water_level,False
8859907,water_level,insufficient,,,,1,water_level,False
8859908,water_level,insufficient,,,,1,water_level,False
8859909,water_level,insufficient,,,,1,water_level,False
8859910,water_level,insufficient,,,,1,water_level,False
8859912,water_level,insufficient,,,,0,water_level,False
8859914,water_level,insufficient,,,,1,water_level,False
8859915,water_level,insufficient,,,,1,water_level,False
8859916,water_level,insufficient,,,,2,water_level,False
8859917,water_level,insufficient,,,,1,water_level,False
8859918,water_level,insufficient,,,,1,water_level,False
8860101,water_level,decreasing,5.22932595004022e-07,-0.2176666666666667,26.707666666666668,63,water_level,True
8860103,water_level,insufficient,,,,0,water_level,False
8860104,water_level,insufficient,,,,0,water_level,False
8860105,water_level,insufficient,,,,1,water_level,False
8860201,water_level,insufficient,,,,0,water_level,False
8860401,water_level,no trend,0.13285495573105366,1.4800000000000004,23.129999999999995,6,water_level,False
8860404,water_level,insufficient,,,,1,water_level,False
8860406,water_level,insufficient,,,,1,water_level,False
8860407,water_level,insufficient,,,,1,water_level,False
8860408,water_level,insufficient,,,,1,water_level,False
8860410,water_level,insufficient,,,,1,water_level,False
8860412,water_level,insufficient,,,,1,water_level,False
8860413,water_level,insufficient,,,,1,water_level,False
8860415,water_level,no trend,0.37269149047151817,-0.16642857142857082,-7.637142857142861,12,water_level,False
8860501,water_level,insufficient,,,,2,water_level,False
8860502,water_level,insufficient,,,,1,water_level,False
8860503,water_level,insufficient,,,,1,water_level,False
8860504,water_level,insufficient,,,,0,water_level,False
8860505,water_level,insufficient,,,,1,water_level,False
8860506,water_level,insufficient,,,,1,water_level,False
8860507,water_level,insufficient,,,,0,water_level,False
8860508,water_level,insufficient,,,,1,water_level,False
8860512,water_level,insufficient,,,,1,water_level,False
8860514,water_level,insufficient,,,,1,water_level,False
8860515,water_level,insufficient,,,,1,water_level,False
8860516,water_level,insufficient,,,,1,water_level,False
8860517,water_level,insufficient,,,,1,water_level,False
8860518,water_level,insufficient,,,,1,water_level,False
8860519,water_level,insufficient,,,,1,water_level,False
8860520,water_level,insufficient,,,,1,water_level,False
8860521,water_level,insufficient,,,,1,water_level,False
8860701,water_level,increasing,0.013860537013784313,0.19090909090909103,21.3,34,water_level,True
8860702,water_level,no trend,0.4624327264504764,2.127083333333333,16.075833333333332,5,water_level,False
8860703,water_level,insufficient,,,,1,water_level,False
8860706,water_level,insufficient,,,,1,water_level,False
8860707,water_level,insufficient,,,,1,water_level,False
8860708,water_level,insufficient,,,,2,water_level,False
8860714,water_level,insufficient,,,,1,water_level,False
8860720,water_level,insufficient,,,,0,water_level,False
8860723,water_level,insufficient,,,,1,water_level,False
8860724,water_level,insufficient,,,,1,water_level,False
8860725,water_level,insufficient,,,,1,water_level,False
8860726,water_level,insufficient,,,,1,water_level,False
8860802,water_level,insufficient,,,,1,water_level,False
8860804,water_level,insufficient,,,,1,water_level,False
8860808,water_level,insufficient,,,,1,water_level,False
8860811,water_level,insufficient,,,,3,water_level,False
8860812,water_level,no trend,0.06410357671243583,-0.8156249999999998,-6.0190625,12,water_level,False
8860813,water_level,insufficient,,,,1,water_level,False
8860814,water_level,insufficient,,,,1,water_level,False
8860815,water_level,insufficient,,,,1,water_level,False
8860901,water_level,insufficient,,,,1,water_level,False
8861401,water_level,insufficient,,,,0,water_level,False
8861701,water_level,insufficient,,,,1,water_level,False
8863301,water_level,insufficient,,,,1,water_level,False
8863601,water_level,insufficient,,,,1,water_level,False
8904101,water_level,increasing,0.0004108104911424437,0.6570384615384616,18.109615384615385,21,water_level,True
8904102,water_level,insufficient,,,,1,water_level,False
8904103,water_level,insufficient,,,,1,water_level,False
8904104,water_level,insufficient,,,,0,water_level,False
8904105,water_level,insufficient,,,,1,water_level,False
8904106,water_level,insufficient,,,,1,water_level,False
8904107,water_level,insufficient,,,,1,water_level,False
8904108,water_level,insufficient,,,,1,water_level,False
8904109,water_level,insufficient,,,,1,water_level,False
8904110,water_level,insufficient,,,,1,water_level,False
8904111,water_level,insufficient,,,,1,water_level,False
8904112,water_level,insufficient,,,,1,water_level,False
8904113,water_level,insufficient,,,,1,water_level,False
8904114,water_level,insufficient,,,,0,water_level,False
8904117,water_level,insufficient,,,,0,water_level,False
8904118,water_level,insufficient,,,,1,water_level,False
8904119,water_level,insufficient,,,,1,water_level,False
8904201,water_level,insufficient,,,,1,water_level,False
8904203,water_level,insufficient,,,,0,water_level,False
8904204,water_level,insufficient,,,,1,water_level,False
8904207,water_level,insufficient,,,,1,water_level,False
8904208,water_level,insufficient,,,,1,water_level,False
8904209,water_level,insufficient,,,,3,water_level,False
8904301,water_level,insufficient,,,,2,water_level,False
8904302,water_level,insufficient,,,,1,water_level,False
8904303,water_level,insufficient,,,,1,water_level,False
8904307,water_level,insufficient,,,,0,water_level,False
8904308,water_level,insufficient,,,,3,water_level,False
8904309,water_level,no trend,0.08942935902899363,-0.5383333333333322,21.817499999999995,4,water_level,False
8904310,water_level,insufficient,,,,1,water_level,False
8904312,water_level,insufficient,,,,1,water_level,False
8904314,water_level,insufficient,,,,0,water_level,False
8904501,water_level,insufficient,,,,1,water_level,False
8904502,water_level,insufficient,,,,1,water_level,False
8904503,water_level,insufficient,,,,1,water_level,False
8904506,water_level,insufficient,,,,1,water_level,False
8904507,water_level,insufficient,,,,1,water_level,False
8904508,water_level,insufficient,,,,1,water_level,False
8904510,water_level,insufficient,,,,2,water_level,False
8904601,water_level,insufficient,,,,3,water_level,False
8904602,water_level,no trend,0.29920414205353296,-0.03181818181818195,20.50909090909091,55,water_level,False
8904603,water_level,insufficient,,,,3,water_level,False
8904605,water_level,insufficient,,,,1,water_level,False
8904606,water_level,insufficient,,,,1,water_level,False
8904607,water_level,insufficient,,,,0,water_level,False
8904608,water_level,insufficient,,,,1,water_level,False
8904609,water_level,insufficient,,,,1,water_level,False
8904610,water_level,insufficient,,,,1,water_level,False
8904611,water_level,insufficient,,,,1,water_level,False
8904612,water_level,insufficient,,,,1,water_level,False
8904613,water_level,insufficient,,,,1,water_level,False
8904614,water_level,insufficient,,,,1,water_level,False
8904615,water_level,insufficient,,,,1,water_level,False
8904616,water_level,insufficient,,,,3,water_level,False
8904617,water_level,insufficient,,,,1,water_level,False
8904618,water_level,insufficient,,,,1,water_level,False
8904620,water_level,insufficient,,,,0,water_level,False
8904622,water_level,insufficient,,,,0,water_level,False
8904624,water_level,insufficient,,,,1,water_level,False
8904625,water_level,insufficient,,,,1,water_level,False
8904628,water_level,insufficient,,,,2,water_level,False
8904629,water_level,insufficient,,,,1,water_level,False
8904630,water_level,insufficient,,,,1,water_level,False
8904633,water_level,insufficient,,,,1,water_level,False
8904634,water_level,insufficient,,,,1,water_level,False
8904635,water_level,insufficient,,,,1,water_level,False
8904638,water_level,insufficient,,,,1,water_level,False
8904902,water_level,no trend,0.7071142312899612,-0.1566666666666663,8.076666666666666,6,water_level,False
8904905,water_level,insufficient,,,,1,water_level,False
8905102,water_level,insufficient,,,,1,water_level,False
8905401,water_level,insufficient,,,,1,water_level,False
8905404,water_level,increasing,0.009374768459434968,0.5281250000000004,17.214062499999997,8,water_level,True
8905405,water_level,insufficient,,,,1,water_level,False
8905407,water_level,insufficient,,,,2,water_level,False
8631901,pH,insufficient,,,,1,water_quality,False
8631901,temperature,insufficient,,,,1,water_quality,False
8632101,pH,insufficient,,,,2,water_quality,False
8632101,temperature,insufficient,,,,1,water_quality,False
8632202,pH,insufficient,,,,1,water_quality,False
8632204,pH,insufficient,,,,1,water_quality,False
8632301,pH,insufficient,,,,1,water_quality,False
8632301,temperature,insufficient,,,,1,water_quality,False
8632401,pH,insufficient,,,,1,water_quality,False
8632604,pH,insufficient,,,,1,water_quality,False
8632605,pH,insufficient,,,,2,water_quality,False
8632605,temperature,insufficient,,,,2,water_quality,False
8632904,nitrogen,insufficient,,,,1,water_quality,False
8632904,pH,insufficient,,,,1,water_quality,False
8632904,temperature,insufficient,,,,1,water_quality,False
8632906,nitrogen,insufficient,,,,1,water_quality,False
8632906,pH,no trend,1.0,-0.0019047619047618857,7.121666666666667,8,water_quality,False
8632906,phosphorus,no trend,1.0,0.0,0.02,4,water_quality,False
8632906,temperature,no trend,0.13312848419605983,1.0499999999999998,25.150000000000002,7,water_quality,False
8632908,nitrogen,insufficient,,,,1,water_quality,False
8632908,pH,insufficient,,,,1,water_quality,False
8632908,temperature,insufficient,,,,1,water_quality,False
8640201,nitrogen,insufficient,,,,1,water_quality,False
8640201,pH,insufficient,,,,3,water_quality,False
8640201,temperature,no trend,0.7340951823194757,-0.6999999999999998,29.45,4,water_quality,False
8640203,nitrogen,insufficient,,,,1,water_quality,False
8640203,pH,insufficient,,,,1,water_quality,False
8640203,temperature,insufficient,,,,1,water_quality,False
8640501,pH,insufficient,,,,1,water_quality,False
8640503,nitrogen,insufficient,,,,1,water_quality,False
8640503,pH,insufficient,,,,2,water_quality,False
8640503,temperature,insufficient,,,,2,water_quality,False
8640901,temperature,insufficient,,,,1,water_quality,False
8709901,pH,insufficient,,,,1,water_quality,False
8709901,temperature,insufficient,,,,1,water_quality,False
8709904,pH,insufficient,,,,1,water_quality,False
8709904,temperature,insufficient,,,,1,water_quality,False
8710402,nitrogen,insufficient,,,,1,water_quality,False
8710402,pH,insufficient,,,,3,water_quality,False
8710402,temperature,insufficient,,,,2,water_quality,False
8710701,pH,insufficient,,,,1,water_quality,False
8710701,temperature,insufficient,,,,1,water_quality,False
8710702,pH,no trend,0.4701007598741287,0.05833333333333327,7.762499999999999,4,water_quality,False
8710702,temperature,insufficient,,,,2,water_quality,False
8710703,pH,insufficient,,,,1,water_quality,False
8710902,pH,insufficient,,,,1,water_quality,False
8710902,temperature,insufficient,,,,1,water_quality,False
8717202,pH,insufficient,,,,1,water_quality,False
8717502,pH,insufficient,,,,1,water_quality,False
8717603,pH,insufficient,,,,1,water_quality,False
8717701,pH,insufficient,,,,1,water_quality,False
8718101,pH,insufficient,,,,1,water_quality,False
8718101,temperature,insufficient,,,,1,water_quality,False
8718502,pH,insufficient,,,,1,water_quality,False
8718504,nitrogen,insufficient,,,,1,water_quality,False
8718504,pH,insufficient,,,,1,water_quality,False
8718504,phosphorus,insufficient,,,,1,water_quality,False
8718504,temperature,insufficient,,,,1,water_quality,False
8718601,pH,insufficient,,,,1,water_quality,False
8718604,pH,insufficient,,,,1,water_quality,False
8718604,temperature,insufficient,,,,1,water_quality,False
8718605,nitrogen,insufficient,,,,1,water_quality,False
8718605,pH,insufficient,,,,2,water_quality,False
8718605,phosphorus,insufficient,,,,1,water_quality,False
8718605,temperature,insufficient,,,,2,water_quality,False
8718701,pH,insufficient,,,,2,water_quality,False
8718701,temperature,insufficient,,,,2,water_quality,False
8718801,pH,insufficient,,,,1,water_quality,False
8718901,nitrogen,insufficient,,,,1,water_quality,False
8718901,pH,insufficient,,,,1,water_quality,False
8718901,phosphorus,insufficient,,,,1,water_quality,False
8718901,temperature,insufficient,,,,1,water_quality,False
8718902,nitrogen,insufficient,,,,1,water_quality,False
8718902,pH,insufficient,,,,1,water_quality,False
8718902,phosphorus,insufficient,,,,1,water_quality,False
8718902,temperature,insufficient,,,,1,water_quality,False
8719101,pH,insufficient,,,,1,water_quality,False
8719101,temperature,insufficient,,,,1,water_quality,False
8719402,nitrogen,insufficient,,,,1,water_quality,False
8719402,pH,insufficient,,,,2,water_quality,False
8719402,phosphorus,insufficient,,,,1,water_quality,False
8719402,temperature,insufficient,,,,2,water_quality,False
8719502,nitrogen,insufficient,,,,1,water_quality,False
8719502,pH,insufficient,,,,1,water_quality,False
8719502,phosphorus,insufficient,,,,1,water_quality,False
8719502,temperature,insufficient,,,,1,water_quality,False
8719701,pH,insufficient,,,,1,water_quality,False
8719803,nitrogen,insufficient,,,,1,water_quality,False
8719803,pH,insufficient,,,,1,water_quality,False
8719803,phosphorus,insufficient,,,,1,water_quality,False
8719803,temperature,insufficient,,,,1,water_quality,False
8719804,nitrogen,insufficient,,,,1,water_quality,False
8719804,pH,insufficient,,,,1,water_quality,False
8719804,phosphorus,insufficient,,,,1,water_quality,False
8719804,temperature,insufficient,,,,1,water_quality,False
8725302,pH,insufficient,,,,1,water_quality,False
8725502,pH,insufficient,,,,1,water_quality,False
8725601,pH,insufficient,,,,1,water_quality,False
8725601,temperature,insufficient,,,,1,water_quality,False
8725602,pH,insufficient,,,,1,water_quality,False
8725802,pH,insufficient,,,,1,water_quality,False
8725802,temperature,insufficient,,,,1,water_quality,False
8726101,pH,insufficient,,,,1,water_quality,False
8726302,nitrogen,insufficient,,,,1,water_quality,False
8726302,pH,insufficient,,,,1,water_quality,False
8726302,phosphorus,insufficient,,,,1,water_quality,False
8726302,temperature,insufficient,,,,1,water_quality,False
8726303,pH,insufficient,,,,1,water_quality,False
8726305,nitrogen,insufficient,,,,1,water_quality,False
8726305,pH,insufficient,,,,1,water_quality,False
8726305,phosphorus,insufficient,,,,1,water_quality,False
8726305,temperature,insufficient,,,,1,water_quality,False
8726501,nitrogen,insufficient,,,,1,water_quality,False
8726501,pH,insufficient,,,,3,water_quality,False
8726501,temperature,insufficient,,,,3,water_quality,False
8726502,nitrogen,insufficient,,,,1,water_quality,False
8726502,pH,insufficient,,,,1,water_quality,False
8726502,phosphorus,insufficient,,,,1,water_quality,False
8726502,temperature,insufficient,,,,1,water_quality,False
8726601,pH,insufficient,,,,1,water_quality,False
8726704,pH,insufficient,,,,1,water_quality,False
8726902,pH,insufficient,,,,1,water_quality,False
8727105,pH,insufficient,,,,1,water_quality,False
8727302,pH,insufficient,,,,1,water_quality,False
8727403,pH,insufficient,,,,1,water_quality,False
8727502,pH,insufficient,,,,1,water_quality,False
8727503,pH,insufficient,,,,1,water_quality,False
8727701,pH,insufficient,,,,1,water_quality,False
8727803,nitrogen,insufficient,,,,2,water_quality,False
8727803,pH,no trend,1.0,-0.0040000000000000036,6.864,8,water_quality,False
8727803,phosphorus,insufficient,,,,2,water_quality,False
8727803,temperature,no trend,0.080904754011913,0.8833333333333335,26.458333333333332,8,water_quality,False
8727805,pH,insufficient,,,,1,water_quality,False
8727805,phosphorus,insufficient,,,,1,water_quality,False
8727805,temperature,insufficient,,,,1,water_quality,False
8727904,pH,insufficient,,,,1,water_quality,False
8727904,phosphorus,insufficient,,,,1,water_quality,False
8727904,temperature,insufficient,,,,1,water_quality,False
8728105,pH,insufficient,,,,2,water_quality,False
8728105,temperature,insufficient,,,,1,water_quality,False
8728403,pH,insufficient,,,,1,water_quality,False
8728501,pH,insufficient,,,,1,water_quality,False
8728503,pH,insufficient,,,,1,water_quality,False
8728604,pH,insufficient,,,,1,water_quality,False
8728701,pH,insufficient,,,,1,water_quality,False
8728702,nitrogen,insufficient,,,,1,water_quality,False
8728702,pH,insufficient,,,,2,water_quality,False
8728702,phosphorus,insufficient,,,,1,water_quality,False
8728702,temperature,insufficient,,,,2,water_quality,False
8729701,pH,insufficient,,,,1,water_quality,False
8729901,pH,insufficient,,,,1,water_quality,False
8731507,pH,insufficient,,,,1,water_quality,False
8731601,pH,insufficient,,,,2,water_quality,False
8731601,temperature,insufficient,,,,2,water_quality,False
8731612,nitrogen,insufficient,,,,1,water_quality,False
8731612,pH,insufficient,,,,1,water_quality,False
8731612,phosphorus,insufficient,,,,1,water_quality,False
8731612,temperature,insufficient,,,,1,water_quality,False
8731802,pH,insufficient,,,,1,water_quality,False
8731804,pH,insufficient,,,,1,water_quality,False
8731804,temperature,insufficient,,,,1,water_quality,False
8731817,pH,insufficient,,,,2,water_quality,False
8731817,temperature,insufficient,,,,1,water_quality,False
8731903,pH,insufficient,,,,3,water_quality,False
8731903,temperature,insufficient,,,,2,water_quality,False
8731904,pH,insufficient,,,,1,water_quality,False
8731904,temperature,insufficient,,,,1,water_quality,False
8731906,pH,insufficient,,,,1,water_quality,False
8731906,temperature,insufficient,,,,1,water_quality,False
8731908,nitrogen,insufficient,,,,1,water_quality,False
8731908,pH,insufficient,,,,1,water_quality,False
8731908,phosphorus,insufficient,,,,1,water_quality,False
8731908,temperature,insufficient,,,,1,water_quality,False
8731917,pH,insufficient,,,,1,water_quality,False
8731917,temperature,insufficient,,,,1,water_quality,False
8731918,dissolved_oxygen,insufficient,,,,1,water_quality,False
8731918,nitrogen,insufficient,,,,1,water_quality,False
8731918,pH,no trend,0.7071142312899612,0.04499999999999993,8.247499999999999,6,water_quality,False
8731918,phosphorus,insufficient,,,,2,water_quality,False
8731918,temperature,no trend,0.24231273167227885,-0.6799999999999997,35.05,6,water_quality,False
8731924,pH,insufficient,,,,1,water_quality,False
8731924,temperature,insufficient,,,,1,water_quality,False
8731932,pH,insufficient,,,,1,water_quality,False
8731936,pH,insufficient,,,,1,water_quality,False
8731936,temperature,insufficient,,,,1,water_quality,False
8731937,pH,insufficient,,,,1,water_quality,False
8731937,temperature,insufficient,,,,1,water_quality,False
8732411,pH,insufficient,,,,1,water_quality,False
8732411,temperature,insufficient,,,,1,water_quality,False
8733201,pH,insufficient,,,,1,water_quality,False
8733203,pH,insufficient,,,,1,water_quality,False
8733501,pH,insufficient,,,,1,water_quality,False
8734303,pH,insufficient,,,,2,water_quality,False
8734303,temperature,insufficient,,,,2,water_quality,False
8734304,pH,insufficient,,,,1,water_quality,False
8734304,temperature,insufficient,,,,1,water_quality,False
8734701,pH,insufficient,,,,1,water_quality,False
8734705,nitrogen,insufficient,,,,1,water_quality,False
8734705,pH,insufficient,,,,1,water_quality,False
8734705,temperature,insufficient,,,,1,water_quality,False
8735101,pH,insufficient,,,,1,water_quality,False
8735401,pH,insufficient,,,,1,water_quality,False
8735405,nitrogen,insufficient,,,,1,water_quality,False
8735405,pH,no trend,0.3081795474670539,-0.11500000000000021,7.5225,4,water_quality,False
8735405,phosphorus,insufficient,,,,1,water_quality,False
8735405,temperature,no trend,0.7340951823194757,0.8999999999999998,24.85,4,water_quality,False
8735406,nitrogen,insufficient,,,,1,water_quality,False
8735406,pH,insufficient,,,,2,water_quality,False
8735406,phosphorus,insufficient,,,,1,water_quality,False
8735406,temperature,insufficient,,,,2,water_quality,False
8735504,pH,insufficient,,,,1,water_quality,False
8735903,nitrogen,insufficient,,,,1,water_quality,False
8735903,pH,insufficient,,,,2,water_quality,False
8735903,temperature,insufficient,,,,2,water_quality,False
8736201,pH,insufficient,,,,1,water_quality,False
8736203,nitrogen,insufficient,,,,1,water_quality,False
8736203,pH,insufficient,,,,1,water_quality,False
8736203,temperature,insufficient,,,,1,water_quality,False
8736204,nitrogen,insufficient,,,,1,water_quality,False
8736204,pH,insufficient,,,,1,water_quality,False
8736204,temperature,insufficient,,,,1,water_quality,False
8736501,nitrogen,insufficient,,,,1,water_quality,False
8736501,pH,insufficient,,,,1,water_quality,False
8736501,temperature,insufficient,,,,1,water_quality,False
8736805,pH,insufficient,,,,3,water_quality,False
8736805,phosphorus,insufficient,,,,3,water_quality,False
8736805,temperature,insufficient,,,,3,water_quality,False
8736806,pH,insufficient,,,,1,water_quality,False
8736806,phosphorus,insufficient,,,,1,water_quality,False
8736806,temperature,insufficient,,,,1,water_quality,False
8736807,pH,insufficient,,,,1,water_quality,False
8736807,phosphorus,insufficient,,,,1,water_quality,False
8736807,temperature,insufficient,,,,1,water_quality,False
8737203,nitrogen,insufficient,,,,1,water_quality,False
8737203,pH,insufficient,,,,1,water_quality,False
8737203,temperature,insufficient,,,,1,water_quality,False
8737301,pH,insufficient,,,,1,water_quality,False
8737302,nitrogen,insufficient,,,,1,water_quality,False
8737302,pH,insufficient,,,,1,water_quality,False
8737302,phosphorus,insufficient,,,,1,water_quality,False
8737302,temperature,insufficient,,,,1,water_quality,False
8737307,pH,insufficient,,,,1,water_quality,False
8737309,pH,insufficient,,,,1,water_quality,False
8737309,phosphorus,insufficient,,,,1,water_quality,False
8737309,temperature,insufficient,,,,1,water_quality,False
8737702,dissolved_oxygen,insufficient,,,,1,water_quality,False
8737702,pH,insufficient,,,,3,water_quality,False
8737702,phosphorus,insufficient,,,,3,water_quality,False
8737702,temperature,insufficient,,,,3,water_quality,False
8737703,pH,no trend,0.6133543559547467,-0.019999999999999907,7.06,5,water_quality,False
8737703,phosphorus,no trend,1.0,0.0,0.02,5,water_quality,False
8737703,temperature,no trend,0.26725749315438785,-0.11249999999999982,28.525,5,water_quality,False
8737802,pH,insufficient,,,,1,water_quality,False
8737802,phosphorus,insufficient,,,,1,water_quality,False
8737802,temperature,insufficient,,,,1,water_quality,False
8738101,dissolved_oxygen,insufficient,,,,1,water_quality,False
8738101,nitrogen,insufficient,,,,1,water_quality,False
8738101,pH,no trend,1.0,0.003333333333333706,8.19,4,water_quality,False
8738101,phosphorus,insufficient,,,,1,water_quality,False
8738101,temperature,no trend,0.4701007598741287,-0.48333333333333367,31.425,4,water_quality,False
8738105,pH,insufficient,,,,1,water_quality,False
8738105,phosphorus,insufficient,,,,1,water_quality,False
8738105,temperature,insufficient,,,,1,water_quality,False
8738702,pH,insufficient,,,,1,water_quality,False
8738803,pH,insufficient,,,,1,water_quality,False
8738804,pH,insufficient,,,,1,water_quality,False
8738804,phosphorus,insufficient,,,,1,water_quality,False
8738804,temperature,insufficient,,,,1,water_quality,False
8739201,pH,insufficient,,,,1,water_quality,False
8739205,nitrogen,insufficient,,,,1,water_quality,False
8739205,pH,insufficient,,,,1,water_quality,False
8739205,phosphorus,insufficient,,,,1,water_quality,False
8739205,temperature,insufficient,,,,1,water_quality,False
8739303,nitrogen,insufficient,,,,1,water_quality,False
8739303,pH,insufficient,,,,1,water_quality,False
8739303,phosphorus,insufficient,,,,1,water_quality,False
8739303,temperature,insufficient,,,,1,water_quality,False
8739403,temperature,insufficient,,,,1,water_quality,False
8739601,nitrogen,insufficient,,,,2,water_quality,False
8739601,pH,insufficient,,,,3,water_quality,False
8739601,temperature,insufficient,,,,3,water_quality,False
8740202,pH,insufficient,,,,1,water_quality,False
8740202,temperature,insufficient,,,,1,water_quality,False
8740203,dissolved_oxygen,insufficient,,,,1,water_quality,False
8740203,pH,insufficient,,,,1,water_quality,False
8740203,temperature,insufficient,,,,1,water_quality,False
8740405,pH,insufficient,,,,2,water_quality,False
8740405,phosphorus,insufficient,,,,2,water_quality,False
8740405,temperature,insufficient,,,,2,water_quality,False
8740406,pH,insufficient,,,,3,water_quality,False
8740406,phosphorus,insufficient,,,,3,water_quality,False
8740406,temperature,insufficient,,,,3,water_quality,False
8740407,pH,insufficient,,,,2,water_quality,False
8740407,phosphorus,insufficient,,,,2,water_quality,False
8740407,temperature,insufficient,,,,2,water_quality,False
8740503,pH,no trend,1.0,-0.0062500000000002,7.8825,5,water_quality,False
8740503,phosphorus,no trend,0.09609232945567325,0.0007124999999999996,0.018575,5,water_quality,False
8740503,temperature,no trend,0.80649594050734,-0.0999999999999992,29.3,5,water_quality,False
8740803,pH,insufficient,,,,2,water_quality,False
8740803,phosphorus,insufficient,,,,1,water_quality,False
8740803,temperature,insufficient,,,,2,water_quality,False
8742102,pH,insufficient,,,,1,water_quality,False
8742103,pH,insufficient,,,,1,water_quality,False
8742103,temperature,insufficient,,,,1,water_quality,False
8742104,pH,insufficient,,,,1,water_quality,False
8742205,pH,insufficient,,,,1,water_quality,False
8742304,pH,insufficient,,,,1,water_quality,False
8742307,pH,insufficient,,,,1,water_quality,False
8743301,pH,insufficient,,,,2,water_quality,False
8743301,temperature,insufficient,,,,1,water_quality,False
8743304,pH,insufficient,,,,1,water_quality,False
8743311,nitrogen,insufficient,,,,1,water_quality,False
8743311,pH,insufficient,,,,1,water_quality,False
8743311,temperature,insufficient,,,,1,water_quality,False
8743312,nitrogen,insufficient,,,,1,water_quality,False
8743312,pH,insufficient,,,,1,water_quality,False
8743312,temperature,insufficient,,,,1,water_quality,False
8743313,nitrogen,insufficient,,,,1,water_quality,False
8743313,pH,insufficient,,,,1,water_quality,False
8743313,temperature,insufficient,,,,1,water_quality,False
8743406,pH,insufficient,,,,1,water_quality,False
8743407,pH,insufficient,,,,1,water_quality,False
8743601,pH,insufficient,,,,1,water_quality,False
8743604,pH,insufficient,,,,1,water_quality,False
8743604,temperature,insufficient,,,,1,water_quality,False
8743605,nitrogen,insufficient,,,,1,water_quality,False
8743605,pH,insufficient,,,,1,water_quality,False
8743605,temperature,insufficient,,,,1,water_quality,False
8743702,pH,insufficient,,,,1,water_quality,False
8743804,pH,insufficient,,,,1,water_quality,False
8743811,pH,insufficient,,,,1,water_quality,False
8743813,pH,insufficient,,,,2,water_quality,False
8743813,temperature,insufficient,,,,2,water_quality,False
8743907,pH,insufficient,,,,1,water_quality,False
8743911,pH,insufficient,,,,1,water_quality,False
8743913,pH,insufficient,,,,1,water_quality,False
8744203,nitrogen,insufficient,,,,2,water_quality,False
8744203,pH,insufficient,,,,3,water_quality,False
8744203,phosphorus,insufficient,,,,1,water_quality,False
8744203,temperature,insufficient,,,,3,water_quality,False
8744204,pH,insufficient,,,,1,water_quality,False
8744205,nitrogen,insufficient,,,,2,water_quality,False
8744205,pH,no trend,0.3081795474670539,0.05583333333333348,6.77125,4,water_quality,False
8744205,phosphorus,insufficient,,,,1,water_quality,False
8744205,temperature,no trend,0.3081795474670539,-0.9999999999999988,29.75,4,water_quality,False
8744206,nitrogen,insufficient,,,,1,water_quality,False
8744206,pH,insufficient,,,,1,water_quality,False
8744206,temperature,insufficient,,,,1,water_quality,False
8744501,pH,insufficient,,,,1,water_quality,False
8744701,pH,insufficient,,,,1,water_quality,False
8744702,pH,insufficient,,,,1,water_quality,False
8745801,nitrogen,insufficient,,,,1,water_quality,False
8745801,pH,insufficient,,,,3,water_quality,False
8745801,phosphorus,insufficient,,,,2,water_quality,False
8745801,temperature,insufficient,,,,3,water_quality,False
8745804,pH,insufficient,,,,1,water_quality,False
8745805,pH,insufficient,,,,1,water_quality,False
8745805,temperature,insufficient,,,,1,water_quality,False
8745901,pH,insufficient,,,,2,water_quality,False
8745901,temperature,insufficient,,,,2,water_quality,False
8746202,pH,insufficient,,,,1,water_quality,False
8746203,pH,insufficient,,,,1,water_quality,False
8746301,pH,insufficient,,,,1,water_quality,False
8746401,pH,insufficient,,,,3,water_quality,False
8746401,temperature,insufficient,,,,2,water_quality,False
8746403,pH,insufficient,,,,1,water_quality,False
8746404,pH,insufficient,,,,1,water_quality,False
8746404,temperature,insufficient,,,,1,water_quality,False
8746407,pH,insufficient,,,,1,water_quality,False
8746601,nitrogen,insufficient,,,,1,water_quality,False
8746601,pH,insufficient,,,,1,water_quality,False
8746601,phosphorus,insufficient,,,,1,water_quality,False
8746601,temperature,insufficient,,,,1,water_quality,False
8746604,pH,insufficient,,,,1,water_quality,False
8746608,pH,insufficient,,,,1,water_quality,False
8746608,phosphorus,insufficient,,,,1,water_quality,False
8746608,temperature,insufficient,,,,1,water_quality,False
8746701,dissolved_oxygen,insufficient,,,,1,water_quality,False
8746701,nitrogen,insufficient,,,,1,water_quality,False
8746701,pH,no trend,0.80649594050734,-0.10624999999999984,7.5325,5,water_quality,False
8746701,phosphorus,insufficient,,,,2,water_quality,False
8746701,temperature,no trend,0.7340951823194757,-0.1583333333333335,28.437500000000004,4,water_quality,False
8746702,pH,insufficient,,,,1,water_quality,False
8746703,pH,insufficient,,,,1,water_quality,False
8746704,pH,insufficient,,,,1,water_quality,False
8746707,pH,insufficient,,,,1,water_quality,False
8746708,pH,insufficient,,,,1,water_quality,False
8746709,pH,insufficient,,,,1,water_quality,False
8746903,pH,insufficient,,,,1,water_quality,False
8746905,pH,insufficient,,,,1,water_quality,False
8746906,pH,insufficient,,,,1,water_quality,False
8746908,pH,insufficient,,,,1,water_quality,False
8746915,pH,insufficient,,,,1,water_quality,False
8747201,nitrogen,insufficient,,,,1,water_quality,False
8747201,pH,insufficient,,,,3,water_quality,False
8747201,phosphorus,insufficient,,,,1,water_quality,False
8747201,temperature,insufficient,,,,3,water_quality,False
8747203,pH,insufficient,,,,1,water_quality,False
8747206,pH,insufficient,,,,1,water_quality,False
8747302,pH,insufficient,,,,1,water_quality,False
8747402,pH,insufficient,,,,1,water_quality,False
8747403,pH,insufficient,,,,1,water_quality,False
8747407,pH,insufficient,,,,1,water_quality,False
8747601,nitrogen,insufficient,,,,1,water_quality,False
8747601,pH,insufficient,,,,2,water_quality,False
8747601,phosphorus,insufficient,,,,1,water_quality,False
8747601,temperature,insufficient,,,,2,water_quality,False
8747605,pH,insufficient,,,,1,water_quality,False
8747704,pH,insufficient,,,,1,water_quality,False
8747704,temperature,insufficient,,,,1,water_quality,False
8747801,nitrogen,insufficient,,,,1,water_quality,False
8747802,dissolved_oxygen,insufficient,,,,1,water_quality,False
8747802,pH,no trend,0.4523703606773608,0.03599999999999994,6.815,6,water_quality,False
8747802,phosphorus,insufficient,,,,3,water_quality,False
8747802,temperature,no trend,0.7071142312899612,0.34999999999999964,27.725,6,water_quality,False
8747804,pH,insufficient,,,,1,water_quality,False
8747902,pH,insufficient,,,,1,water_quality,False
8748305,pH,insufficient,,,,1,water_quality,False
8748401,pH,insufficient,,,,1,water_quality,False
8748601,pH,insufficient,,,,1,water_quality,False
8748603,pH,insufficient,,,,1,water_quality,False
8748703,nitrogen,insufficient,,,,2,water_quality,False
8748703,pH,no trend,0.4624327264504764,-0.13333333333333336,7.766666666666667,5,water_quality,False
8748703,phosphorus,insufficient,,,,1,water_quality,False
8748703,temperature,insufficient,,,,3,water_quality,False
8748802,pH,insufficient,,,,1,water_quality,False
8748901,pH,insufficient,,,,1,water_quality,False
8752306,pH,insufficient,,,,1,water_quality,False
8752312,pH,insufficient,,,,1,water_quality,False
8753102,pH,insufficient,,,,1,water_quality,False
8753103,pH,insufficient,,,,1,water_quality,False
8753204,pH,insufficient,,,,2,water_quality,False
8753204,temperature,insufficient,,,,1,water_quality,False
8753205,nitrogen,insufficient,,,,1,water_quality,False
8753205,pH,insufficient,,,,2,water_quality,False
8753205,phosphorus,insufficient,,,,1,water_quality,False
8753205,temperature,insufficient,,,,2,water_quality,False
8753304,pH,insufficient,,,,2,water_quality,False
8753304,temperature,insufficient,,,,2,water_quality,False
8753313,pH,insufficient,,,,1,water_quality,False
8753314,pH,insufficient,,,,1,water_quality,False
8753315,pH,insufficient,,,,1,water_quality,False
8753316,pH,insufficient,,,,1,water_quality,False
8753507,pH,insufficient,,,,1,water_quality,False
8753508,pH,insufficient,,,,1,water_quality,False
8753605,nitrogen,insufficient,,,,1,water_quality,False
8753605,pH,insufficient,,,,1,water_quality,False
8753605,phosphorus,insufficient,,,,1,water_quality,False
8753605,temperature,insufficient,,,,1,water_quality,False
8753614,pH,insufficient,,,,1,water_quality,False
8753614,temperature,insufficient,,,,1,water_quality,False
8753617,pH,insufficient,,,,1,water_quality,False
8754102,pH,insufficient,,,,1,water_quality,False
8754103,pH,insufficient,,,,1,water_quality,False
8754104,pH,insufficient,,,,2,water_quality,False
8754104,temperature,insufficient,,,,1,water_quality,False
8754105,nitrogen,insufficient,,,,1,water_quality,False
8754105,pH,insufficient,,,,2,water_quality,False
8754105,phosphorus,insufficient,,,,1,water_quality,False
8754105,temperature,insufficient,,,,2,water_quality,False
8754107,pH,insufficient,,,,1,water_quality,False
8754201,pH,insufficient,,,,1,water_quality,False
8754302,nitrogen,insufficient,,,,1,water_quality,False
8754302,pH,insufficient,,,,1,water_quality,False
8754302,phosphorus,insufficient,,,,1,water_quality,False
8754302,temperature,insufficient,,,,1,water_quality,False
8754304,pH,insufficient,,,,1,water_quality,False
8754305,pH,insufficient,,,,1,water_quality,False
8754405,pH,insufficient,,,,0,water_quality,False
8754502,pH,insufficient,,,,1,water_quality,False
8754502,temperature,insufficient,,,,1,water_quality,False
8754517,nitrogen,insufficient,,,,1,water_quality,False
8754517,pH,insufficient,,,,1,water_quality,False
8754517,phosphorus,insufficient,,,,1,water_quality,False
8754517,temperature,insufficient,,,,1,water_quality,False
8754531,pH,insufficient,,,,1,water_quality,False
8754533,pH,insufficient,,,,1,water_quality,False
8754533,temperature,insufficient,,,,1,water_quality,False
8754608,pH,insufficient,,,,1,water_quality,False
8754611,pH,insufficient,,,,2,water_quality,False
8754611,phosphorus,insufficient,,,,2,water_quality,False
8754611,temperature,insufficient,,,,2,water_quality,False
8754821,nitrogen,insufficient,,,,1,water_quality,False
8754821,pH,insufficient,,,,3,water_quality,False
8754821,phosphorus,insufficient,,,,2,water_quality,False
8754821,temperature,insufficient,,,,3,water_quality,False
8754828,pH,insufficient,,,,1,water_quality,False
8754832,pH,insufficient,,,,1,water_quality,False
8754835,dissolved_oxygen,insufficient,,,,1,water_quality,False
8754835,pH,insufficient,,,,3,water_quality,False
8754835,phosphorus,insufficient,,,,1,water_quality,False
8754835,temperature,insufficient,,,,3,water_quality,False
8754836,pH,insufficient,,,,1,water_quality,False
8754836,temperature,insufficient,,,,1,water_quality,False
8754837,pH,insufficient,,,,1,water_quality,False
8754837,phosphorus,insufficient,,,,1,water_quality,False
8754837,temperature,insufficient,,,,1,water_quality,False
8754922,nitrogen,insufficient,,,,1,water_quality,False
8754922,pH,insufficient,,,,1,water_quality,False
8754922,temperature,insufficient,,,,1,water_quality,False
8754924,pH,insufficient,,,,1,water_quality,False
8754940,pH,insufficient,,,,1,water_quality,False
8754943,pH,insufficient,,,,1,water_quality,False
8754944,pH,insufficient,,,,1,water_quality,False
8754945,pH,insufficient,,,,1,water_quality,False
8754947,pH,insufficient,,,,1,water_quality,False
8754947,temperature,insufficient,,,,1,water_quality,False
8754949,dissolved_oxygen,insufficient,,,,1,water_quality,False
8754949,pH,insufficient,,,,1,water_quality,False
8754949,phosphorus,insufficient,,,,1,water_quality,False
8754949,temperature,insufficient,,,,1,water_quality,False
8755101,pH,insufficient,,,,1,water_quality,False
8755106,pH,insufficient,,,,1,water_quality,False
8755202,pH,insufficient,,,,1,water_quality,False
8755207,pH,insufficient,,,,1,water_quality,False
8755301,pH,insufficient,,,,1,water_quality,False
8755301,temperature,insufficient,,,,1,water_quality,False
8755302,pH,insufficient,,,,1,water_quality,False
8755402,nitrogen,insufficient,,,,2,water_quality,False
8755402,pH,insufficient,,,,3,water_quality,False
8755402,temperature,insufficient,,,,3,water_quality,False
8755404,nitrogen,insufficient,,,,1,water_quality,False
8755404,pH,no trend,0.7340951823194757,0.09333333333333349,6.694999999999999,4,water_quality,False
8755404,phosphorus,insufficient,,,,1,water_quality,False
8755404,temperature,insufficient,,,,3,water_quality,False
8755406,pH,insufficient,,,,1,water_quality,False
8755407,pH,insufficient,,,,1,water_quality,False
8755410,pH,insufficient,,,,1,water_quality,False
8755504,dissolved_oxygen,insufficient,,,,1,water_quality,False
8755504,nitrogen,insufficient,,,,1,water_quality,False
8755504,pH,no trend,1.0,-0.0024999999999999467,7.35125,6,water_quality,False
8755504,phosphorus,insufficient,,,,2,water_quality,False
8755504,temperature,no trend,0.80649594050734,-0.04583333333333339,27.491666666666667,5,water_quality,False
8755507,pH,insufficient,,,,1,water_quality,False
8755508,pH,insufficient,,,,1,water_quality,False
8755508,phosphorus,insufficient,,,,1,water_quality,False
8755508,temperature,insufficient,,,,1,water_quality,False
8755602,nitrogen,insufficient,,,,2,water_quality,False
8755602,pH,no trend,0.7340951823194757,-0.05833333333333357,7.307500000000001,4,water_quality,False
8755602,temperature,no trend,1.0,5.898059818321144e-16,27.75,4,water_quality,False
8755603,pH,insufficient,,,,1,water_quality,False
8755604,pH,insufficient,,,,1,water_quality,False
8755606,pH,insufficient,,,,1,water_quality,False
8755701,pH,no trend,0.4701007598741287,0.0833333333333334,7.775,4,water_quality,False
8755701,temperature,insufficient,,,,2,water_quality,False
8755710,pH,insufficient,,,,1,water_quality,False
8755711,pH,insufficient,,,,1,water_quality,False
8755801,pH,insufficient,,,,1,water_quality,False
8755802,pH,insufficient,,,,1,water_quality,False
8755802,temperature,insufficient,,,,1,water_quality,False
8755906,pH,insufficient,,,,1,water_quality,False
8755907,pH,insufficient,,,,1,water_quality,False
8756201,pH,insufficient,,,,1,water_quality,False
8756202,pH,insufficient,,,,1,water_quality,False
8756401,nitrogen,insufficient,,,,2,water_quality,False
8756401,pH,no trend,0.3122163883433191,-0.11625000000000008,7.4325,5,water_quality,False
8756401,temperature,no trend,0.22067136191984682,-0.40000000000000036,28.3,5,water_quality,False
8756402,pH,insufficient,,,,1,water_quality,False
8756403,nitrogen,insufficient,,,,1,water_quality,False
8756403,pH,insufficient,,,,2,water_quality,False
8756403,phosphorus,insufficient,,,,1,water_quality,False
8756403,temperature,insufficient,,,,2,water_quality,False
8756406,pH,insufficient,,,,1,water_quality,False
8756407,dissolved_oxygen,insufficient,,,,1,water_quality,False
8756407,pH,insufficient,,,,3,water_quality,False
8756407,phosphorus,insufficient,,,,2,water_quality,False
8756407,temperature,insufficient,,,,3,water_quality,False
8756503,pH,insufficient,,,,1,water_quality,False
8756601,nitrogen,insufficient,,,,1,water_quality,False
8756601,pH,insufficient,,,,1,water_quality,False
8756601,phosphorus,insufficient,,,,1,water_quality,False
8756601,temperature,insufficient,,,,1,water_quality,False
8756604,pH,insufficient,,,,3,water_quality,False
8756604,phosphorus,insufficient,,,,1,water_quality,False
8756604,temperature,insufficient,,,,3,water_quality,False
8756804,pH,insufficient,,,,1,water_quality,False
8762301,pH,insufficient,,,,1,water_quality,False
8762302,pH,insufficient,,,,1,water_quality,False
8762303,dissolved_oxygen,insufficient,,,,1,water_quality,False
8762303,nitrogen,insufficient,,,,1,water_quality,False
8762303,pH,no trend,0.4624327264504764,-0.060833333333333295,7.351666666666667,5,water_quality,False
8762303,phosphorus,insufficient,,,,3,water_quality,False
8762303,temperature,no trend,1.0,-0.05833333333333239,27.1375,4,water_quality,False
8762305,pH,insufficient,,,,1,water_quality,False
8762306,pH,insufficient,,,,1,water_quality,False
8762306,phosphorus,insufficient,,,,1,water_quality,False
8762306,temperature,insufficient,,,,1,water_quality,False
8762307,pH,insufficient,,,,1,water_quality,False
8762307,phosphorus,insufficient,,,,1,water_quality,False
8762307,temperature,insufficient,,,,1,water_quality,False
8763101,pH,insufficient,,,,1,water_quality,False
8763101,temperature,insufficient,,,,1,water_quality,False
8763104,pH,insufficient,,,,1,water_quality,False
8763104,temperature,insufficient,,,,1,water_quality,False
8763107,nitrogen,insufficient,,,,1,water_quality,False
8763107,pH,insufficient,,,,1,water_quality,False
8763107,phosphorus,insufficient,,,,1,water_quality,False
8763107,temperature,insufficient,,,,1,water_quality,False
8763112,pH,insufficient,,,,1,water_quality,False
8763202,nitrogen,insufficient,,,,2,water_quality,False
8763202,pH,insufficient,,,,3,water_quality,False
8763202,phosphorus,insufficient,,,,1,water_quality,False
8763202,temperature,insufficient,,,,3,water_quality,False
8763206,pH,insufficient,,,,1,water_quality,False
8763301,pH,insufficient,,,,1,water_quality,False
8763301,temperature,insufficient,,,,1,water_quality,False
8763504,pH,insufficient,,,,1,water_quality,False
8763601,pH,insufficient,,,,1,water_quality,False
8763601,temperature,insufficient,,,,1,water_quality,False
8763602,nitrogen,insufficient,,,,2,water_quality,False
8763602,pH,no trend,0.80649594050734,0.046666666666666565,7.076666666666667,5,water_quality,False
8763602,phosphorus,insufficient,,,,2,water_quality,False
8763602,temperature,no trend,0.6133543559547467,-0.06249999999999911,25.525,5,water_quality,False
8763603,nitrogen,insufficient,,,,1,water_quality,False
8763603,pH,insufficient,,,,1,water_quality,False
8763603,temperature,insufficient,,,,1,water_quality,False
8764101,pH,insufficient,,,,1,water_quality,False
8764302,nitrogen,insufficient,,,,1,water_quality,False
8764302,pH,insufficient,,,,1,water_quality,False
8764302,phosphorus,insufficient,,,,1,water_quality,False
8764302,temperature,insufficient,,,,1,water_quality,False
8764504,nitrogen,insufficient,,,,1,water_quality,False
8764504,pH,insufficient,,,,1,water_quality,False
8764504,phosphorus,insufficient,,,,1,water_quality,False
8764504,temperature,insufficient,,,,1,water_quality,False
8764512,pH,insufficient,,,,1,water_quality,False
8764512,temperature,insufficient,,,,1,water_quality,False
8825501,pH,insufficient,,,,1,water_quality,False
8825502,pH,insufficient,,,,1,water_quality,False
8825701,pH,insufficient,,,,1,water_quality,False
8826501,pH,insufficient,,,,1,water_quality,False
8826501,temperature,insufficient,,,,1,water_quality,False
8826602,pH,insufficient,,,,1,water_quality,False
8826702,pH,insufficient,,,,1,water_quality,False
8826801,pH,insufficient,,,,1,water_quality,False
8826801,temperature,insufficient,,,,1,water_quality,False
8826901,pH,insufficient,,,,1,water_quality,False
8826902,pH,insufficient,,,,1,water_quality,False
8826902,temperature,insufficient,,,,1,water_quality,False
8826903,pH,insufficient,,,,1,water_quality,False
8826904,pH,insufficient,,,,1,water_quality,False
8827501,pH,insufficient,,,,1,water_quality,False
8827502,pH,insufficient,,,,1,water_quality,False
8827801,pH,no trend,0.12955135290440878,0.11250000000000082,7.974999999999998,5,water_quality,False
8827801,temperature,insufficient,,,,1,water_quality,False
8827802,nitrogen,insufficient,,,,2,water_quality,False
8827802,pH,insufficient,,,,3,water_quality,False
8827802,temperature,insufficient,,,,3,water_quality,False
8827901,pH,insufficient,,,,1,water_quality,False
8827902,pH,insufficient,,,,1,water_quality,False
8828701,pH,insufficient,,,,1,water_quality,False
8828701,temperature,insufficient,,,,1,water_quality,False
8829501,nitrogen,insufficient,,,,2,water_quality,False
8829501,pH,no trend,0.4523703606773608,0.02999999999999936,7.835000000000002,6,water_quality,False
8829501,phosphorus,insufficient,,,,2,water_quality,False
8829501,temperature,no trend,1.0,0.09999999999999964,32.400000000000006,5,water_quality,False
8833302,pH,insufficient,,,,1,water_quality,False
8833302,phosphorus,insufficient,,,,1,water_quality,False
8833302,temperature,insufficient,,,,1,water_quality,False
8833705,pH,insufficient,,,,1,water_quality,False
8834101,pH,insufficient,,,,3,water_quality,False
8834101,temperature,insufficient,,,,1,water_quality,False
8834102,pH,insufficient,,,,1,water_quality,False
8834103,pH,insufficient,,,,1,water_quality,False
8834104,pH,insufficient,,,,1,water_quality,False
8834201,pH,insufficient,,,,2,water_quality,False
8834201,phosphorus,insufficient,,,,2,water_quality,False
8834201,temperature,insufficient,,,,2,water_quality,False
8834301,nitrogen,insufficient,,,,1,water_quality,False
8834301,pH,no trend,1.0,0.0,8.175,10,water_quality,False
8834301,phosphorus,insufficient,,,,2,water_quality,False
8834301,temperature,decreasing,0.024170547174545254,-0.3999999999999986,32.95,6,water_quality,True
8834501,pH,insufficient,,,,1,water_quality,False
8834501,temperature,insufficient,,,,1,water_quality,False
8834601,nitrogen,insufficient,,,,1,water_quality,False
8834601,pH,no trend,0.8030889051678856,0.03874999999999984,7.964375,8,water_quality,False
8834601,phosphorus,insufficient,,,,2,water_quality,False
8834601,temperature,no trend,0.25965635637045015,0.75,26.875,6,water_quality,False
8834602,nitrogen,insufficient,,,,1,water_quality,False
8834602,pH,insufficient,,,,2,water_quality,False
8834602,temperature,insufficient,,,,2,water_quality,False
8834701,pH,insufficient,,,,1,water_quality,False
8834801,pH,insufficient,,,,1,water_quality,False
8834801,temperature,insufficient,,,,1,water_quality,False
8834901,pH,insufficient,,,,2,water_quality,False
8834901,temperature,insufficient,,,,1,water_quality,False
8835601,pH,insufficient,,,,1,water_quality,False
8835801,pH,no trend,1.0,0.0,8.95,6,water_quality,False
8835801,temperature,insufficient,,,,3,water_quality,False
8836102,pH,insufficient,,,,1,water_quality,False
8836401,nitrogen,insufficient,,,,1,water_quality,False
8836401,pH,insufficient,,,,2,water_quality,False
8836401,phosphorus,insufficient,,,,1,water_quality,False
8836401,temperature,insufficient,,,,1,water_quality,False
8836402,pH,insufficient,,,,1,water_quality,False
8836402,temperature,insufficient,,,,1,water_quality,False
8836403,pH,insufficient,,,,1,water_quality,False
8836701,pH,insufficient,,,,1,water_quality,False
8841401,pH,insufficient,,,,1,water_quality,False
8841403,pH,insufficient,,,,1,water_quality,False
8841801,pH,insufficient,,,,1,water_quality,False
8841803,pH,insufficient,,,,1,water_quality,False
8842101,pH,insufficient,,,,1,water_quality,False
8842105,pH,insufficient,,,,1,water_quality,False
8842201,pH,insufficient,,,,1,water_quality,False
8842202,nitrogen,insufficient,,,,1,water_quality,False
8842202,pH,insufficient,,,,1,water_quality,False
8842202,temperature,insufficient,,,,1,water_quality,False
8842203,pH,insufficient,,,,2,water_quality,False
8842203,temperature,insufficient,,,,1,water_quality,False
8842204,pH,insufficient,,,,1,water_quality,False
8842205,pH,insufficient,,,,1,water_quality,False
8842206,pH,insufficient,,,,1,water_quality,False
8842207,pH,insufficient,,,,1,water_quality,False
8842301,pH,insufficient,,,,1,water_quality,False
8842401,pH,insufficient,,,,2,water_quality,False
8842401,temperature,insufficient,,,,1,water_quality,False
8842402,pH,insufficient,,,,1,water_quality,False
8842402,temperature,insufficient,,,,1,water_quality,False
8842404,pH,insufficient,,,,1,water_quality,False
8842405,pH,insufficient,,,,1,water_quality,False
8842508,pH,insufficient,,,,2,water_quality,False
8842508,phosphorus,insufficient,,,,2,water_quality,False
8842508,temperature,insufficient,,,,2,water_quality,False
8842601,pH,insufficient,,,,1,water_quality,False
8842602,pH,insufficient,,,,1,water_quality,False
8842603,pH,insufficient,,,,1,water_quality,False
8842605,pH,insufficient,,,,1,water_quality,False
8842605,temperature,insufficient,,,,1,water_quality,False
8842606,pH,insufficient,,,,1,water_quality,False
8842606,temperature,insufficient,,,,1,water_quality,False
8842901,pH,insufficient,,,,1,water_quality,False
8842902,pH,insufficient,,,,1,water_quality,False
8842906,pH,insufficient,,,,1,water_quality,False
8843101,pH,insufficient,,,,1,water_quality,False
8843102,pH,insufficient,,,,1,water_quality,False
8843103,pH,insufficient,,,,1,water_quality,False
8843201,pH,insufficient,,,,1,water_quality,False
8843202,pH,insufficient,,,,1,water_quality,False
8843402,pH,insufficient,,,,1,water_quality,False
8843501,pH,insufficient,,,,1,water_quality,False
8843902,pH,insufficient,,,,1,water_quality,False
8844201,pH,insufficient,,,,1,water_quality,False
8845701,temperature,insufficient,,,,1,water_quality,False
8849301,pH,insufficient,,,,1,water_quality,False
8849303,pH,insufficient,,,,1,water_quality,False
8849401,pH,insufficient,,,,1,water_quality,False
8849406,nitrogen,insufficient,,,,1,water_quality,False
8849701,pH,insufficient,,,,1,water_quality,False
8849702,pH,no trend,1.0,0.0016666666666666323,6.857499999999999,4,water_quality,False
8849702,phosphorus,insufficient,,,,2,water_quality,False
8849702,temperature,no trend,1.0,1.3666666666666654,24.500000000000004,4,water_quality,False
8849703,nitrogen,insufficient,,,,1,water_quality,False
8849703,pH,insufficient,,,,2,water_quality,False
8849703,temperature,insufficient,,,,2,water_quality,False
8849706,pH,insufficient,,,,1,water_quality,False
8849802,nitrogen,insufficient,,,,1,water_quality,False
8849802,pH,insufficient,,,,1,water_quality,False
8849802,phosphorus,insufficient,,,,1,water_quality,False
8849802,temperature,insufficient,,,,1,water_quality,False
8849901,nitrogen,insufficient,,,,1,water_quality,False
8849901,pH,insufficient,,,,1,water_quality,False
8849901,temperature,insufficient,,,,1,water_quality,False
8849902,dissolved_oxygen,insufficient,,,,1,water_quality,False
8849902,nitrogen,insufficient,,,,1,water_quality,False
8849902,pH,no trend,1.0,0.009999999999999787,7.260000000000001,6,water_quality,False
8849902,phosphorus,no trend,0.37109336952269745,-0.0033333333333333335,0.025,4,water_quality,False
8849902,temperature,no trend,1.0,0.012499999999999734,27.575000000000003,5,water_quality,False
8849906,pH,insufficient,,,,1,water_quality,False
8850201,pH,insufficient,,,,2,water_quality,False
8850201,temperature,insufficient,,,,2,water_quality,False
8850301,pH,insufficient,,,,1,water_quality,False
8850305,pH,insufficient,,,,2,water_quality,False
8850305,phosphorus,insufficient,,,,2,water_quality,False
8850305,temperature,insufficient,,,,2,water_quality,False
8850401,pH,insufficient,,,,1,water_quality,False
8850402,pH,insufficient,,,,1,water_quality,False
8850403,pH,insufficient,,,,2,water_quality,False
8850403,temperature,insufficient,,,,2,water_quality,False
8850404,pH,insufficient,,,,1,water_quality,False
8850501,pH,insufficient,,,,1,water_quality,False
8850501,temperature,insufficient,,,,1,water_quality,False
8850503,temperature,insufficient,,,,1,water_quality,False
8850602,temperature,insufficient,,,,1,water_quality,False
8850702,pH,insufficient,,,,1,water_quality,False
8850703,temperature,insufficient,,,,1,water_quality,False
8850704,pH,insufficient,,,,1,water_quality,False
8850704,temperature,insufficient,,,,1,water_quality,False
8850801,pH,insufficient,,,,3,water_quality,False
8850801,temperature,insufficient,,,,3,water_quality,False
8850802,nitrogen,insufficient,,,,2,water_quality,False
8850802,pH,insufficient,,,,2,water_quality,False
8850802,temperature,insufficient,,,,2,water_quality,False
8850806,temperature,insufficient,,,,1,water_quality,False
8850807,pH,insufficient,,,,1,water_quality,False
8850808,pH,insufficient,,,,1,water_quality,False
8850810,pH,insufficient,,,,1,water_quality,False
8850810,temperature,insufficient,,,,1,water_quality,False
8850812,dissolved_oxygen,insufficient,,,,1,water_quality,False
8850812,pH,insufficient,,,,2,water_quality,False
8850812,phosphorus,insufficient,,,,1,water_quality,False
8850812,temperature,insufficient,,,,2,water_quality,False
8850814,pH,insufficient,,,,1,water_quality,False
8850814,phosphorus,insufficient,,,,1,water_quality,False
8850814,temperature,insufficient,,,,1,water_quality,False
8850901,pH,insufficient,,,,1,water_quality,False
8850902,pH,insufficient,,,,1,water_quality,False
8851101,pH,insufficient,,,,1,water_quality,False
8851102,pH,insufficient,,,,1,water_quality,False
8851102,temperature,insufficient,,,,1,water_quality,False
8851202,pH,insufficient,,,,1,water_quality,False
8851202,temperature,insufficient,,,,1,water_quality,False
8851203,pH,insufficient,,,,1,water_quality,False
8851301,pH,insufficient,,,,1,water_quality,False
8851503,temperature,insufficient,,,,1,water_quality,False
8851702,temperature,insufficient,,,,1,water_quality,False
8851703,temperature,insufficient,,,,1,water_quality,False
8851704,temperature,insufficient,,,,1,water_quality,False
8851801,pH,insufficient,,,,1,water_quality,False
8851901,nitrogen,insufficient,,,,1,water_quality,False
8851901,pH,insufficient,,,,2,water_quality,False
8851901,phosphorus,insufficient,,,,1,water_quality,False
8851901,temperature,insufficient,,,,2,water_quality,False
8851902,pH,insufficient,,,,1,water_quality,False
8851903,pH,insufficient,,,,1,water_quality,False
8851904,pH,insufficient,,,,1,water_quality,False
8851905,pH,insufficient,,,,1,water_quality,False
8851906,pH,insufficient,,,,1,water_quality,False
8851908,pH,insufficient,,,,1,water_quality,False
8851908,phosphorus,insufficient,,,,1,water_quality,False
8851909,pH,insufficient,,,,1,water_quality,False
8851910,pH,insufficient,,,,1,water_quality,False
8851911,pH,insufficient,,,,1,water_quality,False
8851912,pH,insufficient,,,,2,water_quality,False
8851913,pH,insufficient,,,,1,water_quality,False
8851914,pH,insufficient,,,,1,water_quality,False
8852701,pH,insufficient,,,,1,water_quality,False
8852704,pH,insufficient,,,,1,water_quality,False
8852704,temperature,insufficient,,,,1,water_quality,False
8852705,pH,insufficient,,,,1,water_quality,False
8852902,pH,insufficient,,,,1,water_quality,False
8857101,pH,insufficient,,,,1,water_quality,False
8857102,nitrogen,insufficient,,,,1,water_quality,False
8857102,pH,no trend,0.3081795474670539,-0.09166666666666692,7.8625,4,water_quality,False
8857102,temperature,insufficient,,,,3,water_quality,False
8857103,pH,insufficient,,,,1,water_quality,False
8857103,temperature,insufficient,,,,1,water_quality,False
8857104,pH,insufficient,,,,1,water_quality,False
8857105,nitrogen,insufficient,,,,1,water_quality,False
8857105,pH,insufficient,,,,1,water_quality,False
8857105,temperature,insufficient,,,,1,water_quality,False
8857106,nitrogen,insufficient,,,,1,water_quality,False
8857106,pH,insufficient,,,,2,water_quality,False
8857106,temperature,insufficient,,,,2,water_quality,False
8857118,dissolved_oxygen,insufficient,,,,1,water_quality,False
8857118,pH,insufficient,,,,1,water_quality,False
8857118,temperature,insufficient,,,,1,water_quality,False
8857202,pH,insufficient,,,,1,water_quality,False
8857202,temperature,insufficient,,,,1,water_quality,False
8857206,nitrogen,insufficient,,,,1,water_quality,False
8857206,pH,no trend,0.7340951823194757,0.021666666666666796,7.3325,4,water_quality,False
8857206,phosphorus,insufficient,,,,1,water_quality,False
8857206,temperature,no trend,0.7340951823194757,-0.21666666666666617,27.525000000000002,4,water_quality,False
8857503,pH,insufficient,,,,1,water_quality,False
8857503,temperature,insufficient,,,,1,water_quality,False
8858101,pH,insufficient,,,,2,water_quality,False
8858101,temperature,insufficient,,,,1,water_quality,False
8858103,nitrogen,insufficient,,,,1,water_quality,False
8858103,pH,insufficient,,,,1,water_quality,False
8858103,phosphorus,insufficient,,,,1,water_quality,False
8858103,temperature,insufficient,,,,1,water_quality,False
8858104,pH,insufficient,,,,1,water_quality,False
8858108,pH,insufficient,,,,1,water_quality,False
8858109,temperature,insufficient,,,,1,water_quality,False
8858201,pH,insufficient,,,,1,water_quality,False
8858202,pH,insufficient,,,,1,water_quality,False
8858203,nitrogen,insufficient,,,,1,water_quality,False
8858203,pH,no trend,0.80649594050734,-0.21875000000000014,8.3375,5,water_quality,False
8858203,temperature,insufficient,,,,3,water_quality,False
8858204,nitrogen,insufficient,,,,1,water_quality,False
8858204,pH,insufficient,,,,1,water_quality,False
8858204,phosphorus,insufficient,,,,1,water_quality,False
8858204,temperature,insufficient,,,,1,water_quality,False
8858205,pH,insufficient,,,,1,water_quality,False
8858212,pH,insufficient,,,,1,water_quality,False
8858212,temperature,insufficient,,,,1,water_quality,False
8858213,temperature,insufficient,,,,1,water_quality,False
8858214,pH,insufficient,,,,1,water_quality,False
8858214,temperature,insufficient,,,,1,water_quality,False
8858215,pH,insufficient,,,,1,water_quality,False
8858215,temperature,insufficient,,,,1,water_quality,False
8858216,pH,insufficient,,,,1,water_quality,False
8858216,temperature,insufficient,,,,1,water_quality,False
8858218,pH,insufficient,,,,1,water_quality,False
8858218,temperature,insufficient,,,,1,water_quality,False
8858220,pH,insufficient,,,,1,water_quality,False
8858220,temperature,insufficient,,,,1,water_quality,False
8858221,pH,insufficient,,,,1,water_quality,False
8858221,temperature,insufficient,,,,1,water_quality,False
8858222,pH,insufficient,,,,1,water_quality,False
8858222,temperature,insufficient,,,,1,water_quality,False
8858223,temperature,insufficient,,,,1,water_quality,False
8858301,pH,insufficient,,,,1,water_quality,False
8858302,pH,insufficient,,,,1,water_quality,False
8858304,pH,insufficient,,,,1,water_quality,False
8858304,temperature,insufficient,,,,1,water_quality,False
8858305,pH,insufficient,,,,1,water_quality,False
8858306,pH,insufficient,,,,1,water_quality,False
8858306,temperature,insufficient,,,,1,water_quality,False
8858309,pH,insufficient,,,,1,water_quality,False
8858309,temperature,insufficient,,,,1,water_quality,False
8858310,pH,insufficient,,,,1,water_quality,False
8858310,temperature,insufficient,,,,1,water_quality,False
8858311,pH,insufficient,,,,1,water_quality,False
8858312,pH,insufficient,,,,1,water_quality,False
8858313,pH,insufficient,,,,1,water_quality,False
8858314,pH,insufficient,,,,1,water_quality,False
8858402,nitrogen,insufficient,,,,1,water_quality,False
8858402,pH,insufficient,,,,2,water_quality,False
8858402,phosphorus,insufficient,,,,1,water_quality,False
8858402,temperature,insufficient,,,,1,water_quality,False
8858403,nitrogen,insufficient,,,,1,water_quality,False
8858403,pH,insufficient,,,,1,water_quality,False
8858403,phosphorus,insufficient,,,,1,water_quality,False
8858403,temperature,insufficient,,,,1,water_quality,False
8858413,pH,insufficient,,,,1,water_quality,False
8858501,pH,insufficient,,,,1,water_quality,False
8858502,pH,insufficient,,,,1,water_quality,False
8858503,nitrogen,insufficient,,,,1,water_quality,False
8858503,pH,insufficient,,,,1,water_quality,False
8858503,phosphorus,insufficient,,,,1,water_quality,False
8858503,temperature,insufficient,,,,1,water_quality,False
8858506,nitrogen,insufficient,,,,1,water_quality,False
8858506,pH,insufficient,,,,1,water_quality,False
8858506,phosphorus,insufficient,,,,1,water_quality,False
8858506,temperature,insufficient,,,,1,water_quality,False
8858508,pH,insufficient,,,,1,water_quality,False
8858509,pH,insufficient,,,,1,water_quality,False
8858608,pH,insufficient,,,,1,water_quality,False
8858608,temperature,insufficient,,,,1,water_quality,False
8858609,pH,insufficient,,,,1,water_quality,False
8858610,nitrogen,insufficient,,,,2,water_quality,False
8858610,pH,no trend,1.0,-0.023333333333333133,7.336666666666666,5,water_quality,False
8858610,phosphorus,insufficient,,,,2,water_quality,False
8858610,temperature,no trend,0.6133543559547467,-0.06249999999999867,25.724999999999998,5,water_quality,False
8858614,pH,insufficient,,,,1,water_quality,False
8858615,pH,insufficient,,,,1,water_quality,False
8858617,pH,insufficient,,,,1,water_quality,False
8858901,pH,insufficient,,,,2,water_quality,False
8858901,temperature,insufficient,,,,2,water_quality,False
8859101,pH,insufficient,,,,1,water_quality,False
8859103,pH,no trend,1.0,0.11666666666666685,7.525,4,water_quality,False
8859103,temperature,insufficient,,,,2,water_quality,False
8859105,pH,insufficient,,,,2,water_quality,False
8859105,temperature,insufficient,,,,2,water_quality,False
8859108,pH,insufficient,,,,2,water_quality,False
8859108,temperature,insufficient,,,,2,water_quality,False
8859110,pH,insufficient,,,,1,water_quality,False
8859114,pH,insufficient,,,,1,water_quality,False
8859116,pH,insufficient,,,,1,water_quality,False
8859116,temperature,insufficient,,,,1,water_quality,False
8859201,pH,insufficient,,,,1,water_quality,False
8859204,pH,insufficient,,,,1,water_quality,False
8859213,pH,insufficient,,,,1,water_quality,False
8859213,temperature,insufficient,,,,1,water_quality,False
8859215,pH,insufficient,,,,1,water_quality,False
8859215,temperature,insufficient,,,,1,water_quality,False
8859216,pH,insufficient,,,,1,water_quality,False
8859218,pH,insufficient,,,,1,water_quality,False
8859218,temperature,insufficient,,,,1,water_quality,False
8859219,temperature,insufficient,,,,1,water_quality,False
8859304,pH,insufficient,,,,1,water_quality,False
8859305,pH,insufficient,,,,2,water_quality,False
8859309,pH,insufficient,,,,1,water_quality,False
8859310,pH,insufficient,,,,1,water_quality,False
8859311,pH,insufficient,,,,1,water_quality,False
8859314,pH,insufficient,,,,1,water_quality,False
8859314,temperature,insufficient,,,,1,water_quality,False
8859315,pH,insufficient,,,,1,water_quality,False
8859316,temperature,insufficient,,,,1,water_quality,False
8859317,temperature,insufficient,,,,1,water_quality,False
8859404,pH,insufficient,,,,1,water_quality,False
8859406,pH,insufficient,,,,0,water_quality,False
8859408,pH,insufficient,,,,2,water_quality,False
8859409,pH,insufficient,,,,1,water_quality,False
8859411,conductivity,insufficient,,,,1,water_quality,False
8859411,pH,insufficient,,,,1,water_quality,False
8859411,phosphorus,insufficient,,,,1,water_quality,False
8859411,temperature,insufficient,,,,1,water_quality,False
8859502,pH,insufficient,,,,2,water_quality,False
8859502,temperature,insufficient,,,,1,water_quality,False
8859503,pH,insufficient,,,,3,water_quality,False
8859503,temperature,insufficient,,,,2,water_quality,False
8859504,pH,insufficient,,,,1,water_quality,False
8859506,pH,insufficient,,,,1,water_quality,False
8859508,pH,insufficient,,,,1,water_quality,False
8859513,pH,insufficient,,,,1,water_quality,False
8859603,pH,insufficient,,,,1,water_quality,False
8859605,pH,insufficient,,,,1,water_quality,False
8859607,pH,insufficient,,,,1,water_quality,False
8859701,pH,insufficient,,,,3,water_quality,False
8859701,temperature,insufficient,,,,1,water_quality,False
8859705,pH,insufficient,,,,1,water_quality,False
8859705,phosphorus,insufficient,,,,1,water_quality,False
8859705,temperature,insufficient,,,,1,water_quality,False
8859902,pH,insufficient,,,,1,water_quality,False
8859902,temperature,insufficient,,,,1,water_quality,False
8859903,pH,insufficient,,,,1,water_quality,False
8859903,temperature,insufficient,,,,1,water_quality,False
8859904,pH,insufficient,,,,2,water_quality,False
8859905,pH,insufficient,,,,1,water_quality,False
8859906,pH,insufficient,,,,1,water_quality,False
8859907,pH,insufficient,,,,1,water_quality,False
8859908,pH,insufficient,,,,1,water_quality,False
8859910,pH,insufficient,,,,1,water_quality,False
8859913,pH,insufficient,,,,1,water_quality,False
8860101,nitrogen,insufficient,,,,1,water_quality,False
8860101,pH,no trend,0.4624327264504764,-0.07374999999999976,7.4475,5,water_quality,False
8860101,temperature,insufficient,,,,3,water_quality,False
8860102,pH,insufficient,,,,1,water_quality,False
8860401,pH,insufficient,,,,1,water_quality,False
8860402,pH,insufficient,,,,1,water_quality,False
8860402,temperature,insufficient,,,,1,water_quality,False
8860403,pH,insufficient,,,,1,water_quality,False
8860409,pH,insufficient,,,,1,water_quality,False
8860412,pH,insufficient,,,,1,water_quality,False
8860412,phosphorus,insufficient,,,,1,water_quality,False
8860412,temperature,insufficient,,,,1,water_quality,False
8860414,pH,insufficient,,,,1,water_quality,False
8860414,phosphorus,insufficient,,,,1,water_quality,False
8860414,temperature,insufficient,,,,1,water_quality,False
8860501,pH,insufficient,,,,1,water_quality,False
8860502,pH,insufficient,,,,1,water_quality,False
8860502,temperature,insufficient,,,,1,water_quality,False
8860503,pH,insufficient,,,,1,water_quality,False
8860504,pH,insufficient,,,,1,water_quality,False
8860507,pH,insufficient,,,,1,water_quality,False
8860510,pH,insufficient,,,,3,water_quality,False
8860510,temperature,insufficient,,,,2,water_quality,False
8860701,pH,insufficient,,,,1,water_quality,False
8860702,pH,insufficient,,,,1,water_quality,False
8860703,pH,insufficient,,,,2,water_quality,False
8860703,temperature,insufficient,,,,1,water_quality,False
8860705,pH,insufficient,,,,1,water_quality,False
8860706,pH,insufficient,,,,1,water_quality,False
8860707,pH,insufficient,,,,1,water_quality,False
8860708,pH,insufficient,,,,1,water_quality,False
8860708,temperature,insufficient,,,,1,water_quality,False
8860709,pH,insufficient,,,,3,water_quality,False
8860709,temperature,insufficient,,,,1,water_quality,False
8860710,pH,insufficient,,,,1,water_quality,False
8860711,pH,insufficient,,,,2,water_quality,False
8860713,pH,insufficient,,,,1,water_quality,False
8860714,pH,insufficient,,,,1,water_quality,False
8860718,pH,insufficient,,,,1,water_quality,False
8860719,pH,insufficient,,,,1,water_quality,False
8860719,temperature,insufficient,,,,1,water_quality,False
8860720,pH,insufficient,,,,1,water_quality,False
8860721,pH,insufficient,,,,1,water_quality,False
8860723,pH,insufficient,,,,1,water_quality,False
8860723,temperature,insufficient,,,,1,water_quality,False
8860801,pH,insufficient,,,,1,water_quality,False
8860802,pH,insufficient,,,,1,water_quality,False
8860803,pH,insufficient,,,,1,water_quality,False
8860806,pH,insufficient,,,,1,water_quality,False
8860806,temperature,insufficient,,,,1,water_quality,False
8860807,nitrogen,insufficient,,,,1,water_quality,False
8860812,pH,insufficient,,,,3,water_quality,False
8860812,phosphorus,insufficient,,,,3,water_quality,False
8860812,temperature,insufficient,,,,3,water_quality,False
8860901,pH,insufficient,,,,1,water_quality,False
8860901,temperature,insufficient,,,,1,water_quality,False
8860902,pH,no trend,1.0,-0.033333333333333506,7.8,4,water_quality,False
8860902,temperature,insufficient,,,,3,water_quality,False
8861401,pH,insufficient,,,,1,water_quality,False
8861701,pH,insufficient,,,,1,water_quality,False
8861701,temperature,insufficient,,,,1,water_quality,False
8861702,pH,insufficient,,,,1,water_quality,False
8861702,temperature,insufficient,,,,1,water_quality,False
8863601,pH,insufficient,,,,1,water_quality,False
8904101,pH,insufficient,,,,1,water_quality,False
8904102,pH,insufficient,,,,1,water_quality,False
8904103,pH,insufficient,,,,1,water_quality,False
8904105,pH,insufficient,,,,1,water_quality,False
8904105,temperature,insufficient,,,,1,water_quality,False
8904106,pH,insufficient,,,,1,water_quality,False
8904106,temperature,insufficient,,,,1,water_quality,False
8904107,pH,no trend,1.0,-0.1166666666666667,8.125,4,water_quality,False
8904107,temperature,no trend,1.0,-0.16666666666666669,27.75,4,water_quality,False
8904108,pH,insufficient,,,,1,water_quality,False
8904108,temperature,insufficient,,,,1,water_quality,False
8904109,pH,insufficient,,,,1,water_quality,False
8904109,temperature,insufficient,,,,1,water_quality,False
8904110,pH,insufficient,,,,1,water_quality,False
8904111,pH,insufficient,,,,1,water_quality,False
8904111,temperature,insufficient,,,,1,water_quality,False
8904112,pH,insufficient,,,,1,water_quality,False
8904112,temperature,insufficient,,,,1,water_quality,False
8904113,pH,insufficient,,,,1,water_quality,False
8904113,temperature,insufficient,,,,1,water_quality,False
8904114,pH,insufficient,,,,1,water_quality,False
8904114,temperature,insufficient,,,,1,water_quality,False
8904119,nitrogen,insufficient,,,,1,water_quality,False
8904119,pH,insufficient,,,,1,water_quality,False
8904119,phosphorus,insufficient,,,,1,water_quality,False
8904119,temperature,insufficient,,,,1,water_quality,False
8904201,pH,insufficient,,,,1,water_quality,False
8904203,pH,insufficient,,,,1,water_quality,False
8904207,pH,insufficient,,,,1,water_quality,False
8904208,pH,insufficient,,,,1,water_quality,False
8904208,temperature,insufficient,,,,1,water_quality,False
8904209,pH,insufficient,,,,2,water_quality,False
8904209,temperature,insufficient,,,,1,water_quality,False
8904210,pH,insufficient,,,,1,water_quality,False
8904210,temperature,insufficient,,,,1,water_quality,False
8904211,pH,insufficient,,,,1,water_quality,False
8904211,temperature,insufficient,,,,1,water_quality,False
8904301,pH,insufficient,,,,2,water_quality,False
8904301,temperature,insufficient,,,,2,water_quality,False
8904302,pH,insufficient,,,,1,water_quality,False
8904302,temperature,insufficient,,,,1,water_quality,False
8904303,pH,insufficient,,,,1,water_quality,False
8904303,temperature,insufficient,,,,1,water_quality,False
8904305,pH,insufficient,,,,1,water_quality,False
8904308,pH,insufficient,,,,1,water_quality,False
8904308,temperature,insufficient,,,,1,water_quality,False
8904309,pH,insufficient,,,,2,water_quality,False
8904309,temperature,insufficient,,,,1,water_quality,False
8904310,pH,insufficient,,,,2,water_quality,False
8904310,temperature,insufficient,,,,1,water_quality,False
8904501,pH,insufficient,,,,1,water_quality,False
8904501,temperature,insufficient,,,,1,water_quality,False
8904503,pH,insufficient,,,,1,water_quality,False
8904503,temperature,insufficient,,,,1,water_quality,False
8904504,pH,insufficient,,,,1,water_quality,False
8904504,temperature,insufficient,,,,1,water_quality,False
8904505,pH,insufficient,,,,1,water_quality,False
8904505,temperature,insufficient,,,,1,water_quality,False
8904506,pH,insufficient,,,,1,water_quality,False
8904506,temperature,insufficient,,,,1,water_quality,False
8904507,pH,insufficient,,,,1,water_quality,False
8904507,temperature,insufficient,,,,1,water_quality,False
8904508,pH,insufficient,,,,2,water_quality,False
8904508,temperature,insufficient,,,,1,water_quality,False
8904509,pH,insufficient,,,,1,water_quality,False
8904510,pH,insufficient,,,,1,water_quality,False
8904510,temperature,insufficient,,,,1,water_quality,False
8904602,pH,insufficient,,,,1,water_quality,False
8904603,pH,insufficient,,,,1,water_quality,False
8904603,temperature,insufficient,,,,1,water_quality,False
8904606,pH,insufficient,,,,1,water_quality,False
8904606,temperature,insufficient,,,,1,water_quality,False
8904608,nitrogen,insufficient,,,,1,water_quality,False
8904608,pH,no trend,0.6133543559547467,-0.08333333333333362,8.366666666666667,5,water_quality,False
8904608,temperature,no trend,0.08942935902899363,0.8666666666666665,25.2,4,water_quality,False
8904609,pH,insufficient,,,,1,water_quality,False
8904609,temperature,insufficient,,,,1,water_quality,False
8904610,pH,insufficient,,,,1,water_quality,False
8904610,temperature,insufficient,,,,1,water_quality,False
8904611,pH,insufficient,,,,1,water_quality,False
8904611,temperature,insufficient,,,,1,water_quality,False
8904612,pH,insufficient,,,,1,water_quality,False
8904612,temperature,insufficient,,,,1,water_quality,False
8904613,pH,insufficient,,,,1,water_quality,False
8904613,temperature,insufficient,,,,1,water_quality,False
8904614,pH,insufficient,,,,1,water_quality,False
8904614,temperature,insufficient,,,,1,water_quality,False
8904615,pH,insufficient,,,,1,water_quality,False
8904616,pH,insufficient,,,,2,water_quality,False
8904616,temperature,insufficient,,,,2,water_quality,False
8904618,pH,insufficient,,,,1,water_quality,False
8904620,pH,insufficient,,,,1,water_quality,False
8904623,pH,insufficient,,,,1,water_quality,False
8904623,temperature,insufficient,,,,1,water_quality,False
8904624,pH,insufficient,,,,1,water_quality,False
8904624,temperature,insufficient,,,,1,water_quality,False
8904625,pH,insufficient,,,,1,water_quality,False
8904626,pH,insufficient,,,,1,water_quality,False
8904627,pH,insufficient,,,,1,water_quality,False
8904627,temperature,insufficient,,,,1,water_quality,False
8904628,pH,insufficient,,,,2,water_quality,False
8904628,temperature,insufficient,,,,1,water_quality,False
8904629,pH,insufficient,,,,1,water_quality,False
8904629,temperature,insufficient,,,,1,water_quality,False
8904630,pH,insufficient,,,,1,water_quality,False
8904630,temperature,insufficient,,,,1,water_quality,False
8904631,pH,insufficient,,,,1,water_quality,False
8904631,temperature,insufficient,,,,1,water_quality,False
8904632,pH,insufficient,,,,1,water_quality,False
8904633,pH,insufficient,,,,2,water_quality,False
8904633,temperature,insufficient,,,,2,water_quality,False
8904902,pH,insufficient,,,,1,water_quality,False
8904902,temperature,insufficient,,,,1,water_quality,False
8904903,pH,insufficient,,,,1,water_quality,False
8904903,temperature,insufficient,,,,1,water_quality,False
8905101,pH,insufficient,,,,1,water_quality,False
8905102,pH,insufficient,,,,2,water_quality,False
8905102,temperature,insufficient,,,,1,water_quality,False
8905201,pH,insufficient,,,,1,water_quality,False
8905201,temperature,insufficient,,,,1,water_quality,False
8905402,pH,insufficient,,,,1,water_quality,False
8905404,pH,insufficient,,,,1,water_quality,False
8905405,pH,insufficient,,,,1,water_quality,False
8905405,temperature,insufficient,,,,1,water_quality,False
8905701,pH,insufficient,,,,1,water_quality,False
8905701,temperature,insufficient,,,,1,water_quality,False
