monitoring_location_id,datetime,depth_from_lsd_ft,water_elevation_ft,measuring_agency,priority_group,huc8
8631901,1950-11-01,92,138,Other or Source of Measurement Unknown,water_level,13090001
8631901,1953-11-18,47.78,182.22,Other or Source of Measurement Unknown,water_level,13090001
8631901,1954-06-22,46.95,183.05,Other or Source of Measurement Unknown,water_level,13090001
8631901,1955-04-14,46.62,183.38,Other or Source of Measurement Unknown,water_level,13090001
8631901,1956-01-10,46.75,183.25,Other or Source of Measurement Unknown,water_level,13090001
8631901,1957-01-09,47.06,182.94,Other or Source of Measurement Unknown,water_level,13090001
8631901,1958-02-05,46.58,183.42,Other or Source of Measurement Unknown,water_level,13090001
8631901,1959-07-20,46.13,183.87,Other or Source of Measurement Unknown,water_level,13090001
8631901,1962-06-25,,,Texas Water Development Board,water_level,13090001
8631902,1950-11-01,49.73,174.27,U.S. Geological Survey,water_level,13090001
8632101,1950-11-02,214.52,197.48,U.S. Geological Survey,water_level,13090001
8632201,1950-11-02,254.32,220.68,U.S. Geological Survey,water_level,13090001
8632202,1950-11-05,186.12,228.88,U.S. Geological Survey,water_level,13090001
8632203,1950-11-02,218.59,196.41,U.S. Geological Survey,water_level,13090001
8632301,1956-01-10,33.95,354.05,Other or Source of Measurement Unknown,water_level,13090001
8632301,1957-01-09,29.28,358.72,Other or Source of Measurement Unknown,water_level,13090001
8632301,1958-02-05,27.38,360.62,Other or Source of Measurement Unknown,water_level,13090001
8632301,1959-07-20,29.95,358.05,Other or Source of Measurement Unknown,water_level,13090001
8632301,1962-06-25,7.21,380.79,Texas Water Development Board,water_level,13090001
8632301,1963-08-13,,,Texas Water Development Board,water_level,13090001
8632302,1950-10-31,184.24,223.76,U.S. Geological Survey,water_level,13090001
8632401,1950-12-15,154.58,145.42,U.S. Geological Survey,water_level,13090001
8632402,1951-01-10,109,191,U.S. Geological Survey,water_level,13090001
8632403,,38,222,U.S. Geological Survey,water_level,13090001
8632601,1972-03-09,250,222,Registered Water Well Driller,water_level,13090001
8632602,1950-10-31,182.5,289.5,Other or Source of Measurement Unknown,water_level,13090001
8632602,1953-11-18,173.9,298.1,Other or Source of Measurement Unknown,water_level,13090001
8632602,1954-06-23,176.1,295.9,Other or Source of Measurement Unknown,water_level,13090001
8632602,1955-04-14,179.53,292.47,Other or Source of Measurement Unknown,water_level,13090001
8632602,1956-01-10,175.05,296.95,Other or Source of Measurement Unknown,water_level,13090001
8632602,1957-01-09,176.01,295.99,Other or Source of Measurement Unknown,water_level,13090001
8632602,1958-02-05,174.25,297.75,Other or Source of Measurement Unknown,water_level,13090001
8632602,1959-07-20,177.97,294.03,Other or Source of Measurement Unknown,water_level,13090001
8632602,1962-06-25,,,Texas Water Development Board,water_level,13090001
8632603,1950-11-20,187.54,207.46,U.S. Geological Survey,water_level,13090001
8632604,1950-10-31,59.44,375.56,U.S. Geological Survey,water_level,13090001
8632605,1950-10-31,237.3,192.7,Other or Source of Measurement Unknown,water_level,13090001
8632605,1953-11-17,238.68,191.32,Other or Source of Measurement Unknown,water_level,13090001
8632605,1954-06-23,239.09,190.91,Other or Source of Measurement Unknown,water_level,13090001
8632605,1955-04-14,240.46,189.54,Other or Source of Measurement Unknown,water_level,13090001
8632605,1956-01-10,236.87,193.13,Other or Source of Measurement Unknown,water_level,13090001
8632605,1957-01-09,238.24,191.76,Other or Source of Measurement Unknown,water_level,13090001
8632605,1958-02-05,237.91,192.09,Other or Source of Measurement Unknown,water_level,13090001
8632605,1962-06-25,237.43,192.57,Texas Water Development Board,water_level,13090001
8632605,1963-08-13,,,Texas Water Development Board,water_level,13090001
8632801,1945-09-11,106.47,185.53,U.S. Geological Survey,water_level,13090001
8632901,1961-07-17,121.9,268.1,Texas Commission on Environmental Quality,water_level,13090001
8632903,1950-11-01,57.22,268.78,U.S. Geological Survey,water_level,13090001
8632904,1950-11-01,135.72,261.28,U.S. Geological Survey,water_level,13090001
8632905,1950-10-31,233.2,174.8,U.S. Geological Survey,water_level,13090001
8632906,1950-11-01,105.84,227.16,U.S. Geological Survey,water_level,13090001
8632906,2005-03-16,75.55,257.45,Texas Water Development Board,water_level,13090001
8632906,2022-06-08,71.38,261.62,Texas Water Development Board,water_level,13090001
8640201,1945-08-31,94,191,Other or Source of Measurement Unknown,water_level,13090001
8640201,1950-12-07,101.2,183.8,Other or Source of Measurement Unknown,water_level,13090001
8640201,1953-11-18,100.25,184.75,Other or Source of Measurement Unknown,water_level,13090001
8640201,1954-06-22,101.33,183.67,Other or Source of Measurement Unknown,water_level,13090001
8640201,1955-04-14,104,181,Other or Source of Measurement Unknown,water_level,13090001
8640201,1956-01-10,100.3,184.7,Other or Source of Measurement Unknown,water_level,13090001
8640201,1957-01-09,99.57,185.43,Other or Source of Measurement Unknown,water_level,13090001
8640201,1958-02-05,99.2,185.8,Other or Source of Measurement Unknown,water_level,13090001
8640201,1962-06-20,,,Texas Water Development Board,water_level,13090001
8640202,1945-08-31,169.5,200.5,Other or Source of Measurement Unknown,water_level,13090001
8640202,1950-12-07,176.1,193.9,Other or Source of Measurement Unknown,water_level,13090001
8640202,1953-11-17,168.46,201.54,Other or Source of Measurement Unknown,water_level,13090001
8640202,1954-06-22,171.8,198.2,Other or Source of Measurement Unknown,water_level,13090001
8640202,1955-04-14,174.12,195.88,Other or Source of Measurement Unknown,water_level,13090001
8640202,1956-01-10,169.93,200.07,Other or Source of Measurement Unknown,water_level,13090001
8640202,1957-01-09,170.72,199.28,Other or Source of Measurement Unknown,water_level,13090001
8640202,1958-02-06,169.33,200.67,Other or Source of Measurement Unknown,water_level,13090001
8640202,1959-07-20,171.2,198.8,Other or Source of Measurement Unknown,water_level,13090001
8640202,1962-06-25,,,Texas Water Development Board,water_level,13090001
8640202,1963-08-13,,,Texas Water Development Board,water_level,13090001
8640203,1994-04-14,61.05,178.95,Texas Water Development Board,water_level,13090001
8640301,1950-11-01,108.35,220.65,U.S. Geological Survey,water_level,13090001
8640501,1950-12-07,141.48,241.52,U.S. Geological Survey,water_level,13090001
8640502,1957-09-09,10.5,196.5,Other or Source of Measurement Unknown,water_level,13090001
8640502,1963-08-13,10.5,196.5,Texas Water Development Board,water_level,13090001
8640502,1964-08-24,11.52,195.48,Texas Water Development Board,water_level,13090001
8640502,1965-08-10,12.48,194.52,Texas Water Development Board,water_level,13090001
8640502,1966-07-26,12.69,194.31,Texas Water Development Board,water_level,13090001
8640502,1967-07-25,8.92,198.08,Texas Water Development Board,water_level,13090001
8640502,1967-10-17,4.08,202.92,Texas Water Development Board,water_level,13090001
8640502,1967-11-16,4.48,202.52,Texas Water Development Board,water_level,13090001
8640502,1968-08-27,5.98,201.02,Texas Water Development Board,water_level,13090001
8640502,1969-08-18,11.02,195.98,Texas Water Development Board,water_level,13090001
8640502,1970-08-17,,,Texas Water Development Board,water_level,13090001
8640502,1971-08-13,,,Texas Water Development Board,water_level,13090001
8640601,1945-08-30,91.3,278.7,U.S. Geological Survey,water_level,13090001
8640701,1957-09-09,14.69,185.31,U.S. Geological Survey,water_level,13090001
8640702,1957-09-09,42.06,157.94,U.S. Geological Survey,water_level,13090001
8640703,1957-09-09,42.49,157.51,U.S. Geological Survey,water_level,13090001
8640901,1945-08-31,40.49,209.51,U.S. Geological Survey,water_level,13090001
8640901,1945-09-30,40.5,209.5,Other or Source of Measurement Unknown,water_level,13090001
8640901,1953-11-18,38.2,211.8,Other or Source of Measurement Unknown,water_level,13090001
8640901,1954-06-22,38.82,211.18,Other or Source of Measurement Unknown,water_level,13090001
8640901,1955-04-14,40.85,209.15,Other or Source of Measurement Unknown,water_level,13090001
8640901,1956-01-10,38.79,211.21,Other or Source of Measurement Unknown,water_level,13090001
8640901,1957-01-09,37.88,212.12,Other or Source of Measurement Unknown,water_level,13090001
8640901,1958-02-05,38.57,211.43,Other or Source of Measurement Unknown,water_level,13090001
8640901,1959-07-20,39.04,210.96,Other or Source of Measurement Unknown,water_level,13090001
8640901,1962-06-25,39.05,210.95,Texas Water Development Board,water_level,13090001
8640901,1963-08-13,,,Texas Water Development Board,water_level,13090001
8709801,1950-10-23,109.98,332.02,U.S. Geological Survey,water_level,13090001
8709901,1950-10-26,130.22,310.78,U.S. Geological Survey,water_level,13090001
8709902,1950-10-23,86.77,369.23,U.S. Geological Survey,water_level,13090001
8709903,1950-10-23,28.98,403.02,U.S. Geological Survey,water_level,13090001
8709904,1950-10-26,56.72,374.28,U.S. Geological Survey,water_level,13090001
8710402,1960-07-28,136.18,428.82,U.S. Geological Survey,water_level,13090001
8710402,1977-08-22,163.7,401.3,Texas Water Development Board,water_level,13090001
8710402,1978-02-08,175.9,389.1,Texas Water Development Board,water_level,13090001
8710402,1979-02-13,152.21,412.79,Texas Water Development Board,water_level,13090001
8710402,1980-04-15,149.12,415.88,Texas Water Development Board,water_level,13090001
8710402,1980-12-09,154.1,410.9,Texas Water Development Board,water_level,13090001
8710402,1982-02-09,157.94,407.06,Texas Water Development Board,water_level,13090001
8710402,1983-02-07,156.75,408.25,Texas Water Development Board,water_level,13090001
8710402,1985-02-20,,,Texas Water Development Board,water_level,13090001
8710402,1985-12-03,150.3,414.7,Texas Water Development Board,water_level,13090001
8710402,1987-01-12,,,Texas Water Development Board,water_level,13090001
8710402,1988-01-01,151.07,413.93,Texas Water Development Board,water_level,13090001
8710402,1988-01-08,151.07,413.93,Texas Water Development Board,water_level,13090001
8710402,1989-02-27,151,414,Texas Water Development Board,water_level,13090001
8710402,1990-01-09,148.8,416.2,Texas Water Development Board,water_level,13090001
8710402,1991-01-03,,,Texas Water Development Board,water_level,13090001
8710402,1992-01-08,,,Texas Water Development Board,water_level,13090001
8710402,1993-01-05,,,Texas Water Development Board,water_level,13090001
8710402,1993-11-23,147.2,417.8,Texas Water Development Board,water_level,13090001
8710402,1996-01-31,162.1,402.9,Texas Water Development Board,water_level,13090001
8710402,1997-02-11,,,Texas Water Development Board,water_level,13090001
8710402,1997-05-06,,,Texas Water Development Board,water_level,13090001
8710701,1950-10-26,27.4,427.6,U.S. Geological Survey,water_level,13090001
8710702,1950-10-26,132.2,413.8,Other or Source of Measurement Unknown,water_level,13090001
8710702,1953-11-18,132.91,413.09,Other or Source of Measurement Unknown,water_level,13090001
8710702,1954-06-23,134.7,411.3,Other or Source of Measurement Unknown,water_level,13090001
8710702,1955-04-14,135.65,410.35,Other or Source of Measurement Unknown,water_level,13090001
8710702,1956-01-10,132.89,413.11,Other or Source of Measurement Unknown,water_level,13090001
8710702,1957-01-09,133.69,412.31,Other or Source of Measurement Unknown,water_level,13090001
8710702,1958-02-05,133.05,412.95,Other or Source of Measurement Unknown,water_level,13090001
8710702,1959-07-20,134.87,411.13,Other or Source of Measurement Unknown,water_level,13090001
8710702,1962-06-25,134.63,411.37,Texas Water Development Board,water_level,13090001
8710702,1963-08-13,,,Texas Water Development Board,water_level,13090001
8710702,1975-09-10,141.1,404.9,Texas Water Development Board,water_level,13090001
8710702,1976-08-18,141.4,404.6,Texas Water Development Board,water_level,13090001
8710702,1977-08-04,145.2,400.8,Texas Water Development Board,water_level,13090001
8710702,1978-08-22,148.39,397.61,Texas Water Development Board,water_level,13090001
8710702,1979-08-22,144.27,401.73,Texas Water Development Board,water_level,13090001
8710702,1980-09-19,138.9,407.1,Texas Water Development Board,water_level,13090001
8710702,1980-12-09,143.2,402.8,Texas Water Development Board,water_level,13090001
8710702,1982-02-09,143.66,402.34,Texas Water Development Board,water_level,13090001
8710702,1983-02-16,148.05,397.95,Texas Water Development Board,water_level,13090001
8710702,1984-02-15,140.77,405.23,Texas Water Development Board,water_level,13090001
8710702,1985-02-20,,,Texas Water Development Board,water_level,13090001
8710702,1985-12-03,141.56,404.44,Texas Water Development Board,water_level,13090001
8710702,1987-01-12,137.67,408.33,Texas Water Development Board,water_level,13090001
8710702,1988-01-08,141.06,404.94,Texas Water Development Board,water_level,13090001
8710702,1989-01-17,135.7,410.3,Texas Water Development Board,water_level,13090001
8710702,1990-01-09,135.5,410.5,Texas Water Development Board,water_level,13090001
8710702,1991-01-03,,,Texas Water Development Board,water_level,13090001
8710702,1991-12-09,,,Texas Water Development Board,water_level,13090001
8710702,1993-01-05,,,Texas Water Development Board,water_level,13090001
8710702,1994-11-09,141.76,404.24,Texas Water Development Board,water_level,13090001
8710702,1996-02-21,,,Texas Water Development Board,water_level,13090001
8710702,1997-02-11,,,Texas Water Development Board,water_level,13090001
8710703,1950-10-26,25.99,435.01,U.S. Geological Survey,water_level,13090001
8710901,1951-03-06,22.49,522.51,U.S. Geological Survey,water_level,13090001
8710902,1951-03-06,94.87,445.13,U.S. Geological Survey,water_level,13090001
8711701,1951-03-06,188.7,357.3,U.S. Geological Survey,water_level,13090001
8711704,1951-03-06,145.14,394.86,U.S. Geological Survey,water_level,13090001
8717101,1950-10-23,151.32,263.68,U.S. Geological Survey,water_level,13090001
8717202,1950-10-18,47.37,302.63,U.S. Geological Survey,water_level,13090001
8717401,1950-10-18,32.3,387.7,U.S. Geological Survey,water_level,13090001
8717401,1953-11-18,12.48,407.52,Other or Source of Measurement Unknown,water_level,13090001
8717401,1954-06-23,12.76,407.24,Other or Source of Measurement Unknown,water_level,13090001
8717401,1955-04-14,13.1,406.9,Other or Source of Measurement Unknown,water_level,13090001
8717401,1956-01-10,40.66,379.34,Other or Source of Measurement Unknown,water_level,13090001
8717401,1957-01-09,41.22,378.78,Other or Source of Measurement Unknown,water_level,13090001
8717401,1958-02-05,34.78,385.22,Other or Source of Measurement Unknown,water_level,13090001
8717401,1959-07-20,36.26,383.74,Other or Source of Measurement Unknown,water_level,13090001
8717401,1962-06-25,34.81,385.19,Texas Water Development Board,water_level,13090001
8717401,1963-08-13,,,Texas Water Development Board,water_level,13090001
8717402,1950-10-18,,,U.S. Geological Survey,water_level,13090001
8717601,,60,260,Well Owner or Operator,water_level,13090001
8717602,1950-10-17,12,309,Well Owner or Operator,water_level,13090001
8717603,1950-10-17,16,324,U.S. Geological Survey,water_level,13090001
8717604,1950-10-17,8,307,Well Owner or Operator,water_level,13090001
8717605,1961-07-17,125.71,224.29,U.S. Geological Survey,water_level,13090001
8717606,1950-10-18,16.1,333.9,U.S. Geological Survey,water_level,13090001
8717701,1950-10-18,125.37,329.63,U.S. Geological Survey,water_level,13090001
8717801,1950-10-18,79.29,247.71,U.S. Geological Survey,water_level,13090001
8718101,1950-10-26,35.44,389.56,U.S. Geological Survey,water_level,13090001
8718101,1953-11-18,19.37,405.63,U.S. Geological Survey,water_level,13090001
8718101,1954-06-23,21.2,403.8,Other or Source of Measurement Unknown,water_level,13090001
8718101,1955-04-14,21.53,403.47,Other or Source of Measurement Unknown,water_level,13090001
8718101,1956-01-10,20.29,404.71,Other or Source of Measurement Unknown,water_level,13090001
8718101,1957-01-09,20.04,404.96,Other or Source of Measurement Unknown,water_level,13090001
8718101,1958-02-05,19.84,405.16,Other or Source of Measurement Unknown,water_level,13090001
8718101,1959-07-20,21.17,403.83,Other or Source of Measurement Unknown,water_level,13090001
8718101,1962-06-21,25.18,399.82,Texas Water Development Board,water_level,13090001
8718101,1963-08-13,,,Texas Water Development Board,water_level,13090001
8718201,1950-10-23,50.29,364.71,U.S. Geological Survey,water_level,13090001
8718301,1951-03-06,166.07,364.93,U.S. Geological Survey,water_level,13090001
8718402,1950-10-23,22.92,370.08,U.S. Geological Survey,water_level,13090001
8718403,1950-10-23,25.5,364.5,U.S. Geological Survey,water_level,13090001
8718404,1950-10-23,26.7,343.3,U.S. Geological Survey,water_level,13090001
8718405,1950-10-23,26.86,345.14,U.S. Geological Survey,water_level,13090001
8718502,1950-11-16,197.54,184.46,U.S. Geological Survey,water_level,13090001
8718504,1986-07-03,25,340,Registered Water Well Driller,water_level,13090001
8718603,1950-10-25,190.1,284.9,Other or Source of Measurement Unknown,water_level,13090001
8718603,1950-11-16,190.17,284.83,U.S. Geological Survey,water_level,13090001
8718603,1953-11-15,179.14,295.86,Other or Source of Measurement Unknown,water_level,13090001
8718603,1954-06-23,180.31,294.69,Other or Source of Measurement Unknown,water_level,13090001
8718603,1955-04-14,182.36,292.64,Other or Source of Measurement Unknown,water_level,13090001
8718603,1956-01-11,208.97,266.03,Other or Source of Measurement Unknown,water_level,13090001
8718603,1957-01-09,206.45,268.55,Other or Source of Measurement Unknown,water_level,13090001
8718603,1958-02-05,206.9,268.1,Other or Source of Measurement Unknown,water_level,13090001
8718603,1959-07-20,208.53,266.47,Other or Source of Measurement Unknown,water_level,13090001
8718603,1962-06-21,,,Texas Water Development Board,water_level,13090001
8718604,1984-06-26,191.02,283.98,Texas Water Development Board,water_level,13090001
8718604,1985-02-20,247.15,227.85,Texas Water Development Board,water_level,13090001
8718604,1985-12-03,184.44,290.56,Texas Water Development Board,water_level,13090001
8718604,1987-01-12,172.59,302.41,Texas Water Development Board,water_level,13090001
8718604,1988-01-08,189.3,285.7,Texas Water Development Board,water_level,13090001
8718604,1989-01-17,188.5,286.5,Texas Water Development Board,water_level,13090001
8718604,1990-01-09,175.7,299.3,Texas Water Development Board,water_level,13090001
8718604,1991-01-03,174.2,300.8,Texas Water Development Board,water_level,13090001
8718604,1991-12-09,176.9,298.1,Texas Water Development Board,water_level,13090001
8718604,1993-01-05,177.8,297.2,Texas Water Development Board,water_level,13090001
8718604,1993-10-08,181,294,Texas Water Development Board,water_level,13090001
8718604,1994-11-09,,,Texas Water Development Board,water_level,13090001
8718604,1996-02-21,,,Texas Water Development Board,water_level,13090001
8718604,1997-02-11,,,Texas Water Development Board,water_level,13090001
8718701,1950-10-17,40.68,329.32,U.S. Geological Survey,water_level,13090001
8718701,1953-11-19,44.63,325.37,Other or Source of Measurement Unknown,water_level,13090001
8718701,1954-06-22,45.16,324.84,Other or Source of Measurement Unknown,water_level,13090001
8718701,1955-04-14,47.1,322.9,Other or Source of Measurement Unknown,water_level,13090001
8718701,1956-01-10,50.87,319.13,Other or Source of Measurement Unknown,water_level,13090001
8718701,1957-01-09,37.08,332.92,Other or Source of Measurement Unknown,water_level,13090001
8718701,1958-02-03,38.76,331.24,Other or Source of Measurement Unknown,water_level,13090001
8718701,1959-07-20,42.25,327.75,Other or Source of Measurement Unknown,water_level,13090001
8718701,1962-06-21,44.94,325.06,Texas Water Development Board,water_level,13090001
8718701,1963-08-13,,,Texas Water Development Board,water_level,13090001
8718701,1994-11-09,,,Texas Water Development Board,water_level,13090001
8718702,,78,280,Registered Water Well Driller,water_level,13090001
8718901,1999-08-10,186.28,221.72,Texas Water Development Board,water_level,13090001
8718902,1999-08-11,145.6,262.4,Texas Water Development Board,water_level,13090001
8719101,1951-03-06,225.34,314.66,U.S. Geological Survey,water_level,13090001
8719201,1950-10-25,232.46,311.54,U.S. Geological Survey,water_level,13090001
8719701,1950-10-25,185.61,294.39,U.S. Geological Survey,water_level,13090001
8719702,1950-09-13,247.84,267.16,U.S. Geological Survey,water_level,13090001
8719801,1961-07-18,175,360,Well Owner or Operator,water_level,13090001
8719801,1983-10-01,257,278,Registered Water Well Driller,water_level,13090001
8725101,1950-10-19,13.58,386.42,U.S. Geological Survey,water_level,13090001
8725201,1950-10-19,32.17,279.83,U.S. Geological Survey,water_level,13090001
8725301,1950-10-02,13.41,261.59,U.S. Geological Survey,water_level,13090001
8725302,1950-10-02,13.81,261.19,U.S. Geological Survey,water_level,13090001
8725401,1950-11-08,230,170,Registered Water Well Driller,water_level,13090001
8725501,,100,175,Other or Source of Measurement Unknown,water_level,13090001
8725601,1950-11-13,97.21,232.79,U.S. Geological Survey,water_level,13090001
8725601,1953-11-19,126.71,203.29,Other or Source of Measurement Unknown,water_level,13090001
8725601,1954-06-22,124.53,205.47,Other or Source of Measurement Unknown,water_level,13090001
8725601,1955-04-14,127.47,202.53,Other or Source of Measurement Unknown,water_level,13090001
8725601,1956-01-10,127.99,202.01,Other or Source of Measurement Unknown,water_level,13090001
8725601,1957-01-09,127.67,202.33,Other or Source of Measurement Unknown,water_level,13090001
8725601,1958-02-05,124.55,205.45,Other or Source of Measurement Unknown,water_level,13090001
8725601,1959-07-20,127.43,202.57,Other or Source of Measurement Unknown,water_level,13090001
8725601,1962-06-21,134.85,195.15,U.S. Geological Survey,water_level,13090001
8725601,1963-08-13,,,Texas Water Development Board,water_level,13090001
8725602,1971-04-30,60,230,Registered Water Well Driller,water_level,13090001
8725603,1950-10-16,141.94,213.06,U.S. Geological Survey,water_level,13090001
8725802,1950-10-19,44.1,355.9,U.S. Geological Survey,water_level,13090001
8725802,1953-11-19,42.18,357.82,Other or Source of Measurement Unknown,water_level,13090001
8725802,1954-06-21,42.6,357.4,Other or Source of Measurement Unknown,water_level,13090001
8725802,1955-04-14,43.07,356.93,Other or Source of Measurement Unknown,water_level,13090001
8725802,1956-01-10,42.15,357.85,Other or Source of Measurement Unknown,water_level,13090001
8725802,1957-01-09,42.67,357.33,Other or Source of Measurement Unknown,water_level,13090001
8725802,1958-02-05,41.62,358.38,Other or Source of Measurement Unknown,water_level,13090001
8725802,1959-07-20,40.7,359.3,Other or Source of Measurement Unknown,water_level,13090001
8725802,1962-06-21,49.8,350.2,U.S. Geological Survey,water_level,13090001
8725802,1963-08-13,,,Texas Water Development Board,water_level,13090001
8725903,1950-10-02,25.67,294.33,U.S. Geological Survey,water_level,13090001
8726101,1950-10-16,44.16,240.84,U.S. Geological Survey,water_level,13090001
8726302,1999-08-10,242.1,162.9,Texas Water Development Board,water_level,13090001
8726304,1950-09-14,126.97,273.03,U.S. Geological Survey,water_level,13090001
8726305,1950-09-14,163.9,241.1,U.S. Geological Survey,water_level,13090001
8726305,1999-08-10,158.1,246.9,Texas Water Development Board,water_level,13090001
8726401,1950-10-02,7.46,262.54,U.S. Geological Survey,water_level,13090001
8726501,1989-08-08,102,198,Texas Water Development Board,water_level,13090001
8726501,1992-08-26,282.9,17.1,Texas Water Development Board,water_level,13090001
8726501,1993-01-05,,,Texas Water Development Board,water_level,13090001
8726501,1994-01-12,,,Texas Water Development Board,water_level,13090001
8726502,1999-08-10,64.75,254.25,Texas Water Development Board,water_level,13090001
8726601,1950-11-15,100.28,259.72,U.S. Geological Survey,water_level,13090001
8726601,1953-11-20,94.99,265.01,Other or Source of Measurement Unknown,water_level,13090001
8726601,1954-06-23,97.1,262.9,Other or Source of Measurement Unknown,water_level,13090001
8726601,1955-04-14,98.57,261.43,Other or Source of Measurement Unknown,water_level,13090001
8726601,1956-01-11,91.42,268.58,Other or Source of Measurement Unknown,water_level,13090001
8726601,1957-01-09,95.56,264.44,Other or Source of Measurement Unknown,water_level,13090001
8726601,1958-02-05,94.42,265.58,Other or Source of Measurement Unknown,water_level,13090001
8726601,1959-07-20,97.97,262.03,Other or Source of Measurement Unknown,water_level,13090001
8726601,1962-06-21,89.68,270.32,Texas Water Development Board,water_level,13090001
8726601,1963-08-13,,,Texas Water Development Board,water_level,13090001
8726701,1971-08-15,49,206,Registered Water Well Driller,water_level,13090001
8726701,1976-07-07,53,202,Registered Water Well Driller,water_level,13090001
8726702,1950-11-13,58.82,191.18,U.S. Geological Survey,water_level,13090001
8726703,1950-11-13,40,190,Registered Water Well Driller,water_level,13090001
8726704,1950-09-20,42.7,227.3,U.S. Geological Survey,water_level,13090001
8726705,1950-11-13,21.51,228.49,U.S. Geological Survey,water_level,13090001
8726901,1961-07-18,144.82,290.18,U.S. Geological Survey,water_level,13090001
8726902,1950-08-02,64.49,375.51,U.S. Geological Survey,water_level,13090001
8726903,1950-08-02,135.08,279.92,U.S. Geological Survey,water_level,13090001
8727101,1961-07-18,155,300,Registered Water Well Driller,water_level,13090001
8727102,1950-09-14,241.76,251.24,U.S. Geological Survey,water_level,13090001
8727103,1950-09-14,121.44,295.56,U.S. Geological Survey,water_level,13090001
8727104,1950-09-14,199.77,212.23,U.S. Geological Survey,water_level,13090001
8727105,1950-09-14,24.45,405.55,U.S. Geological Survey,water_level,13090001
8727201,1950-09-13,209.45,291.55,U.S. Geological Survey,water_level,13090001
8727301,1950-08-01,193.8,274.2,U.S. Geological Survey,water_level,13090001
8727302,1950-09-13,160.48,314.52,U.S. Geological Survey,water_level,13090001
8727401,1961-07-18,250,154,Registered Water Well Driller,water_level,13090001
8727501,,208,297,Registered Water Well Driller,water_level,13090001
8727601,1950-09-07,208.7,253.3,U.S. Geological Survey,water_level,13090001
8727601,1953-11-19,198.57,263.43,U.S. Geological Survey,water_level,13090001
8727601,1954-06-18,199.93,262.07,Other or Source of Measurement Unknown,water_level,13090001
8727601,1955-04-15,205.3,256.7,Other or Source of Measurement Unknown,water_level,13090001
8727601,1956-01-11,207.91,254.09,Other or Source of Measurement Unknown,water_level,13090001
8727601,1957-01-10,209.4,252.6,Other or Source of Measurement Unknown,water_level,13090001
8727601,1958-02-06,205.09,256.91,Other or Source of Measurement Unknown,water_level,13090001
8727601,1959-07-21,200.56,261.44,Other or Source of Measurement Unknown,water_level,13090001
8727601,1962-06-21,204.11,257.89,Texas Water Development Board,water_level,13090001
8727601,1963-08-13,,,Texas Water Development Board,water_level,13090001
8727602,1950-08-03,200,223,Other or Source of Measurement Unknown,water_level,13090001
8727603,1950-09-13,189.92,250.08,U.S. Geological Survey,water_level,13090001
8727701,1950-09-20,217.09,239.91,U.S. Geological Survey,water_level,13090001
8727702,1950-09-07,259.97,238.03,U.S. Geological Survey,water_level,13090001
8727703,2003-11-21,158,317,Registered Water Well Driller,water_level,13090001
8727703,2013-01-15,164.2,310.8,Texas Water Development Board,water_level,13090001
8727703,2014-01-30,155.51,319.49,Texas Water Development Board,water_level,13090001
8727703,2015-03-13,164.34,310.66,Texas Water Development Board,water_level,13090001
8727703,2016-01-27,166.65,308.35,Texas Water Development Board,water_level,13090001
8727703,2017-01-11,168.35,306.65,Texas Water Development Board,water_level,13090001
8727703,2018-01-18,184.56,290.44,Texas Water Development Board,water_level,13090001
8727703,2019-03-19,203.48,271.52,Texas Water Development Board,water_level,13090001
8727703,2020-01-28,,,Texas Water Development Board,water_level,13090001
8727703,2021-01-28,,,Texas Water Development Board,water_level,13090001
8727703,2022-01-14,153.8,321.2,Texas Water Development Board,water_level,13090001
8727703,2023-01-25,,,Texas Water Development Board,water_level,13090001
8727703,2024-01-30,,,Texas Water Development Board,water_level,13090001
8727703,2025-01-29,,,Texas Water Development Board,water_level,13090001
8727703,2026-01-27,,,Texas Water Development Board,water_level,13090001
8727704,2014-01-30,181.35,289.65,Texas Water Development Board,water_level,13090001
8727704,2015-03-13,191.7,279.3,Texas Water Development Board,water_level,13090001
8727704,2016-01-27,184.25,286.75,Texas Water Development Board,water_level,13090001
8727704,2017-01-11,171.8,299.2,Texas Water Development Board,water_level,13090001
8727704,2018-01-18,172.02,298.98,Texas Water Development Board,water_level,13090001
8727704,2019-03-19,173.79,297.21,Texas Water Development Board,water_level,13090001
8727704,2020-01-28,,,Texas Water Development Board,water_level,13090001
8727704,2021-01-28,,,Texas Water Development Board,water_level,13090001
8727704,2022-01-14,,,Texas Water Development Board,water_level,13090001
8727704,2023-01-25,174.69,296.31,Texas Water Development Board,water_level,13090001
8727704,2024-01-30,,,Texas Water Development Board,water_level,13090001
8727704,2025-01-29,,,Texas Water Development Board,water_level,13090001
8727704,2026-01-27,,,Texas Water Development Board,water_level,13090001
8727705,2017-01-11,184.68,255.32,Texas Water Development Board,water_level,13090001
8727705,2018-01-18,176.58,263.42,Texas Water Development Board,water_level,13090001
8727705,2019-03-19,176.4,263.6,Texas Water Development Board,water_level,13090001
8727705,2020-01-28,,,Texas Water Development Board,water_level,13090001
8727705,2021-01-28,,,Texas Water Development Board,water_level,13090001
8727705,2022-01-14,,,Texas Water Development Board,water_level,13090001
8727705,2023-01-25,207.82,232.18,Texas Water Development Board,water_level,13090001
8727705,2024-01-30,,,Texas Water Development Board,water_level,13090001
8727705,2025-01-29,,,Texas Water Development Board,water_level,13090001
8727705,2026-01-27,,,Texas Water Development Board,water_level,13090001
8727801,1961-07-18,249,279,Registered Water Well Driller,water_level,13090001
8727803,1992-06-18,,,Other or Source of Measurement Unknown,water_level,13090001
8727803,2005-03-17,258.89,206.11,Texas Water Development Board,water_level,13090001
8727804,2013-01-15,143.35,298.65,Texas Water Development Board,water_level,13090001
8727804,2014-01-30,144.17,297.83,Texas Water Development Board,water_level,13090001
8727804,2015-03-13,145.01,296.99,Texas Water Development Board,water_level,13090001
8727804,2016-01-27,145.97,296.03,Texas Water Development Board,water_level,13090001
8727804,2017-01-11,146.59,295.41,Texas Water Development Board,water_level,13090001
8727804,2018-01-18,147.68,294.32,Texas Water Development Board,water_level,13090001
8727804,2019-01-23,147.95,294.05,Texas Water Development Board,water_level,13090001
8727804,2020-01-28,149.3,292.7,Texas Water Development Board,water_level,13090001
8727804,2021-01-27,149.79,292.21,Texas Water Development Board,water_level,13090001
8727804,2022-01-14,150.54,291.46,Texas Water Development Board,water_level,13090001
8727804,2023-01-25,151.34,290.66,Texas Water Development Board,water_level,13090001
8727804,2024-01-30,152.18,289.82,Texas Water Development Board,water_level,13090001
8727804,2025-01-29,153.05,288.95,Texas Water Development Board,water_level,13090001
8727804,2026-01-27,154.71,287.29,Texas Water Development Board,water_level,13090001
8727901,1950-09-13,167.23,221.77,U.S. Geological Survey,water_level,13090001
8727902,1951-01-10,168.57,246.43,U.S. Geological Survey,water_level,13090001
8727903,1950-11-15,159.52,215.48,U.S. Geological Survey,water_level,13090001
8727903,1953-11-19,132.38,242.62,Other or Source of Measurement Unknown,water_level,13090001
8727903,1954-06-24,135.12,239.88,Other or Source of Measurement Unknown,water_level,13090001
8727903,1955-04-15,137.47,237.53,Other or Source of Measurement Unknown,water_level,13090001
8727903,1956-01-11,139.52,235.48,Other or Source of Measurement Unknown,water_level,13090001
8727903,1957-01-10,146.15,228.85,Other or Source of Measurement Unknown,water_level,13090001
8727903,1958-02-06,148.79,226.21,Other or Source of Measurement Unknown,water_level,13090001
8727903,1959-07-21,150.21,224.79,Other or Source of Measurement Unknown,water_level,13090001
8727903,1962-06-20,138.39,236.61,Texas Water Development Board,water_level,13090001
8727903,1963-08-13,,,Texas Water Development Board,water_level,13090001
8727904,2025-05-14,100,339,Well Owner or Operator,water_level,13090001
8728105,1950-09-07,121.6,307.4,U.S. Geological Survey,water_level,13090001
8728106,1950-09-07,20.5,407.5,U.S. Geological Survey,water_level,13090001
8728402,1950-09-13,172.3,282.7,U.S. Geological Survey,water_level,13090001
8728402,1953-12-02,176.2,278.8,Other or Source of Measurement Unknown,water_level,13090001
8728402,1954-06-22,177.23,277.77,Other or Source of Measurement Unknown,water_level,13090001
8728402,1955-04-15,179.92,275.08,Other or Source of Measurement Unknown,water_level,13090001
8728402,1962-06-20,216.75,238.25,Texas Water Development Board,water_level,13090001
8728402,1963-08-13,,,Texas Water Development Board,water_level,13090001
8728502,1950-09-14,220,213,U.S. Geological Survey,water_level,13090001
8728504,1950-09-26,189.78,243.22,U.S. Geological Survey,water_level,13090001
8728601,1950-08-01,262.2,162.8,Well Owner or Operator,water_level,13090001
8728602,1950-07-26,200,221,Other or Source of Measurement Unknown,water_level,13090001
8728604,1953-12-02,194.3,225.7,Other or Source of Measurement Unknown,water_level,13090001
8728604,1954-06-22,193.06,226.94,Other or Source of Measurement Unknown,water_level,13090001
8728604,1955-04-15,195.22,224.78,Other or Source of Measurement Unknown,water_level,13090001
8728604,1956-01-12,196.57,223.43,Other or Source of Measurement Unknown,water_level,13090001
8728604,1957-01-10,203.59,216.41,Other or Source of Measurement Unknown,water_level,13090001
8728604,1958-02-06,201.5,218.5,Other or Source of Measurement Unknown,water_level,13090001
8728604,1959-07-21,210.67,209.33,Other or Source of Measurement Unknown,water_level,13090001
8728604,1962-06-20,,,Texas Water Development Board,water_level,13090001
8728701,1994-04-21,316.19,148.81,Texas Water Development Board,water_level,13090001
8728701,1994-11-09,309.6,155.4,Texas Water Development Board,water_level,13090001
8728701,1996-02-21,319.38,145.62,Texas Water Development Board,water_level,13090001
8728701,1997-02-11,325.27,139.73,Texas Water Development Board,water_level,13090001
8728701,1998-02-26,324.5,140.5,Texas Water Development Board,water_level,13090001
8728701,1999-02-23,319.6,145.4,Texas Water Development Board,water_level,13090001
8728701,2000-02-22,324,141,Texas Water Development Board,water_level,13090001
8728701,2001-02-21,322.16,142.84,Texas Water Development Board,water_level,13090001
8728701,2002-02-13,,,Texas Water Development Board,water_level,13090001
8728701,2003-02-13,,,Texas Water Development Board,water_level,13090001
8728701,2004-01-21,,,Texas Water Development Board,water_level,13090001
8728701,2005-02-17,,,Texas Water Development Board,water_level,13090001
8728702,1995-07-13,145,319,Registered Water Well Driller,water_level,13090001
8728702,1999-07-08,,,Other or Source of Measurement Unknown,water_level,13090001
8728703,1995-07-13,145,317,Registered Water Well Driller,water_level,13090001
8728704,1999-07-08,,,Texas Water Development Board,water_level,13090001
8728705,1995-01-14,260,199,Registered Water Well Driller,water_level,13090001
8728705,1999-07-08,,,Texas Water Development Board,water_level,13090001
8728706,1996-03-18,55,402,Registered Water Well Driller,water_level,13090001
8728706,1999-07-08,,,Texas Water Development Board,water_level,13090001
8728801,1950-08-01,196.84,207.16,U.S. Geological Survey,water_level,13090001
8728901,1950-07-26,240,133,Other or Source of Measurement Unknown,water_level,13090001
8728902,1950-07-25,230,135,Well Owner or Operator,water_level,13090001
8729901,1972-10-23,185,125,Registered Water Well Driller,water_level,12110208
8729901,1980-12-18,172.95,137.05,Texas Water Development Board,water_level,12110208
8729901,1982-02-17,178.8,131.2,Texas Water Development Board,water_level,12110208
8729901,1983-02-16,177.96,132.04,Texas Water Development Board,water_level,12110208
8729901,1984-02-15,178.1,131.9,Texas Water Development Board,water_level,12110208
8729901,1985-02-20,172.6,137.4,Texas Water Development Board,water_level,12110208
8729901,1985-12-09,,,Texas Water Development Board,water_level,12110208
8729901,1987-01-15,,,Texas Water Development Board,water_level,12110208
8729901,1988-01-06,,,Texas Water Development Board,water_level,12110208
8729905,,175,136,Texas Commission on Environmental Quality,water_level,12110208
8729905,,150,161,Texas Commission on Environmental Quality,water_level,12110208
8730801,,100,105,Texas Commission on Environmental Quality,water_level,12110208
8730901,,101,61,Texas Commission on Environmental Quality,water_level,12110208
8730902,1948-04-17,78.9,102.1,Texas Commission on Environmental Quality,water_level,12110208
8731504,1948-03-23,34.67,62.33,Other or Source of Measurement Unknown,water_level,12110208
8731504,1948-12-10,33.61,63.39,Other or Source of Measurement Unknown,water_level,12110208
8731504,1949-04-26,34.14,62.86,Other or Source of Measurement Unknown,water_level,12110208
8731504,1950-01-11,35.82,61.18,Other or Source of Measurement Unknown,water_level,12110208
8731504,1950-04-25,36.83,60.17,Other or Source of Measurement Unknown,water_level,12110208
8731504,1950-06-01,37.18,59.82,Other or Source of Measurement Unknown,water_level,12110208
8731504,1951-06-14,39.17,57.83,Other or Source of Measurement Unknown,water_level,12110208
8731504,1952-06-03,39.07,57.93,Other or Source of Measurement Unknown,water_level,12110208
8731504,1953-05-20,41.25,55.75,Other or Source of Measurement Unknown,water_level,12110208
8731504,1954-05-25,41.68,55.32,Other or Source of Measurement Unknown,water_level,12110208
8731504,1955-05-27,43.07,53.93,Other or Source of Measurement Unknown,water_level,12110208
8731504,1956-05-22,42.86,54.14,Other or Source of Measurement Unknown,water_level,12110208
8731504,1957-06-04,44.43,52.57,Other or Source of Measurement Unknown,water_level,12110208
8731504,1958-06-27,44.17,52.83,Other or Source of Measurement Unknown,water_level,12110208
8731504,1959-05-25,43.09,53.91,Other or Source of Measurement Unknown,water_level,12110208
8731504,1962-06-22,44.54,52.46,Texas Water Development Board,water_level,12110208
8731504,1963-08-13,,,Texas Water Development Board,water_level,12110208
8731507,1945-06-21,29.25,62.75,Other or Source of Measurement Unknown,water_level,12110208
8731507,1948-01-23,37.95,54.05,Other or Source of Measurement Unknown,water_level,12110208
8731507,1948-03-22,38.88,53.12,Other or Source of Measurement Unknown,water_level,12110208
8731507,1949-04-26,39.82,52.18,Other or Source of Measurement Unknown,water_level,12110208
8731507,1950-04-25,50.7,41.3,Other or Source of Measurement Unknown,water_level,12110208
8731507,1950-05-31,41.7,50.3,Other or Source of Measurement Unknown,water_level,12110208
8731507,1952-06-04,43.08,48.92,Other or Source of Measurement Unknown,water_level,12110208
8731507,1953-05-21,44.47,47.53,Other or Source of Measurement Unknown,water_level,12110208
8731507,1954-05-25,45.01,46.99,Other or Source of Measurement Unknown,water_level,12110208
8731507,1955-05-22,47.32,44.68,Other or Source of Measurement Unknown,water_level,12110208
8731507,1957-06-04,48.12,43.88,Other or Source of Measurement Unknown,water_level,12110208
8731507,1958-06-27,47.63,44.37,Other or Source of Measurement Unknown,water_level,12110208
8731507,1959-05-25,46.82,45.18,Other or Source of Measurement Unknown,water_level,12110208
8731507,1962-06-22,,,Texas Water Development Board,water_level,12110208
8731601,1945-06-21,31.48,55.52,Other or Source of Measurement Unknown,water_level,12110208
8731601,1947-06-09,36.9,50.1,Other or Source of Measurement Unknown,water_level,12110208
8731601,1948-01-23,33.15,53.85,Other or Source of Measurement Unknown,water_level,12110208
8731601,1948-03-20,31.5,55.5,Other or Source of Measurement Unknown,water_level,12110208
8731601,1948-12-09,44.73,42.27,Other or Source of Measurement Unknown,water_level,12110208
8731601,1949-04-26,34.83,52.17,Other or Source of Measurement Unknown,water_level,12110208
8731601,1950-01-11,37.29,49.71,Other or Source of Measurement Unknown,water_level,12110208
8731601,1950-04-26,38.99,48.01,Other or Source of Measurement Unknown,water_level,12110208
8731601,1950-06-01,39.87,47.13,Other or Source of Measurement Unknown,water_level,12110208
8731601,1951-05-10,40.68,46.32,Other or Source of Measurement Unknown,water_level,12110208
8731601,1951-06-13,40.68,46.32,Other or Source of Measurement Unknown,water_level,12110208
8731601,1952-06-04,42.93,44.07,Other or Source of Measurement Unknown,water_level,12110208
8731601,1953-05-20,44.21,42.79,Other or Source of Measurement Unknown,water_level,12110208
8731601,1954-05-26,44.55,42.45,Other or Source of Measurement Unknown,water_level,12110208
8731601,1955-05-27,47.03,39.97,Other or Source of Measurement Unknown,water_level,12110208
8731601,1956-05-22,46.72,40.28,Other or Source of Measurement Unknown,water_level,12110208
8731601,1957-06-04,47.2,39.8,Other or Source of Measurement Unknown,water_level,12110208
8731601,1958-06-27,47.94,39.06,Other or Source of Measurement Unknown,water_level,12110208
8731601,1959-05-25,46.86,40.14,Other or Source of Measurement Unknown,water_level,12110208
8731601,1962-06-22,41.79,45.21,Texas Water Development Board,water_level,12110208
8731601,1963-08-13,48.14,38.86,Texas Water Development Board,water_level,12110208
8731601,1964-08-25,53.84,33.16,Texas Water Development Board,water_level,12110208
8731601,1965-08-10,,,Texas Water Development Board,water_level,12110208
8731601,1966-07-27,52.79,34.21,Texas Water Development Board,water_level,12110208
8731601,1967-07-28,,,Texas Water Development Board,water_level,12110208
8731601,1967-10-19,45.1,41.9,Texas Water Development Board,water_level,12110208
8731601,1967-11-13,43.58,43.42,Texas Water Development Board,water_level,12110208
8731601,1968-08-26,,,Texas Water Development Board,water_level,12110208
8731601,1969-08-21,,,Texas Water Development Board,water_level,12110208
8731601,1970-08-10,51.91,35.09,Texas Water Development Board,water_level,12110208
8731601,1971-08-10,41.4,45.6,Texas Water Development Board,water_level,12110208
8731601,1972-08-02,39.7,47.3,Texas Water Development Board,water_level,12110208
8731601,1973-08-21,46.1,40.9,Texas Water Development Board,water_level,12110208
8731601,1974-08-13,47.95,39.05,Texas Water Development Board,water_level,12110208
8731601,1975-08-14,38.38,48.62,Texas Water Development Board,water_level,12110208
8731601,1976-08-19,25.85,61.15,Texas Water Development Board,water_level,12110208
8731601,1977-08-08,25.68,61.32,Texas Water Development Board,water_level,12110208
8731601,1978-08-22,37.27,49.73,Texas Water Development Board,water_level,12110208
8731601,1979-08-22,23.7,63.3,Texas Water Development Board,water_level,12110208
8731601,1980-09-19,19.37,67.63,Texas Water Development Board,water_level,12110208
8731601,1980-12-12,17.99,69.01,Texas Water Development Board,water_level,12110208
8731601,1983-02-18,21.14,65.86,Texas Water Development Board,water_level,12110208
8731601,1985-02-20,20.25,66.75,Texas Water Development Board,water_level,12110208
8731601,1985-12-05,22.58,64.42,Texas Water Development Board,water_level,12110208
8731601,1987-01-14,,,Texas Water Development Board,water_level,12110208
8731601,1988-01-06,21.65,65.35,Texas Water Development Board,water_level,12110208
8731601,1989-01-12,28.28,58.72,Texas Water Development Board,water_level,12110208
8731601,1990-01-09,32,55,Texas Water Development Board,water_level,12110208
8731601,1990-12-10,,,Texas Water Development Board,water_level,12110208
8731601,1991-11-19,,,Texas Water Development Board,water_level,12110208
8731601,1993-01-04,,,Texas Water Development Board,water_level,12110208
8731601,1994-11-10,,,Texas Water Development Board,water_level,12110208
8731701,,72,69,Texas Commission on Environmental Quality,water_level,12110208
8731702,,102,45,Texas Commission on Environmental Quality,water_level,12110208
8731703,,66,78,Texas Commission on Environmental Quality,water_level,12110208
8731704,,49,95,Texas Commission on Environmental Quality,water_level,12110208
8731801,1948-04-04,43.89,57.11,Other or Source of Measurement Unknown,water_level,12110208
8731801,1950-01-11,43.69,57.31,Other or Source of Measurement Unknown,water_level,12110208
8731801,1950-04-25,43.85,57.15,Other or Source of Measurement Unknown,water_level,12110208
8731801,1952-06-04,45.5,55.5,Other or Source of Measurement Unknown,water_level,12110208
8731801,1953-05-21,46.9,54.1,Other or Source of Measurement Unknown,water_level,12110208
8731801,1954-05-25,45.93,55.07,Other or Source of Measurement Unknown,water_level,12110208
8731801,1955-05-27,,,Other or Source of Measurement Unknown,water_level,12110208
8731801,1956-05-22,49.97,51.03,Other or Source of Measurement Unknown,water_level,12110208
8731801,1957-06-04,49.64,51.36,Other or Source of Measurement Unknown,water_level,12110208
8731801,1958-06-27,49.24,51.76,Other or Source of Measurement Unknown,water_level,12110208
8731801,1959-05-25,,,Other or Source of Measurement Unknown,water_level,12110208
8731801,1962-06-22,50.88,50.12,Texas Water Development Board,water_level,12110208
8731801,1963-08-13,50.5,50.5,Texas Water Development Board,water_level,12110208
8731801,1964-08-25,,,Texas Water Development Board,water_level,12110208
8731801,1965-08-10,53.69,47.31,Texas Water Development Board,water_level,12110208
8731801,1966-07-27,52.05,48.95,Texas Water Development Board,water_level,12110208
8731801,1967-07-28,50.44,50.56,Texas Water Development Board,water_level,12110208
8731801,1967-10-16,,,Texas Water Development Board,water_level,12110208
8731801,1967-11-13,47.55,53.45,Texas Water Development Board,water_level,12110208
8731801,1968-08-26,49.02,51.98,Texas Water Development Board,water_level,12110208
8731801,1969-08-21,,,Texas Water Development Board,water_level,12110208
8731801,1970-08-10,,,Texas Water Development Board,water_level,12110208
8731801,1998-07-21,46.4,54.6,Texas Water Development Board,water_level,12110208
8731802,1939-09-01,51,62,Other or Source of Measurement Unknown,water_level,12110208
8731802,1948-04-15,43.99,69.01,Other or Source of Measurement Unknown,water_level,12110208
8731802,1948-12-10,44.35,68.65,Other or Source of Measurement Unknown,water_level,12110208
8731802,1949-04-26,44.52,68.48,Other or Source of Measurement Unknown,water_level,12110208
8731802,1950-01-11,44.62,68.38,Other or Source of Measurement Unknown,water_level,12110208
8731802,1950-04-26,45.58,67.42,Other or Source of Measurement Unknown,water_level,12110208
8731802,1951-06-13,47.1,65.9,Other or Source of Measurement Unknown,water_level,12110208
8731802,1952-06-04,47.04,65.96,Other or Source of Measurement Unknown,water_level,12110208
8731802,1953-05-21,49.6,63.4,Other or Source of Measurement Unknown,water_level,12110208
8731802,1954-05-25,49.07,63.93,Other or Source of Measurement Unknown,water_level,12110208
8731802,1955-05-27,51.15,61.85,Other or Source of Measurement Unknown,water_level,12110208
8731802,1956-05-22,52.01,60.99,Other or Source of Measurement Unknown,water_level,12110208
8731802,1957-06-04,51.7,61.3,Other or Source of Measurement Unknown,water_level,12110208
8731802,1958-06-27,49.86,63.14,Other or Source of Measurement Unknown,water_level,12110208
8731802,1959-05-25,47.73,65.27,Other or Source of Measurement Unknown,water_level,12110208
8731802,1962-06-22,,,Texas Water Development Board,water_level,12110208
8731802,1963-08-13,,,Texas Water Development Board,water_level,12110208
8731803,1948-03-22,32.2,57.8,Other or Source of Measurement Unknown,water_level,12110208
8731803,1948-12-10,31.19,58.81,Other or Source of Measurement Unknown,water_level,12110208
8731803,1949-04-26,32.27,57.73,Other or Source of Measurement Unknown,water_level,12110208
8731803,1950-04-26,,,Other or Source of Measurement Unknown,water_level,12110208
8731803,1951-06-13,,,Other or Source of Measurement Unknown,water_level,12110208
8731803,1953-05-21,,,Other or Source of Measurement Unknown,water_level,12110208
8731803,1955-05-27,,,Other or Source of Measurement Unknown,water_level,12110208
8731803,1956-05-22,,,Other or Source of Measurement Unknown,water_level,12110208
8731803,1962-06-22,48.55,41.45,Texas Water Development Board,water_level,12110208
8731803,1963-08-13,,,Texas Water Development Board,water_level,12110208
8731804,1948-03-22,34.31,60.69,Other or Source of Measurement Unknown,water_level,12110208
8731804,1949-04-26,33.25,61.75,Other or Source of Measurement Unknown,water_level,12110208
8731804,1950-01-11,36.57,58.43,Other or Source of Measurement Unknown,water_level,12110208
8731804,1950-04-26,39.88,55.12,Other or Source of Measurement Unknown,water_level,12110208
8731804,1950-05-29,39.2,55.8,Other or Source of Measurement Unknown,water_level,12110208
8731804,1952-06-04,46.37,48.63,Other or Source of Measurement Unknown,water_level,12110208
8731804,1954-05-25,47.97,47.03,Other or Source of Measurement Unknown,water_level,12110208
8731804,1955-05-27,50.67,44.33,Other or Source of Measurement Unknown,water_level,12110208
8731804,1956-05-22,52,43,Other or Source of Measurement Unknown,water_level,12110208
8731804,1957-06-04,50.37,44.63,Other or Source of Measurement Unknown,water_level,12110208
8731804,1958-06-27,49.01,45.99,Other or Source of Measurement Unknown,water_level,12110208
8731804,1959-05-25,50.62,44.38,Other or Source of Measurement Unknown,water_level,12110208
8731804,1962-06-22,45.89,49.11,Texas Water Development Board,water_level,12110208
8731804,1963-08-13,46.18,48.82,Texas Water Development Board,water_level,12110208
8731804,1964-08-25,46.54,48.46,Texas Water Development Board,water_level,12110208
8731804,1965-08-10,45.18,49.82,Texas Water Development Board,water_level,12110208
8731804,1966-07-27,44.7,50.3,Texas Water Development Board,water_level,12110208
8731804,1967-07-28,,,Texas Water Development Board,water_level,12110208
8731804,1967-10-16,,,Texas Water Development Board,water_level,12110208
8731804,1967-11-13,41.84,53.16,Texas Water Development Board,water_level,12110208
8731804,1968-08-26,28.12,66.88,Texas Water Development Board,water_level,12110208
8731804,1969-08-21,32.9,62.1,Texas Water Development Board,water_level,12110208
8731804,1970-08-10,34.75,60.25,Texas Water Development Board,water_level,12110208
8731804,1971-08-10,32.38,62.62,Texas Water Development Board,water_level,12110208
8731804,1972-08-02,32.62,62.38,Texas Water Development Board,water_level,12110208
8731804,1973-08-21,35.79,59.21,Texas Water Development Board,water_level,12110208
8731804,1974-08-13,34.97,60.03,Texas Water Development Board,water_level,12110208
8731804,1975-08-14,22,73,Texas Water Development Board,water_level,12110208
8731804,1976-08-19,14.45,80.55,Texas Water Development Board,water_level,12110208
8731804,1977-08-08,13.59,81.41,Texas Water Development Board,water_level,12110208
8731804,1978-08-22,,,Texas Water Development Board,water_level,12110208
8731804,1979-08-22,17.01,77.99,Texas Water Development Board,water_level,12110208
8731804,1980-09-19,13.13,81.87,Texas Water Development Board,water_level,12110208
8731804,1980-12-12,12.92,82.08,Texas Water Development Board,water_level,12110208
8731804,1982-02-17,12.32,82.68,Texas Water Development Board,water_level,12110208
8731804,1983-02-18,13.65,81.35,Texas Water Development Board,water_level,12110208
8731804,1984-02-15,17.28,77.72,Texas Water Development Board,water_level,12110208
8731804,1985-02-20,18.04,76.96,Texas Water Development Board,water_level,12110208
8731804,1985-12-05,22.06,72.94,Texas Water Development Board,water_level,12110208
8731804,1987-01-14,23.13,71.87,Texas Water Development Board,water_level,12110208
8731804,1988-01-06,17.88,77.12,Texas Water Development Board,water_level,12110208
8731804,1989-01-12,22.8,72.2,Texas Water Development Board,water_level,12110208
8731804,1990-01-09,28.9,66.1,Texas Water Development Board,water_level,12110208
8731804,1990-12-10,35,60,Texas Water Development Board,water_level,12110208
8731804,1991-11-19,36.8,58.2,Texas Water Development Board,water_level,12110208
8731804,1993-01-04,36.2,58.8,Texas Water Development Board,water_level,12110208
8731804,1993-11-11,32.85,62.15,Texas Water Development Board,water_level,12110208
8731804,1994-11-10,34.1,60.9,Texas Water Development Board,water_level,12110208
8731804,1996-02-13,33.5,61.5,Texas Water Development Board,water_level,12110208
8731804,1997-02-10,33.71,61.29,Texas Water Development Board,water_level,12110208
8731804,1998-02-25,33.4,61.6,Texas Water Development Board,water_level,12110208
8731804,1999-02-24,34.9,60.1,Texas Water Development Board,water_level,12110208
8731804,2000-02-23,33.79,61.21,Texas Water Development Board,water_level,12110208
8731804,2001-02-20,33.18,61.82,Texas Water Development Board,water_level,12110208
8731804,2002-02-28,34.7,60.3,Texas Water Development Board,water_level,12110208
8731804,2003-02-13,35.48,59.52,Texas Water Development Board,water_level,12110208
8731804,2004-02-18,25.3,69.7,Texas Water Development Board,water_level,12110208
8731804,2005-02-16,25.77,69.23,Texas Water Development Board,water_level,12110208
8731804,2006-02-15,29.46,65.54,Texas Water Development Board,water_level,12110208
8731804,2007-02-27,18.29,76.71,Texas Water Development Board,water_level,12110208
8731804,2008-02-12,20.63,74.37,Texas Water Development Board,water_level,12110208
8731804,2009-03-10,15.65,79.35,Texas Water Development Board,water_level,12110208
8731804,2010-01-25,19.97,75.03,Texas Water Development Board,water_level,12110208
8731804,2011-01-17,20.23,74.77,Texas Water Development Board,water_level,12110208
8731804,2012-01-12,24.9,70.1,Texas Water Development Board,water_level,12110208
8731804,2013-01-16,,,Texas Water Development Board,water_level,12110208
8731804,2014-01-27,19.26,75.74,Texas Water Development Board,water_level,12110208
8731804,2015-01-19,,,Texas Water Development Board,water_level,12110208
8731804,2016-01-26,25.79,69.21,Texas Water Development Board,water_level,12110208
8731804,2017-01-12,28.64,66.36,Texas Water Development Board,water_level,12110208
8731804,2018-01-16,30.92,64.08,Texas Water Development Board,water_level,12110208
8731804,2019-01-23,24.75,70.25,Texas Water Development Board,water_level,12110208
8731804,2020-01-28,28.52,66.48,Texas Water Development Board,water_level,12110208
8731804,2021-02-04,27.01,67.99,Texas Water Development Board,water_level,12110208
8731804,2022-01-28,27.2,67.8,Texas Water Development Board,water_level,12110208
8731804,2023-01-24,30.19,64.81,Texas Water Development Board,water_level,12110208
8731804,2024-01-31,32.17,62.83,Texas Water Development Board,water_level,12110208
8731804,2025-01-29,34.6,60.4,Texas Water Development Board,water_level,12110208
8731804,2026-01-28,34.06,60.94,Texas Water Development Board,water_level,12110208
8731805,1945-06-21,42.74,77.26,Other or Source of Measurement Unknown,water_level,12110208
8731805,1948-03-22,50.02,69.98,Other or Source of Measurement Unknown,water_level,12110208
8731805,1948-12-10,50.2,69.8,Other or Source of Measurement Unknown,water_level,12110208
8731805,1949-04-26,49.25,70.75,Other or Source of Measurement Unknown,water_level,12110208
8731805,1950-04-26,50.1,69.9,Other or Source of Measurement Unknown,water_level,12110208
8731805,1951-06-14,,,Other or Source of Measurement Unknown,water_level,12110208
8731805,1952-06-04,52.3,67.7,Other or Source of Measurement Unknown,water_level,12110208
8731805,1953-05-21,55.9,64.1,Other or Source of Measurement Unknown,water_level,12110208
8731805,1954-05-25,54.97,65.03,Other or Source of Measurement Unknown,water_level,12110208
8731805,1955-05-27,56.35,63.65,Other or Source of Measurement Unknown,water_level,12110208
8731805,1956-05-22,57.4,62.6,Other or Source of Measurement Unknown,water_level,12110208
8731805,1957-06-04,57.93,62.07,Other or Source of Measurement Unknown,water_level,12110208
8731805,1958-06-27,57.64,62.36,Other or Source of Measurement Unknown,water_level,12110208
8731805,1959-05-25,56.49,63.51,Other or Source of Measurement Unknown,water_level,12110208
8731805,1962-06-22,,,Texas Water Development Board,water_level,12110208
8731805,1963-08-13,,,Texas Water Development Board,water_level,12110208
8731806,1948-03-22,44.57,65.43,Other or Source of Measurement Unknown,water_level,12110208
8731806,1949-04-26,44.48,65.52,Other or Source of Measurement Unknown,water_level,12110208
8731806,1950-01-11,44.32,65.68,Other or Source of Measurement Unknown,water_level,12110208
8731806,1950-04-26,45.18,64.82,Other or Source of Measurement Unknown,water_level,12110208
8731806,1950-05-29,47,63,Other or Source of Measurement Unknown,water_level,12110208
8731806,1952-04-04,47.17,62.83,Other or Source of Measurement Unknown,water_level,12110208
8731806,1953-05-21,51.28,58.72,Other or Source of Measurement Unknown,water_level,12110208
8731806,1954-05-25,50.23,59.77,Other or Source of Measurement Unknown,water_level,12110208
8731806,1955-05-27,51.93,58.07,Other or Source of Measurement Unknown,water_level,12110208
8731806,1956-05-22,52.92,57.08,Other or Source of Measurement Unknown,water_level,12110208
8731806,1957-04-04,54.06,55.94,Other or Source of Measurement Unknown,water_level,12110208
8731806,1958-06-27,53.76,56.24,Other or Source of Measurement Unknown,water_level,12110208
8731806,1959-05-25,51.91,58.09,Other or Source of Measurement Unknown,water_level,12110208
8731806,1962-06-22,,,Texas Water Development Board,water_level,12110208
8731806,1963-08-13,,,Texas Water Development Board,water_level,12110208
8731807,1948-03-23,39.42,60.58,Other or Source of Measurement Unknown,water_level,12110208
8731807,1949-04-26,39.01,60.99,Other or Source of Measurement Unknown,water_level,12110208
8731807,1949-05-29,46.55,53.45,Other or Source of Measurement Unknown,water_level,12110208
8731807,1951-06-14,51.93,48.07,Other or Source of Measurement Unknown,water_level,12110208
8731807,1952-06-04,51.15,48.85,Other or Source of Measurement Unknown,water_level,12110208
8731807,1955-05-27,53.47,46.53,Other or Source of Measurement Unknown,water_level,12110208
8731807,1956-05-22,58.05,41.95,Other or Source of Measurement Unknown,water_level,12110208
8731807,1957-06-04,54.42,45.58,Other or Source of Measurement Unknown,water_level,12110208
8731807,1958-06-27,53.73,46.27,Other or Source of Measurement Unknown,water_level,12110208
8731807,1959-05-25,,,Other or Source of Measurement Unknown,water_level,12110208
8731808,1948-03-23,35.97,79.03,Other or Source of Measurement Unknown,water_level,12110208
8731809,1948-03-22,38.9,61.1,Other or Source of Measurement Unknown,water_level,12110208
8731810,1948-03-23,33.12,56.88,Other or Source of Measurement Unknown,water_level,12110208
8731811,1948-03-23,30.25,59.75,Other or Source of Measurement Unknown,water_level,12110208
8731812,1948-04-17,34.2,60.8,Other or Source of Measurement Unknown,water_level,12110208
8731812,1948-12-10,34.48,60.52,Other or Source of Measurement Unknown,water_level,12110208
8731812,1949-04-26,34.25,60.75,Other or Source of Measurement Unknown,water_level,12110208
8731812,1950-01-11,37.47,57.53,Other or Source of Measurement Unknown,water_level,12110208
8731812,1951-06-14,,,Other or Source of Measurement Unknown,water_level,12110208
8731813,1950-01-11,1.34,98.66,Other or Source of Measurement Unknown,water_level,12110208
8731813,1950-04-25,5.37,94.63,Other or Source of Measurement Unknown,water_level,12110208
8731813,1951-06-14,8.97,91.03,Other or Source of Measurement Unknown,water_level,12110208
8731813,1952-06-04,22.7,77.3,Other or Source of Measurement Unknown,water_level,12110208
8731813,1953-05-21,23.52,76.48,Other or Source of Measurement Unknown,water_level,12110208
8731813,1954-05-25,25.21,74.79,Other or Source of Measurement Unknown,water_level,12110208
8731813,1955-05-27,27.4,72.6,Other or Source of Measurement Unknown,water_level,12110208
8731813,1956-05-22,,,Other or Source of Measurement Unknown,water_level,12110208
8731814,1948-04-04,34.18,65.82,Other or Source of Measurement Unknown,water_level,12110208
8731814,1950-01-11,36.94,63.06,Other or Source of Measurement Unknown,water_level,12110208
8731814,1950-04-25,37.45,62.55,Other or Source of Measurement Unknown,water_level,12110208
8731814,1951-06-14,39.06,60.94,Other or Source of Measurement Unknown,water_level,12110208
8731814,1952-06-04,39.85,60.15,Other or Source of Measurement Unknown,water_level,12110208
8731814,1953-05-21,40.92,59.08,Other or Source of Measurement Unknown,water_level,12110208
8731814,1954-05-25,42.02,57.98,Other or Source of Measurement Unknown,water_level,12110208
8731814,1955-05-27,,,Other or Source of Measurement Unknown,water_level,12110208
8731814,1956-05-22,44.56,55.44,Other or Source of Measurement Unknown,water_level,12110208
8731814,1957-06-04,44.67,55.33,Other or Source of Measurement Unknown,water_level,12110208
8731814,1958-06-27,43.92,56.08,Other or Source of Measurement Unknown,water_level,12110208
8731814,1959-05-25,44.62,55.38,Other or Source of Measurement Unknown,water_level,12110208
8731815,1948-03-20,33.16,56.84,Other or Source of Measurement Unknown,water_level,12110208
8731815,1948-04-15,34.46,55.54,Other or Source of Measurement Unknown,water_level,12110208
8731816,1939-09-02,32,58,Other or Source of Measurement Unknown,water_level,12110208
8731816,1948-01-23,33.67,56.33,Other or Source of Measurement Unknown,water_level,12110208
8731816,1948-03-30,32.15,57.85,Other or Source of Measurement Unknown,water_level,12110208
8731816,1949-04-26,36.12,53.88,Other or Source of Measurement Unknown,water_level,12110208
8731816,1950-04-26,39.54,50.46,Other or Source of Measurement Unknown,water_level,12110208
8731816,1950-05-31,39.3,50.7,Other or Source of Measurement Unknown,water_level,12110208
8731816,1951-05-10,41.7,48.3,Other or Source of Measurement Unknown,water_level,12110208
8731816,1951-06-13,51.6,38.4,Other or Source of Measurement Unknown,water_level,12110208
8731816,1952-06-04,42.01,47.99,Other or Source of Measurement Unknown,water_level,12110208
8731816,1953-05-20,43.69,46.31,Other or Source of Measurement Unknown,water_level,12110208
8731816,1954-05-26,45.17,44.83,Other or Source of Measurement Unknown,water_level,12110208
8731816,1956-05-22,46.38,43.62,Other or Source of Measurement Unknown,water_level,12110208
8731816,1957-06-04,46.9,43.1,Other or Source of Measurement Unknown,water_level,12110208
8731816,1958-06-27,46.08,43.92,Other or Source of Measurement Unknown,water_level,12110208
8731816,1959-05-25,45.56,44.44,Other or Source of Measurement Unknown,water_level,12110208
8731816,1998-07-21,40.1,49.9,Texas Water Development Board,water_level,12110208
8731824,,28,60,Texas Commission on Environmental Quality,water_level,12110208
8731825,1947-06-09,36.2,57.8,Texas Commission on Environmental Quality,water_level,12110208
8731828,1945-06-21,34.9,63.1,Texas Commission on Environmental Quality,water_level,12110208
8731829,,50,46,Texas Commission on Environmental Quality,water_level,12110208
8731901,1947-06-10,31.2,51.8,Other or Source of Measurement Unknown,water_level,12110208
8731901,1948-01-23,29.87,53.13,Other or Source of Measurement Unknown,water_level,12110208
8731901,1948-05-20,27.98,55.02,Other or Source of Measurement Unknown,water_level,12110208
8731901,1949-04-26,30.8,52.2,Other or Source of Measurement Unknown,water_level,12110208
8731901,1950-01-11,33.83,49.17,Other or Source of Measurement Unknown,water_level,12110208
8731901,1950-04-26,34.9,48.1,Other or Source of Measurement Unknown,water_level,12110208
8731901,1950-05-31,38.4,44.6,Other or Source of Measurement Unknown,water_level,12110208
8731901,1951-06-13,40.67,42.33,Other or Source of Measurement Unknown,water_level,12110208
8731901,1952-06-04,37.92,45.08,Other or Source of Measurement Unknown,water_level,12110208
8731901,1953-05-20,39.49,43.51,Other or Source of Measurement Unknown,water_level,12110208
8731901,1954-05-26,,,Other or Source of Measurement Unknown,water_level,12110208
8731901,1955-05-27,43.54,39.46,Other or Source of Measurement Unknown,water_level,12110208
8731901,1956-05-22,42.95,40.05,Other or Source of Measurement Unknown,water_level,12110208
8731901,1957-06-04,43.56,39.44,Other or Source of Measurement Unknown,water_level,12110208
8731901,1958-06-27,42.53,40.47,Other or Source of Measurement Unknown,water_level,12110208
8731901,1959-05-25,41.76,41.24,Other or Source of Measurement Unknown,water_level,12110208
8731901,1962-06-22,,,Texas Water Development Board,water_level,12110208
8731901,1998-07-21,33.77,49.23,Texas Water Development Board,water_level,12110208
8731902,1948-01-23,29.84,54.16,Other or Source of Measurement Unknown,water_level,12110208
8731902,1948-03-20,28.75,55.25,Other or Source of Measurement Unknown,water_level,12110208
8731902,1948-12-09,29.48,54.52,Other or Source of Measurement Unknown,water_level,12110208
8731902,1949-04-26,29.56,54.44,Other or Source of Measurement Unknown,water_level,12110208
8731902,1950-01-11,32.7,51.3,Other or Source of Measurement Unknown,water_level,12110208
8731902,1950-04-26,34.15,49.85,Other or Source of Measurement Unknown,water_level,12110208
8731902,1951-06-13,36.68,47.32,Other or Source of Measurement Unknown,water_level,12110208
8731902,1952-06-04,37.36,46.64,Other or Source of Measurement Unknown,water_level,12110208
8731902,1953-05-20,39.25,44.75,Other or Source of Measurement Unknown,water_level,12110208
8731902,1954-05-26,39.76,44.24,Other or Source of Measurement Unknown,water_level,12110208
8731902,1955-05-27,44.12,39.88,Other or Source of Measurement Unknown,water_level,12110208
8731902,1956-05-22,41.2,42.8,Other or Source of Measurement Unknown,water_level,12110208
8731902,1957-06-04,43.22,40.78,Other or Source of Measurement Unknown,water_level,12110208
8731902,1958-06-27,41.34,42.66,Other or Source of Measurement Unknown,water_level,12110208
8731902,1959-05-25,41.54,42.46,Other or Source of Measurement Unknown,water_level,12110208
8731902,1962-06-22,38.33,45.67,Texas Water Development Board,water_level,12110208
8731902,1963-08-13,,,Texas Water Development Board,water_level,12110208
8731903,1945-06-20,27.69,49.31,Other or Source of Measurement Unknown,water_level,12110208
8731903,1947-06-08,31.5,45.5,Other or Source of Measurement Unknown,water_level,12110208
8731903,1948-01-23,31.63,45.37,Other or Source of Measurement Unknown,water_level,12110208
8731903,1948-03-20,30.62,46.38,Other or Source of Measurement Unknown,water_level,12110208
8731903,1948-12-09,30.15,46.85,Other or Source of Measurement Unknown,water_level,12110208
8731903,1949-04-26,30.29,46.71,Other or Source of Measurement Unknown,water_level,12110208
8731903,1950-01-11,42.4,34.6,Other or Source of Measurement Unknown,water_level,12110208
8731903,1950-04-26,35.37,41.63,Other or Source of Measurement Unknown,water_level,12110208
8731903,1952-06-04,38.3,38.7,Other or Source of Measurement Unknown,water_level,12110208
8731903,1953-05-20,40.61,36.39,Other or Source of Measurement Unknown,water_level,12110208
8731903,1954-05-26,41.17,35.83,Other or Source of Measurement Unknown,water_level,12110208
8731903,1956-05-22,44.43,32.57,Other or Source of Measurement Unknown,water_level,12110208
8731903,1957-06-04,43.95,33.05,Other or Source of Measurement Unknown,water_level,12110208
8731903,1958-06-27,,,Other or Source of Measurement Unknown,water_level,12110208
8731903,1959-05-25,,,Other or Source of Measurement Unknown,water_level,12110208
8731903,1962-06-22,,,Texas Water Development Board,water_level,12110208
8731903,1963-08-13,39.69,37.31,Texas Water Development Board,water_level,12110208
8731903,1964-08-25,41.9,35.1,Texas Water Development Board,water_level,12110208
8731903,1965-08-10,40.75,36.25,Texas Water Development Board,water_level,12110208
8731903,1966-07-27,38.98,38.02,Texas Water Development Board,water_level,12110208
8731903,1967-07-28,42.4,34.6,Texas Water Development Board,water_level,12110208
8731903,1967-10-19,17.55,59.45,Texas Water Development Board,water_level,12110208
8731903,1967-11-13,16.86,60.14,Texas Water Development Board,water_level,12110208
8731903,1968-08-26,19.87,57.13,Texas Water Development Board,water_level,12110208
8731903,1969-08-21,26.48,50.52,Texas Water Development Board,water_level,12110208
8731903,1970-08-10,27.89,49.11,Texas Water Development Board,water_level,12110208
8731903,1971-08-10,30.83,46.17,Texas Water Development Board,water_level,12110208
8731903,1972-08-02,28.85,48.15,Texas Water Development Board,water_level,12110208
8731903,1973-08-21,29.03,47.97,Texas Water Development Board,water_level,12110208
8731903,1974-08-13,28.69,48.31,Texas Water Development Board,water_level,12110208
8731903,1975-08-14,27.46,49.54,Texas Water Development Board,water_level,12110208
8731903,1976-08-19,21.2,55.8,Texas Water Development Board,water_level,12110208
8731903,1977-08-08,20.09,56.91,Texas Water Development Board,water_level,12110208
8731903,1978-08-22,,,Texas Water Development Board,water_level,12110208
8731903,1979-08-22,20.08,56.92,Texas Water Development Board,water_level,12110208
8731903,1980-09-19,12.2,64.8,Texas Water Development Board,water_level,12110208
8731903,1980-12-12,12.7,64.3,Texas Water Development Board,water_level,12110208
8731903,1983-02-18,16.82,60.18,Texas Water Development Board,water_level,12110208
8731903,1985-02-19,17.57,59.43,Texas Water Development Board,water_level,12110208
8731903,1985-12-05,,,Texas Water Development Board,water_level,12110208
8731903,1987-01-14,23.59,53.41,Texas Water Development Board,water_level,12110208
8731903,1988-01-06,21.89,55.11,Texas Water Development Board,water_level,12110208
8731903,1989-01-12,23,54,Texas Water Development Board,water_level,12110208
8731903,1990-01-09,27,50,Texas Water Development Board,water_level,12110208
8731903,1990-12-10,31,46,Texas Water Development Board,water_level,12110208
8731903,1991-11-19,32.5,44.5,Texas Water Development Board,water_level,12110208
8731903,1993-01-04,31.5,45.5,Texas Water Development Board,water_level,12110208
8731903,1993-11-11,32.8,44.2,Texas Water Development Board,water_level,12110208
8731903,1994-11-10,,,Texas Water Development Board,water_level,12110208
8731903,1996-02-13,29.9,47.1,Texas Water Development Board,water_level,12110208
8731903,1997-02-10,26.35,50.65,Texas Water Development Board,water_level,12110208
8731903,1998-02-25,,,Texas Water Development Board,water_level,12110208
8731903,1998-07-21,27.66,49.34,Texas Water Development Board,water_level,12110208
8731903,1999-02-24,,,Texas Water Development Board,water_level,12110208
8731903,2000-02-23,,,Texas Water Development Board,water_level,12110208
8731903,2001-02-20,,,Texas Water Development Board,water_level,12110208
8731903,2002-02-28,30.9,46.1,Texas Water Development Board,water_level,12110208
8731903,2003-02-13,,,Texas Water Development Board,water_level,12110208
8731903,2004-02-18,,,Texas Water Development Board,water_level,12110208
8731903,2005-02-16,,,Texas Water Development Board,water_level,12110208
8731903,2006-02-15,,,Texas Water Development Board,water_level,12110208
8731903,2007-02-27,,,Texas Water Development Board,water_level,12110208
8731903,2008-02-12,,,Texas Water Development Board,water_level,12110208
8731903,2009-03-10,,,Texas Water Development Board,water_level,12110208
8731903,2010-01-25,,,Texas Water Development Board,water_level,12110208
8731903,2011-01-17,,,Texas Water Development Board,water_level,12110208
8731903,2012-01-12,,,Texas Water Development Board,water_level,12110208
8731903,2013-01-16,,,Texas Water Development Board,water_level,12110208
8731904,1945-06-21,26.92,53.08,Other or Source of Measurement Unknown,water_level,12110208
8731904,1948-03-22,32.47,47.53,Other or Source of Measurement Unknown,water_level,12110208
8731904,1949-04-26,31.77,48.23,Other or Source of Measurement Unknown,water_level,12110208
8731904,1950-01-11,39.37,40.63,Other or Source of Measurement Unknown,water_level,12110208
8731904,1951-06-13,38.52,41.48,Other or Source of Measurement Unknown,water_level,12110208
8731904,1952-06-04,39.37,40.63,Other or Source of Measurement Unknown,water_level,12110208
8731904,1953-05-21,41.92,38.08,Other or Source of Measurement Unknown,water_level,12110208
8731904,1954-05-25,44.35,35.65,Other or Source of Measurement Unknown,water_level,12110208
8731904,1955-05-27,45.1,34.9,Other or Source of Measurement Unknown,water_level,12110208
8731904,1956-05-22,47.5,32.5,Other or Source of Measurement Unknown,water_level,12110208
8731904,1957-06-04,47.16,32.84,Other or Source of Measurement Unknown,water_level,12110208
8731904,1958-06-27,45.87,34.13,Other or Source of Measurement Unknown,water_level,12110208
8731904,1959-05-25,45.12,34.88,Other or Source of Measurement Unknown,water_level,12110208
8731904,1962-06-22,39.43,40.57,Texas Water Development Board,water_level,12110208
8731904,1963-08-13,,,Texas Water Development Board,water_level,12110208
8731904,1964-08-25,39.11,40.89,Texas Water Development Board,water_level,12110208
8731904,1965-08-10,39.09,40.91,Texas Water Development Board,water_level,12110208
8731904,1966-07-27,37.88,42.12,Texas Water Development Board,water_level,12110208
8731904,1967-07-28,40.11,39.89,Texas Water Development Board,water_level,12110208
8731904,1967-10-16,,,Texas Water Development Board,water_level,12110208
8731904,1967-11-13,34.02,45.98,Texas Water Development Board,water_level,12110208
8731904,1968-08-26,37.14,42.86,Texas Water Development Board,water_level,12110208
8731904,1969-08-21,,,Texas Water Development Board,water_level,12110208
8731904,1970-08-10,,,Texas Water Development Board,water_level,12110208
8731904,1998-07-21,28.84,51.16,Texas Water Development Board,water_level,12110208
8731905,1948-01-23,33.39,42.61,Other or Source of Measurement Unknown,water_level,12110208
8731905,1948-03-21,32.18,43.82,Other or Source of Measurement Unknown,water_level,12110208
8731905,1948-12-10,31.93,44.07,Other or Source of Measurement Unknown,water_level,12110208
8731905,1949-04-26,32.34,43.66,Other or Source of Measurement Unknown,water_level,12110208
8731905,1950-01-11,35.4,40.6,Other or Source of Measurement Unknown,water_level,12110208
8731905,1950-04-26,44.19,31.81,Other or Source of Measurement Unknown,water_level,12110208
8731905,1950-05-31,43.34,32.66,Other or Source of Measurement Unknown,water_level,12110208
8731905,1951-06-13,42.6,33.4,Other or Source of Measurement Unknown,water_level,12110208
8731905,1952-06-03,50.97,25.03,Other or Source of Measurement Unknown,water_level,12110208
8731905,1954-05-26,52.79,23.21,Other or Source of Measurement Unknown,water_level,12110208
8731905,1955-05-27,,,Other or Source of Measurement Unknown,water_level,12110208
8731905,1956-05-22,54.62,21.38,Other or Source of Measurement Unknown,water_level,12110208
8731905,1957-06-04,53.46,22.54,Other or Source of Measurement Unknown,water_level,12110208
8731905,1958-06-27,52.84,23.16,Other or Source of Measurement Unknown,water_level,12110208
8731905,1959-05-25,,,Other or Source of Measurement Unknown,water_level,12110208
8731905,1962-06-22,,,Texas Water Development Board,water_level,12110208
8731905,1963-08-13,,,Texas Water Development Board,water_level,12110208
8731906,1948-01-23,27.89,54.11,Other or Source of Measurement Unknown,water_level,12110208
8731906,1948-03-21,26.83,55.17,Other or Source of Measurement Unknown,water_level,12110208
8731906,1949-04-26,27.58,54.42,Other or Source of Measurement Unknown,water_level,12110208
8731906,1950-01-11,30.5,51.5,Other or Source of Measurement Unknown,water_level,12110208
8731906,1950-05-31,40.39,41.61,Other or Source of Measurement Unknown,water_level,12110208
8731906,1951-05-10,46.72,35.28,Other or Source of Measurement Unknown,water_level,12110208
8731906,1951-06-13,61.5,20.5,Other or Source of Measurement Unknown,water_level,12110208
8731906,1952-06-03,46.36,35.64,Other or Source of Measurement Unknown,water_level,12110208
8731906,1953-05-20,47.35,34.65,Other or Source of Measurement Unknown,water_level,12110208
8731906,1954-05-26,46.65,35.35,Other or Source of Measurement Unknown,water_level,12110208
8731906,1955-05-27,48.43,33.57,Other or Source of Measurement Unknown,water_level,12110208
8731906,1956-05-22,,,Other or Source of Measurement Unknown,water_level,12110208
8731906,1957-06-04,46.09,35.91,Other or Source of Measurement Unknown,water_level,12110208
8731906,1958-06-22,,,Other or Source of Measurement Unknown,water_level,12110208
8731906,1959-05-25,45.17,36.83,Other or Source of Measurement Unknown,water_level,12110208
8731906,1962-06-22,37.35,44.65,Texas Water Development Board,water_level,12110208
8731906,1963-08-13,40.8,41.2,Texas Water Development Board,water_level,12110208
8731906,1964-08-25,39,43,Texas Water Development Board,water_level,12110208
8731906,1965-08-10,38.78,43.22,Texas Water Development Board,water_level,12110208
8731906,1966-07-27,,,Texas Water Development Board,water_level,12110208
8731906,1967-07-28,,,Texas Water Development Board,water_level,12110208
8731906,1967-10-16,,,Texas Water Development Board,water_level,12110208
8731906,1967-11-13,32.22,49.78,Texas Water Development Board,water_level,12110208
8731906,1968-08-26,35.88,46.12,Texas Water Development Board,water_level,12110208
8731906,1969-08-21,,,Texas Water Development Board,water_level,12110208
8731906,1970-08-10,,,Texas Water Development Board,water_level,12110208
8731907,1948-04-04,32.75,42.25,Other or Source of Measurement Unknown,water_level,12110208
8731907,1949-04-27,33.03,41.97,Other or Source of Measurement Unknown,water_level,12110208
8731907,1950-01-11,36.7,38.3,Other or Source of Measurement Unknown,water_level,12110208
8731907,1950-04-25,39,36,Other or Source of Measurement Unknown,water_level,12110208
8731907,1950-05-29,39.55,35.45,Other or Source of Measurement Unknown,water_level,12110208
8731907,1951-05-10,42.66,32.34,Other or Source of Measurement Unknown,water_level,12110208
8731907,1951-06-13,43.35,31.65,Other or Source of Measurement Unknown,water_level,12110208
8731907,1952-06-03,44.28,30.72,Other or Source of Measurement Unknown,water_level,12110208
8731907,1953-05-20,44.54,30.46,Other or Source of Measurement Unknown,water_level,12110208
8731907,1954-05-26,45.95,29.05,Other or Source of Measurement Unknown,water_level,12110208
8731907,1955-05-27,,,Other or Source of Measurement Unknown,water_level,12110208
8731907,1956-05-22,,,Other or Source of Measurement Unknown,water_level,12110208
8731907,1957-06-04,49.03,25.97,Other or Source of Measurement Unknown,water_level,12110208
8731907,1958-06-27,48.68,26.32,Other or Source of Measurement Unknown,water_level,12110208
8731907,1959-05-25,46.83,28.17,Other or Source of Measurement Unknown,water_level,12110208
8731907,1962-06-22,44.85,30.15,Texas Water Development Board,water_level,12110208
8731907,1963-08-13,48.97,26.03,Texas Water Development Board,water_level,12110208
8731907,1964-08-25,44.93,30.07,Texas Water Development Board,water_level,12110208
8731907,1965-08-10,43.04,31.96,Texas Water Development Board,water_level,12110208
8731907,1966-07-28,42.48,32.52,Texas Water Development Board,water_level,12110208
8731907,1967-07-28,42.41,32.59,Texas Water Development Board,water_level,12110208
8731907,1967-10-19,30.6,44.4,Texas Water Development Board,water_level,12110208
8731907,1967-11-13,32.34,42.66,Texas Water Development Board,water_level,12110208
8731907,1968-08-26,35.68,39.32,Texas Water Development Board,water_level,12110208
8731907,1969-08-21,25.73,49.27,Texas Water Development Board,water_level,12110208
8731907,1970-08-10,27.05,47.95,Texas Water Development Board,water_level,12110208
8731907,1971-08-10,29.14,45.86,Texas Water Development Board,water_level,12110208
8731907,1972-08-02,28.62,46.38,Texas Water Development Board,water_level,12110208
8731907,1973-08-21,30.85,44.15,Texas Water Development Board,water_level,12110208
8731907,1974-08-13,31.35,43.65,Texas Water Development Board,water_level,12110208
8731907,1975-08-14,29.94,45.06,Texas Water Development Board,water_level,12110208
8731907,1976-08-19,21.76,53.24,Texas Water Development Board,water_level,12110208
8731907,1977-08-08,22.76,52.24,Texas Water Development Board,water_level,12110208
8731907,1978-08-22,21.28,53.72,Texas Water Development Board,water_level,12110208
8731907,1979-08-22,,,Texas Water Development Board,water_level,12110208
8731907,1980-09-19,16.4,58.6,Texas Water Development Board,water_level,12110208
8731907,1980-12-12,15.99,59.01,Texas Water Development Board,water_level,12110208
8731907,1982-02-17,16.87,58.13,Texas Water Development Board,water_level,12110208
8731907,1983-02-18,19.2,55.8,Texas Water Development Board,water_level,12110208
8731907,1984-02-15,21.4,53.6,Texas Water Development Board,water_level,12110208
8731907,1985-02-20,21.63,53.37,Texas Water Development Board,water_level,12110208
8731907,1985-12-05,21.43,53.57,Texas Water Development Board,water_level,12110208
8731907,1987-01-14,23.1,51.9,Texas Water Development Board,water_level,12110208
8731907,1988-01-06,24.5,50.5,Texas Water Development Board,water_level,12110208
8731907,1989-01-12,23.4,51.6,Texas Water Development Board,water_level,12110208
8731907,1990-01-09,25.7,49.3,Texas Water Development Board,water_level,12110208
8731907,1990-12-10,26.2,48.8,Texas Water Development Board,water_level,12110208
8731907,1991-11-19,28.8,46.2,Texas Water Development Board,water_level,12110208
8731907,1993-01-04,30,45,Texas Water Development Board,water_level,12110208
8731907,1993-11-11,29.85,45.15,Texas Water Development Board,water_level,12110208
8731907,1994-11-10,30.68,44.32,Texas Water Development Board,water_level,12110208
8731907,1996-02-13,29.75,45.25,Texas Water Development Board,water_level,12110208
8731907,1997-02-10,31.5,43.5,Texas Water Development Board,water_level,12110208
8731907,1998-02-25,27.65,47.35,Texas Water Development Board,water_level,12110208
8731907,1998-07-21,28.55,46.45,Texas Water Development Board,water_level,12110208
8731907,1999-02-24,28.4,46.6,Texas Water Development Board,water_level,12110208
8731907,2000-02-23,29.75,45.25,Texas Water Development Board,water_level,12110208
8731907,2001-02-20,30.03,44.97,Texas Water Development Board,water_level,12110208
8731907,2002-02-28,30.6,44.4,Texas Water Development Board,water_level,12110208
8731907,2003-02-13,31.82,43.18,Texas Water Development Board,water_level,12110208
8731907,2004-02-18,28.28,46.72,Texas Water Development Board,water_level,12110208
8731907,2005-02-16,26.96,48.04,Texas Water Development Board,water_level,12110208
8731907,2006-02-15,29.9,45.1,Texas Water Development Board,water_level,12110208
8731907,2007-02-27,29.4,45.6,Texas Water Development Board,water_level,12110208
8731907,2008-02-12,,,Texas Water Development Board,water_level,12110208
8731907,2009-03-10,29.32,45.68,Texas Water Development Board,water_level,12110208
8731907,2010-01-25,,,Texas Water Development Board,water_level,12110208
8731907,2011-01-17,,,Texas Water Development Board,water_level,12110208
8731907,2012-01-12,31.58,43.42,Texas Water Development Board,water_level,12110208
8731907,2013-01-16,32,43,Texas Water Development Board,water_level,12110208
8731907,2014-01-27,35.65,39.35,Texas Water Development Board,water_level,12110208
8731907,2015-01-19,,,Texas Water Development Board,water_level,12110208
8731907,2016-01-26,,,Texas Water Development Board,water_level,12110208
8731907,2017-01-12,32.02,42.98,Texas Water Development Board,water_level,12110208
8731907,2018-01-16,34.01,40.99,Texas Water Development Board,water_level,12110208
8731907,2019-01-23,29.57,45.43,Texas Water Development Board,water_level,12110208
8731907,2020-01-28,33.34,41.66,Texas Water Development Board,water_level,12110208
8731907,2021-02-04,36.48,38.52,Texas Water Development Board,water_level,12110208
8731907,2022-01-26,31.72,43.28,Texas Water Development Board,water_level,12110208
8731907,2023-01-24,32.9,42.1,Texas Water Development Board,water_level,12110208
8731907,2024-01-31,39.53,35.47,Texas Water Development Board,water_level,12110208
8731907,2025-01-29,39.38,35.62,Texas Water Development Board,water_level,12110208
8731907,2026-01-28,37.97,37.03,Texas Water Development Board,water_level,12110208
8731908,1948-01-24,43.72,31.28,Other or Source of Measurement Unknown,water_level,12110208
8731908,1948-03-21,43.62,31.38,Other or Source of Measurement Unknown,water_level,12110208
8731908,1948-12-10,43.58,31.42,Other or Source of Measurement Unknown,water_level,12110208
8731908,1949-04-27,43.49,31.51,Other or Source of Measurement Unknown,water_level,12110208
8731908,1950-01-11,46.86,28.14,Other or Source of Measurement Unknown,water_level,12110208
8731908,1950-04-25,48.68,26.32,Other or Source of Measurement Unknown,water_level,12110208
8731908,1950-05-29,48.72,26.28,Other or Source of Measurement Unknown,water_level,12110208
8731908,1951-06-13,52.56,22.44,Other or Source of Measurement Unknown,water_level,12110208
8731908,1952-06-03,52.62,22.38,Other or Source of Measurement Unknown,water_level,12110208
8731908,1953-05-20,52.52,22.48,Other or Source of Measurement Unknown,water_level,12110208
8731908,1955-05-27,,,Other or Source of Measurement Unknown,water_level,12110208
8731908,1956-05-22,,,Other or Source of Measurement Unknown,water_level,12110208
8731908,1957-06-04,53.87,21.13,Other or Source of Measurement Unknown,water_level,12110208
8731908,1958-06-27,,,Other or Source of Measurement Unknown,water_level,12110208
8731908,1959-05-25,,,Other or Source of Measurement Unknown,water_level,12110208
8731908,1963-08-13,,,Texas Water Development Board,water_level,12110208
8731908,1998-07-21,22,53,Texas Water Development Board,water_level,12110208
8731908,1999-07-15,21.6,53.4,Texas Water Development Board,water_level,12110208
8731909,1947-06-09,35.9,44.1,Other or Source of Measurement Unknown,water_level,12110208
8731909,1948-01-24,32.02,47.98,Other or Source of Measurement Unknown,water_level,12110208
8731909,1948-03-19,30.14,49.86,Other or Source of Measurement Unknown,water_level,12110208
8731909,1948-04-03,75,5,Other or Source of Measurement Unknown,water_level,12110208
8731909,1948-12-10,33.59,46.41,Other or Source of Measurement Unknown,water_level,12110208
8731909,1949-04-27,29.6,50.4,Other or Source of Measurement Unknown,water_level,12110208
8731909,1950-04-27,,,Other or Source of Measurement Unknown,water_level,12110208
8731909,1950-05-29,49.05,30.95,Other or Source of Measurement Unknown,water_level,12110208
8731909,1951-05-09,,,Other or Source of Measurement Unknown,water_level,12110208
8731909,1952-06-03,51.34,28.66,Other or Source of Measurement Unknown,water_level,12110208
8731909,1953-05-20,47.73,32.27,Other or Source of Measurement Unknown,water_level,12110208
8731909,1954-05-26,48.6,31.4,Other or Source of Measurement Unknown,water_level,12110208
8731909,1955-05-27,,,Other or Source of Measurement Unknown,water_level,12110208
8731909,1956-05-22,,,Other or Source of Measurement Unknown,water_level,12110208
8731909,1957-06-04,48.1,31.9,Other or Source of Measurement Unknown,water_level,12110208
8731909,1958-06-27,45.74,34.26,Other or Source of Measurement Unknown,water_level,12110208
8731909,1959-05-25,,,Other or Source of Measurement Unknown,water_level,12110208
8731909,1962-06-22,,,Texas Water Development Board,water_level,12110208
8731910,1945-05-12,55.1,24.9,Other or Source of Measurement Unknown,water_level,12110208
8731910,1950-01-12,43.98,36.02,Other or Source of Measurement Unknown,water_level,12110208
8731910,1950-04-25,46.34,33.66,Other or Source of Measurement Unknown,water_level,12110208
8731910,1950-05-29,46,34,Other or Source of Measurement Unknown,water_level,12110208
8731910,1951-05-10,60.5,19.5,Other or Source of Measurement Unknown,water_level,12110208
8731910,1951-06-13,47.41,32.59,Other or Source of Measurement Unknown,water_level,12110208
8731910,1952-06-03,48.56,31.44,Other or Source of Measurement Unknown,water_level,12110208
8731910,1953-05-20,48.88,31.12,Other or Source of Measurement Unknown,water_level,12110208
8731910,1954-05-26,51.3,28.7,Other or Source of Measurement Unknown,water_level,12110208
8731910,1955-05-27,53.07,26.93,Other or Source of Measurement Unknown,water_level,12110208
8731910,1956-05-22,51.17,28.83,Other or Source of Measurement Unknown,water_level,12110208
8731910,1957-06-04,50.75,29.25,Other or Source of Measurement Unknown,water_level,12110208
8731910,1958-06-27,50.08,29.92,Other or Source of Measurement Unknown,water_level,12110208
8731910,1959-05-25,48.76,31.24,Other or Source of Measurement Unknown,water_level,12110208
8731910,1962-06-22,49.78,30.22,Texas Water Development Board,water_level,12110208
8731910,1963-08-13,,,Texas Water Development Board,water_level,12110208
8731910,1998-07-21,24.18,55.82,Texas Water Development Board,water_level,12110208
8731911,1948-01-24,32.9,47.1,Other or Source of Measurement Unknown,water_level,12110208
8731911,1948-03-22,32.62,47.38,Other or Source of Measurement Unknown,water_level,12110208
8731911,1948-12-10,33.5,46.5,Other or Source of Measurement Unknown,water_level,12110208
8731911,1949-04-27,33.44,46.56,Other or Source of Measurement Unknown,water_level,12110208
8731911,1950-01-12,37.14,42.86,Other or Source of Measurement Unknown,water_level,12110208
8731911,1950-04-25,39.58,40.42,Other or Source of Measurement Unknown,water_level,12110208
8731911,1950-05-29,39.89,40.11,Other or Source of Measurement Unknown,water_level,12110208
8731911,1951-05-10,43.57,36.43,Other or Source of Measurement Unknown,water_level,12110208
8731911,1951-06-13,42.03,37.97,Other or Source of Measurement Unknown,water_level,12110208
8731911,1952-06-03,42.89,37.11,Other or Source of Measurement Unknown,water_level,12110208
8731911,1953-05-20,43.22,36.78,Other or Source of Measurement Unknown,water_level,12110208
8731911,1954-05-26,44.57,35.43,Other or Source of Measurement Unknown,water_level,12110208
8731911,1955-05-27,45.71,34.29,Other or Source of Measurement Unknown,water_level,12110208
8731911,1956-05-22,45.43,34.57,Other or Source of Measurement Unknown,water_level,12110208
8731911,1957-06-04,44.75,35.25,Other or Source of Measurement Unknown,water_level,12110208
8731911,1958-06-25,42.43,37.57,Other or Source of Measurement Unknown,water_level,12110208
8731911,1959-05-25,38.94,41.06,Other or Source of Measurement Unknown,water_level,12110208
8731911,1962-06-22,38.6,41.4,Texas Water Development Board,water_level,12110208
8731911,1963-08-13,39.63,40.37,Texas Water Development Board,water_level,12110208
8731911,1964-05-27,39.83,40.17,Texas Water Development Board,water_level,12110208
8731911,1964-07-22,39.9,40.1,Texas Water Development Board,water_level,12110208
8731911,1964-08-25,40.15,39.85,Texas Water Development Board,water_level,12110208
8731911,1964-10-03,39.81,40.19,Texas Water Development Board,water_level,12110208
8731911,1964-11-19,39.76,40.24,Texas Water Development Board,water_level,12110208
8731911,1965-03-25,39.61,40.39,Texas Water Development Board,water_level,12110208
8731911,1965-05-20,,,Texas Water Development Board,water_level,12110208
8731911,1965-08-10,34.9,45.1,Texas Water Development Board,water_level,12110208
8731911,1965-09-23,35.62,44.38,Texas Water Development Board,water_level,12110208
8731911,1965-11-20,35.66,44.34,Texas Water Development Board,water_level,12110208
8731911,1966-01-26,35.91,44.09,Texas Water Development Board,water_level,12110208
8731911,1966-03-28,35.86,44.14,Texas Water Development Board,water_level,12110208
8731911,1966-05-23,36.7,43.3,Texas Water Development Board,water_level,12110208
8731911,1966-07-28,37.36,42.64,Texas Water Development Board,water_level,12110208
8731911,1966-09-23,36.35,43.65,Texas Water Development Board,water_level,12110208
8731911,1966-11-16,35.61,44.39,Texas Water Development Board,water_level,12110208
8731911,1967-01-22,35.54,44.46,Texas Water Development Board,water_level,12110208
8731911,1967-03-09,35.42,44.58,Texas Water Development Board,water_level,12110208
8731911,1967-05-26,37.7,42.3,Texas Water Development Board,water_level,12110208
8731911,1967-07-21,37.36,42.64,Texas Water Development Board,water_level,12110208
8731911,1967-10-19,24.84,55.16,Texas Water Development Board,water_level,12110208
8731911,1967-11-13,28.92,51.08,Texas Water Development Board,water_level,12110208
8731911,1968-01-31,22.57,57.43,Texas Water Development Board,water_level,12110208
8731911,1968-03-22,26.17,53.83,Texas Water Development Board,water_level,12110208
8731911,1968-05-24,24.13,55.87,Texas Water Development Board,water_level,12110208
8731911,1968-07-10,,,Texas Water Development Board,water_level,12110208
8731911,1968-08-26,24.88,55.12,Texas Water Development Board,water_level,12110208
8731911,1968-11-21,28.41,51.59,Texas Water Development Board,water_level,12110208
8731911,1969-01-25,28.12,51.88,Texas Water Development Board,water_level,12110208
8731911,1969-03-24,24.64,55.36,Texas Water Development Board,water_level,12110208
8731911,1969-05-26,26.19,53.81,Texas Water Development Board,water_level,12110208
8731911,1969-07-25,26.39,53.61,Texas Water Development Board,water_level,12110208
8731911,1969-09-25,,,Texas Water Development Board,water_level,12110208
8731911,,29,51,Other or Source of Measurement Unknown,water_level,12110208
8731912,1948-03-22,36.4,50.6,Other or Source of Measurement Unknown,water_level,12110208
8731912,1948-12-10,34.26,52.74,Other or Source of Measurement Unknown,water_level,12110208
8731912,1949-04-27,35.89,51.11,Other or Source of Measurement Unknown,water_level,12110208
8731912,1950-04-25,56,31,Other or Source of Measurement Unknown,water_level,12110208
8731912,1950-05-29,55.4,31.6,Other or Source of Measurement Unknown,water_level,12110208
8731912,1951-05-09,,,Other or Source of Measurement Unknown,water_level,12110208
8731912,1951-06-13,,,Other or Source of Measurement Unknown,water_level,12110208
8731912,1952-06-03,56.18,30.82,Other or Source of Measurement Unknown,water_level,12110208
8731912,1953-05-20,62.46,24.54,Other or Source of Measurement Unknown,water_level,12110208
8731912,1954-05-26,57.66,29.34,Other or Source of Measurement Unknown,water_level,12110208
8731912,1955-05-27,61.17,25.83,Other or Source of Measurement Unknown,water_level,12110208
8731912,1956-05-22,,,Other or Source of Measurement Unknown,water_level,12110208
8731912,1957-06-04,58.1,28.9,Other or Source of Measurement Unknown,water_level,12110208
8731912,1958-06-27,49.98,37.02,Other or Source of Measurement Unknown,water_level,12110208
8731912,1959-05-25,46.16,40.84,Other or Source of Measurement Unknown,water_level,12110208
8731913,1947-06-09,37.2,37.8,Other or Source of Measurement Unknown,water_level,12110208
8731913,1948-01-24,35.18,39.82,Other or Source of Measurement Unknown,water_level,12110208
8731913,1948-03-22,34.83,40.17,Other or Source of Measurement Unknown,water_level,12110208
8731913,1948-12-10,40.75,34.25,Other or Source of Measurement Unknown,water_level,12110208
8731913,1949-04-27,36.63,38.37,Other or Source of Measurement Unknown,water_level,12110208
8731913,1950-01-12,39.64,35.36,Other or Source of Measurement Unknown,water_level,12110208
8731913,1950-04-25,42.68,32.32,Other or Source of Measurement Unknown,water_level,12110208
8731913,1950-05-29,43.95,31.05,Other or Source of Measurement Unknown,water_level,12110208
8731913,1951-05-10,49.25,25.75,Other or Source of Measurement Unknown,water_level,12110208
8731913,1951-06-13,43.81,31.19,Other or Source of Measurement Unknown,water_level,12110208
8731913,1952-06-03,44.91,30.09,Other or Source of Measurement Unknown,water_level,12110208
8731913,1953-05-20,45.67,29.33,Other or Source of Measurement Unknown,water_level,12110208
8731913,1954-05-26,46.48,28.52,Other or Source of Measurement Unknown,water_level,12110208
8731913,1955-05-27,50.17,24.83,Other or Source of Measurement Unknown,water_level,12110208
8731913,1956-05-22,48.93,26.07,Other or Source of Measurement Unknown,water_level,12110208
8731913,1957-06-04,47.83,27.17,Other or Source of Measurement Unknown,water_level,12110208
8731913,1959-05-25,46.18,28.82,Other or Source of Measurement Unknown,water_level,12110208
8731914,1948-04-17,52.87,27.13,Other or Source of Measurement Unknown,water_level,12110208
8731914,1948-12-10,53.7,26.3,Other or Source of Measurement Unknown,water_level,12110208
8731914,1949-04-27,53.35,26.65,Other or Source of Measurement Unknown,water_level,12110208
8731914,1950-01-12,55.6,24.4,Other or Source of Measurement Unknown,water_level,12110208
8731914,1950-04-25,57.34,22.66,Other or Source of Measurement Unknown,water_level,12110208
8731914,1950-05-29,57.8,22.2,Other or Source of Measurement Unknown,water_level,12110208
8731914,1951-05-10,70.5,9.5,Other or Source of Measurement Unknown,water_level,12110208
8731914,1951-06-13,66.98,13.02,Other or Source of Measurement Unknown,water_level,12110208
8731914,1952-06-03,60.15,19.85,Other or Source of Measurement Unknown,water_level,12110208
8731914,1953-05-20,60.37,19.63,Other or Source of Measurement Unknown,water_level,12110208
8731914,1954-05-26,62.83,17.17,Other or Source of Measurement Unknown,water_level,12110208
8731914,1955-05-27,65.05,14.95,Other or Source of Measurement Unknown,water_level,12110208
8731914,1956-05-22,63.57,16.43,Other or Source of Measurement Unknown,water_level,12110208
8731914,1957-06-04,63.11,16.89,Other or Source of Measurement Unknown,water_level,12110208
8731914,1958-06-27,63.73,16.27,Other or Source of Measurement Unknown,water_level,12110208
8731914,1959-05-25,,,Other or Source of Measurement Unknown,water_level,12110208
8731915,1948-04-04,39.17,35.83,Other or Source of Measurement Unknown,water_level,12110208
8731915,1949-04-27,39.08,35.92,Other or Source of Measurement Unknown,water_level,12110208
8731915,1950-01-11,41.61,33.39,Other or Source of Measurement Unknown,water_level,12110208
8731915,1950-04-25,43.37,31.63,Other or Source of Measurement Unknown,water_level,12110208
8731915,1950-05-29,44.08,30.92,Other or Source of Measurement Unknown,water_level,12110208
8731915,1951-05-10,47.74,27.26,Other or Source of Measurement Unknown,water_level,12110208
8731915,1951-06-13,47.8,27.2,Other or Source of Measurement Unknown,water_level,12110208
8731915,1952-06-03,49.45,25.55,Other or Source of Measurement Unknown,water_level,12110208
8731915,1953-05-20,49.17,25.83,Other or Source of Measurement Unknown,water_level,12110208
8731915,1954-05-26,50.43,24.57,Other or Source of Measurement Unknown,water_level,12110208
8731915,1955-05-27,51.43,23.57,Other or Source of Measurement Unknown,water_level,12110208
8731915,1956-05-22,52.72,22.28,Other or Source of Measurement Unknown,water_level,12110208
8731915,1957-06-04,52.12,22.88,Other or Source of Measurement Unknown,water_level,12110208
8731915,1958-06-27,,,Other or Source of Measurement Unknown,water_level,12110208
8731916,1948-04-20,30.48,44.52,Other or Source of Measurement Unknown,water_level,12110208
8731916,1948-12-10,30.5,44.5,Other or Source of Measurement Unknown,water_level,12110208
8731916,1949-04-26,30.15,44.85,Other or Source of Measurement Unknown,water_level,12110208
8731916,1950-01-11,32.11,42.89,Other or Source of Measurement Unknown,water_level,12110208
8731916,1950-04-25,34.54,40.46,Other or Source of Measurement Unknown,water_level,12110208
8731916,1951-05-10,36.74,38.26,Other or Source of Measurement Unknown,water_level,12110208
8731916,1951-06-13,36.83,38.17,Other or Source of Measurement Unknown,water_level,12110208
8731916,1952-06-03,,,Other or Source of Measurement Unknown,water_level,12110208
8731917,1966-11-16,40,40,Registered Water Well Driller,water_level,12110208
8731917,1970-08-10,25.95,54.05,Texas Water Development Board,water_level,12110208
8731917,1971-08-10,28.4,51.6,Texas Water Development Board,water_level,12110208
8731917,1972-08-02,29.9,50.1,Texas Water Development Board,water_level,12110208
8731917,1973-08-21,29.5,50.5,Texas Water Development Board,water_level,12110208
8731917,1974-08-13,29.97,50.03,Texas Water Development Board,water_level,12110208
8731917,1975-08-14,25.7,54.3,Texas Water Development Board,water_level,12110208
8731917,1976-08-19,18.05,61.95,Texas Water Development Board,water_level,12110208
8731917,1977-08-08,11.5,68.5,Texas Water Development Board,water_level,12110208
8731917,1978-08-22,18.99,61.01,Texas Water Development Board,water_level,12110208
8731917,1979-08-22,15.51,64.49,Texas Water Development Board,water_level,12110208
8731917,1980-09-19,12.05,67.95,Texas Water Development Board,water_level,12110208
8731917,1980-12-12,11.22,68.78,Texas Water Development Board,water_level,12110208
8731917,1983-02-18,,,Texas Water Development Board,water_level,12110208
8731917,1985-02-20,16.2,63.8,Texas Water Development Board,water_level,12110208
8731917,1985-12-05,,,Texas Water Development Board,water_level,12110208
8731917,1987-01-14,18.92,61.08,Texas Water Development Board,water_level,12110208
8731917,1988-01-06,16.57,63.43,Texas Water Development Board,water_level,12110208
8731917,1989-01-12,20.28,59.72,Texas Water Development Board,water_level,12110208
8731917,1990-01-09,27.3,52.7,Texas Water Development Board,water_level,12110208
8731917,1990-12-10,28.9,51.1,Texas Water Development Board,water_level,12110208
8731917,1991-11-19,31.5,48.5,Texas Water Development Board,water_level,12110208
8731917,1993-01-04,28.6,51.4,Texas Water Development Board,water_level,12110208
8731917,1993-11-11,23.7,56.3,Texas Water Development Board,water_level,12110208
8731917,1994-11-10,25.5,54.5,Texas Water Development Board,water_level,12110208
8731917,1996-02-13,25.2,54.8,Texas Water Development Board,water_level,12110208
8731917,1997-02-10,,,Texas Water Development Board,water_level,12110208
8731917,1998-02-25,,,Texas Water Development Board,water_level,12110208
8731917,1998-07-22,26.39,53.61,Texas Water Development Board,water_level,12110208
8731917,1999-02-25,,,Texas Water Development Board,water_level,12110208
8731917,2000-02-23,,,Texas Water Development Board,water_level,12110208
8731917,2001-02-20,,,Texas Water Development Board,water_level,12110208
8731918,1981-06-18,,,Texas Water Development Board,water_level,12110208
8731918,2005-10-17,,,Texas Water Development Board,water_level,12110208
8731918,2013-06-18,,,Texas Water Development Board,water_level,12110208
8731920,,39,41,Texas Commission on Environmental Quality,water_level,12110208
8731923,1948-04-15,28.9,53.1,Texas Commission on Environmental Quality,water_level,12110208
8731925,1948-03-21,17.6,52.4,Texas Commission on Environmental Quality,water_level,12110208
8731926,1948-04-17,34.3,47.7,Texas Commission on Environmental Quality,water_level,12110208
8731930,1933-08-01,36.5,46.5,Texas Commission on Environmental Quality,water_level,12110208
8731931,1948-03-19,27.2,51.8,Texas Commission on Environmental Quality,water_level,12110208
8731932,1947-06-09,35.1,49.9,Texas Commission on Environmental Quality,water_level,12110208
8731933,,42,32,Texas Commission on Environmental Quality,water_level,12110208
8731935,,36,46,Texas Commission on Environmental Quality,water_level,12110208
8732406,,41,34,Texas Commission on Environmental Quality,water_level,12110208
8732407,,44,31,Texas Commission on Environmental Quality,water_level,12110208
8732408,,37,52,Texas Commission on Environmental Quality,water_level,12110208
8732410,,38,34,Texas Commission on Environmental Quality,water_level,12110208
8733203,1950-01-13,134,246,Well Owner or Operator,water_level,13090001
8733501,1950-10-16,212.92,57.08,U.S. Geological Survey,water_level,13090001
8733502,1950-10-17,82.2,167.8,Other or Source of Measurement Unknown,water_level,13090001
8733502,1953-11-18,81.89,168.11,Other or Source of Measurement Unknown,water_level,13090001
8733502,1954-06-22,81.76,168.24,Other or Source of Measurement Unknown,water_level,13090001
8733502,1955-04-14,84.15,165.85,Other or Source of Measurement Unknown,water_level,13090001
8733502,1956-01-10,82.45,167.55,Other or Source of Measurement Unknown,water_level,13090001
8733502,1957-01-09,82.31,167.69,Other or Source of Measurement Unknown,water_level,13090001
8733502,1958-02-05,82.4,167.6,Other or Source of Measurement Unknown,water_level,13090001
8733502,1959-07-20,86.12,163.88,Other or Source of Measurement Unknown,water_level,13090001
8733502,1962-06-20,,,Texas Water Development Board,water_level,13090001
8733601,1961-07-18,120,190,U.S. Geological Survey,water_level,13090001
8733801,1956-11-19,10,154,U.S. Geological Survey,water_level,13090001
8733901,1945-08-29,40.25,144.75,U.S. Geological Survey,water_level,13090001
8733902,1945-08-29,34.55,150.45,U.S. Geological Survey,water_level,13090001
8733903,1945-08-29,33.5,156.5,U.S. Geological Survey,water_level,13090001
8733904,1945-08-29,36,141,U.S. Geological Survey,water_level,13090001
8734301,1950-08-02,60.92,288.08,U.S. Geological Survey,water_level,13090001
8734302,1950-08-02,127.33,227.67,U.S. Geological Survey,water_level,13090001
8734303,1950-07-25,146.1,243.9,U.S. Geological Survey,water_level,13090001
8734303,1953-11-20,102.72,287.28,Other or Source of Measurement Unknown,water_level,13090001
8734303,1954-06-18,105.05,284.95,Other or Source of Measurement Unknown,water_level,13090001
8734303,1955-04-14,108.83,281.17,Other or Source of Measurement Unknown,water_level,13090001
8734303,1956-01-11,112.33,277.67,Other or Source of Measurement Unknown,water_level,13090001
8734303,1957-01-09,110.65,279.35,Other or Source of Measurement Unknown,water_level,13090001
8734303,1958-02-05,110.01,279.99,Other or Source of Measurement Unknown,water_level,13090001
8734303,1959-07-21,113.54,276.46,Other or Source of Measurement Unknown,water_level,13090001
8734303,1962-06-21,102.85,287.15,Texas Water Development Board,water_level,13090001
8734303,1963-08-13,,,Texas Water Development Board,water_level,13090001
8734304,2000-02-22,76.64,273.36,Texas Water Development Board,water_level,13090001
8734601,1951-07-17,65.22,274.78,U.S. Geological Survey,water_level,13090001
8734603,1945-10-05,42.82,258.18,U.S. Geological Survey,water_level,13090001
8734604,1945-10-05,74.73,195.27,U.S. Geological Survey,water_level,13090001
8734604,1953-11-20,59.16,210.84,Other or Source of Measurement Unknown,water_level,13090001
8734604,1954-06-18,60.97,209.03,Other or Source of Measurement Unknown,water_level,13090001
8734604,1955-04-14,66.66,203.34,Other or Source of Measurement Unknown,water_level,13090001
8734604,1956-01-11,65.3,204.7,Other or Source of Measurement Unknown,water_level,13090001
8734604,1957-01-09,65.95,204.05,Other or Source of Measurement Unknown,water_level,13090001
8734604,1958-02-05,64.47,205.53,Other or Source of Measurement Unknown,water_level,13090001
8734604,1962-06-21,74.05,195.95,Texas Water Development Board,water_level,13090001
8734604,1963-08-13,,,Texas Water Development Board,water_level,13090001
8734701,1950-11-13,45.46,185.54,U.S. Geological Survey,water_level,13090001
8734702,1950-07-24,32.5,142.5,U.S. Geological Survey,water_level,13090001
8734703,1950-07-27,22,148,U.S. Geological Survey,water_level,13090001
8734704,1945-08-28,28.75,136.25,U.S. Geological Survey,water_level,13090001
8734902,1945-10-05,55.38,229.62,U.S. Geological Survey,water_level,13090001
8734903,1950-10-05,48.52,241.48,U.S. Geological Survey,water_level,13090001
8735101,1950-08-22,145.7,287.3,U.S. Geological Survey,water_level,13090001
8735102,1950-08-22,67.2,365.8,U.S. Geological Survey,water_level,13090001
8735103,1950-09-07,51.64,355.36,U.S. Geological Survey,water_level,13090001
8735104,1950-08-03,34.3,359.7,U.S. Geological Survey,water_level,13090001
8735105,1950-07-27,130,256,U.S. Geological Survey,water_level,13090001
8735106,1950-08-03,27.26,347.74,U.S. Geological Survey,water_level,13090001
8735107,1950-08-03,26.14,348.86,U.S. Geological Survey,water_level,13090001
8735201,1950-08-03,117.02,327.98,U.S. Geological Survey,water_level,13090001
8735202,1950-08-02,107.39,296.61,U.S. Geological Survey,water_level,13090001
8735401,1950-07-27,77.65,272.35,U.S. Geological Survey,water_level,13090001
8735401,1953-11-20,77.44,272.56,Other or Source of Measurement Unknown,water_level,13090001
8735401,1954-08-18,78.3,271.7,Other or Source of Measurement Unknown,water_level,13090001
8735401,1955-04-14,81.9,268.1,Other or Source of Measurement Unknown,water_level,13090001
8735401,1956-01-11,78.38,271.62,Other or Source of Measurement Unknown,water_level,13090001
8735401,1957-01-09,78.93,271.07,Other or Source of Measurement Unknown,water_level,13090001
8735401,1958-02-05,80.4,269.6,Other or Source of Measurement Unknown,water_level,13090001
8735401,1959-07-21,82.92,267.08,Other or Source of Measurement Unknown,water_level,13090001
8735401,1962-06-21,,,Texas Water Development Board,water_level,13090001
8735402,1950-08-02,131.07,234.93,U.S. Geological Survey,water_level,13090001
8735403,1950-08-02,119.45,221.55,U.S. Geological Survey,water_level,13090001
8735405,1997-06-18,40.3,259.7,Texas Water Development Board,water_level,13090001
8735405,2005-03-16,,,Texas Water Development Board,water_level,13090001
8735406,1997-06-18,79.8,221.2,Texas Water Development Board,water_level,13090001
8735501,1950-08-03,74.5,260.5,U.S. Geological Survey,water_level,13090001
8735502,1950-08-03,45.22,264.78,U.S. Geological Survey,water_level,13090001
8735503,1950-08-03,63.81,246.19,U.S. Geological Survey,water_level,13090001
8735504,1950-11-22,89.46,218.54,U.S. Geological Survey,water_level,13090001
8735601,1950-12-13,87.69,217.31,U.S. Geological Survey,water_level,13090001
8735602,1950-12-12,128.06,152.94,U.S. Geological Survey,water_level,13090001
8735701,1950-08-02,103.06,192.94,U.S. Geological Survey,water_level,13090001
8735804,1950-08-03,42.43,244.57,U.S. Geological Survey,water_level,13090001
8735805,1950-08-03,40.94,255.06,U.S. Geological Survey,water_level,13090001
8735806,2013-01-15,50.4,242.6,Texas Water Development Board,water_level,13090001
8735806,2014-01-30,56.21,236.79,Texas Water Development Board,water_level,13090001
8735806,2015-03-13,57.08,235.92,Texas Water Development Board,water_level,13090001
8735806,2016-01-27,54.11,238.89,Texas Water Development Board,water_level,13090001
8735806,2017-01-11,,,Texas Water Development Board,water_level,13090001
8735806,2018-01-18,,,Texas Water Development Board,water_level,13090001
8735806,2019-03-19,,,Texas Water Development Board,water_level,13090001
8735806,2020-01-28,,,Texas Water Development Board,water_level,13090001
8735806,2021-01-28,,,Texas Water Development Board,water_level,13090001
8735806,2022-01-17,50.7,242.3,Texas Water Development Board,water_level,13090001
8735806,2023-01-25,51.6,241.4,Texas Water Development Board,water_level,13090001
8735806,2024-01-30,,,Texas Water Development Board,water_level,13090001
8735806,2025-01-27,51.69,241.31,Texas Water Development Board,water_level,13090001
8735806,2026-01-27,67.51,225.49,Texas Water Development Board,water_level,13090001
8735807,2026-01-27,30.85,250.15,Texas Water Development Board,water_level,13090001
8735808,2026-01-27,35.23,244.77,Texas Water Development Board,water_level,13090001
8735903,1950-11-22,48.22,244.78,U.S. Geological Survey,water_level,13090001
8736102,1950-12-12,216.04,233.96,Texas Commission on Environmental Quality,water_level,13090001
8736201,1950-07-25,183.34,191.66,Texas Water Development Board,water_level,13090001
8736201,1953-12-02,181.39,193.61,Other or Source of Measurement Unknown,water_level,13090001
8736201,1954-06-22,181.55,193.45,Other or Source of Measurement Unknown,water_level,13090001
8736201,1955-04-15,190.01,184.99,Other or Source of Measurement Unknown,water_level,13090001
8736201,1956-01-12,180.46,194.54,Other or Source of Measurement Unknown,water_level,13090001
8736201,1957-01-10,182.41,192.59,Other or Source of Measurement Unknown,water_level,13090001
8736201,1958-02-06,184.26,190.74,Other or Source of Measurement Unknown,water_level,13090001
8736201,1959-07-21,188.02,186.98,Other or Source of Measurement Unknown,water_level,13090001
8736201,1962-06-20,196.38,178.62,Texas Water Development Board,water_level,13090001
8736201,1963-08-13,,,Texas Water Development Board,water_level,13090001
8736202,1945-10-01,204.2,185.8,Texas Commission on Environmental Quality,water_level,13090001
8736301,1945-09-29,163.91,173.09,Texas Commission on Environmental Quality,water_level,13090001
8736501,1945-09-06,181.71,188.29,Texas Commission on Environmental Quality,water_level,13090001
8736502,1945-09-28,175.08,189.92,Texas Commission on Environmental Quality,water_level,13090001
8736601,1950-07-25,150,206,Texas Commission on Environmental Quality,water_level,13090001
8736603,1945-09-28,162.1,164.9,Texas Commission on Environmental Quality,water_level,13090001
8736802,1945-09-06,144.9,213.1,Texas Water Development Board,water_level,13090001
8736803,1945-09-06,145.35,199.65,Texas Commission on Environmental Quality,water_level,13090001
8736804,1956-01-12,169.03,165.97,Texas Commission on Environmental Quality,water_level,13090001
8736804,1957-01-10,170.93,164.07,Other or Source of Measurement Unknown,water_level,13090001
8736804,1958-02-06,171.98,163.02,Other or Source of Measurement Unknown,water_level,13090001
8736804,1959-07-21,172.56,162.44,Other or Source of Measurement Unknown,water_level,13090001
8736804,1962-06-20,177.9,157.1,Texas Water Development Board,water_level,13090001
8736804,1963-08-13,,,Texas Water Development Board,water_level,13090001
8736901,1945-09-28,157.95,178.05,Texas Commission on Environmental Quality,water_level,13090001
8736902,1945-09-19,158.69,173.31,Texas Commission on Environmental Quality,water_level,13090001
8736903,1945-09-19,142,173,Texas Commission on Environmental Quality,water_level,13090001
8736904,1945-09-19,151.55,170.45,Texas Commission on Environmental Quality,water_level,13090001
8737102,,174,155,Texas Commission on Environmental Quality,water_level,13090001
8737203,1997-07-05,80,283,Registered Water Well Driller,water_level,13090001
8737204,,188,160,Texas Commission on Environmental Quality,water_level,12110208
8737301,1982-05-21,171,136,Registered Water Well Driller,water_level,12110208
8737301,1984-06-27,167.29,139.71,Texas Water Development Board,water_level,12110208
8737301,1985-02-20,166,141,Texas Water Development Board,water_level,12110208
8737301,1985-12-09,164.91,142.09,Texas Water Development Board,water_level,12110208
8737301,1987-01-15,162.82,144.18,Texas Water Development Board,water_level,12110208
8737301,1988-01-06,164.21,142.79,Texas Water Development Board,water_level,12110208
8737301,1989-01-12,165.2,141.8,Texas Water Development Board,water_level,12110208
8737301,1990-01-09,160,147,Texas Water Development Board,water_level,12110208
8737301,1990-12-10,162.3,144.7,Texas Water Development Board,water_level,12110208
8737301,1991-11-19,160,147,Texas Water Development Board,water_level,12110208
8737301,1993-01-04,159.5,147.5,Texas Water Development Board,water_level,12110208
8737301,1993-11-11,168,139,Texas Water Development Board,water_level,12110208
8737301,1994-11-10,160.1,146.9,Texas Water Development Board,water_level,12110208
8737301,1996-02-14,158.65,148.35,Texas Water Development Board,water_level,12110208
8737301,1997-02-11,159.6,147.4,Texas Water Development Board,water_level,12110208
8737301,1998-02-25,163.98,143.02,Texas Water Development Board,water_level,12110208
8737301,1999-02-24,164.45,142.55,Texas Water Development Board,water_level,12110208
8737301,2000-02-23,163.65,143.35,Texas Water Development Board,water_level,12110208
8737301,2001-02-21,168.93,138.07,Texas Water Development Board,water_level,12110208
8737301,2002-02-27,167.4,139.6,Texas Water Development Board,water_level,12110208
8737301,2003-02-13,167.19,139.81,Texas Water Development Board,water_level,12110208
8737301,2004-02-18,165.33,141.67,Texas Water Development Board,water_level,12110208
8737301,2005-02-16,167.67,139.33,Texas Water Development Board,water_level,12110208
8737301,2006-02-15,168.78,138.22,Texas Water Development Board,water_level,12110208
8737301,2007-02-27,171.87,135.13,Texas Water Development Board,water_level,12110208
8737301,2008-02-12,171.45,135.55,Texas Water Development Board,water_level,12110208
8737301,2009-03-10,168.18,138.82,Texas Water Development Board,water_level,12110208
8737301,2010-01-26,172.2,134.8,Texas Water Development Board,water_level,12110208
8737301,2011-01-18,170.42,136.58,Texas Water Development Board,water_level,12110208
8737301,2012-01-12,171.85,135.15,Texas Water Development Board,water_level,12110208
8737301,2013-01-17,172.22,134.78,Texas Water Development Board,water_level,12110208
8737301,2014-01-30,172.36,134.64,Texas Water Development Board,water_level,12110208
8737301,2015-01-19,170.71,136.29,Texas Water Development Board,water_level,12110208
8737301,2016-01-26,65.78,241.22,Texas Water Development Board,water_level,12110208
8737301,2017-01-12,62.88,244.12,Texas Water Development Board,water_level,12110208
8737304,,167,141,Texas Commission on Environmental Quality,water_level,12110208
8737305,,185,114,Texas Commission on Environmental Quality,water_level,12110208
8737306,,183,123,Texas Commission on Environmental Quality,water_level,12110208
8737309,2006-06-28,168,132,Registered Water Well Driller,water_level,12110208
8737401,,147,147,Texas Commission on Environmental Quality,water_level,13090001
8737501,,175,157,Texas Commission on Environmental Quality,water_level,13090001
8737601,,210,101,Texas Commission on Environmental Quality,water_level,12110208
8737603,,211,107,U.S. Geological Survey,water_level,12110208
8737604,,200,104,U.S. Geological Survey,water_level,12110208
8737701,,138,111,U.S. Geological Survey,water_level,13090001
8737702,2015-01-19,91.06,155.94,Texas Water Development Board,water_level,13090001
8737702,2016-01-26,93.01,153.99,Texas Water Development Board,water_level,13090001
8737702,2017-01-12,88.91,158.09,Texas Water Development Board,water_level,13090001
8737702,2018-01-16,89.18,157.82,Texas Water Development Board,water_level,13090001
8737702,2019-01-23,88.74,158.26,Texas Water Development Board,water_level,13090001
8737702,2020-01-30,88.24,158.76,Texas Water Development Board,water_level,13090001
8737702,2021-02-04,89.97,157.03,Texas Water Development Board,water_level,13090001
8737702,2022-01-26,86.44,160.56,Texas Water Development Board,water_level,13090001
8737702,2023-01-24,85.43,161.57,Texas Water Development Board,water_level,13090001
8737702,2024-01-31,86.72,160.28,Texas Water Development Board,water_level,13090001
8737702,2025-01-30,85.56,161.44,Texas Water Development Board,water_level,13090001
8737702,2026-01-28,91.38,155.62,Texas Water Development Board,water_level,13090001
8737703,2009-08-26,161.5,134.5,Texas Water Development Board,water_level,13090001
8737703,2013-06-17,138.35,157.65,Texas Water Development Board,water_level,13090001
8737703,2015-01-19,128.92,167.08,Texas Water Development Board,water_level,13090001
8737703,2016-01-26,140.47,155.53,Texas Water Development Board,water_level,13090001
8737703,2017-01-12,,,Texas Water Development Board,water_level,13090001
8737703,2017-01-12,137.33,158.67,Texas Water Development Board,water_level,13090001
8737703,2018-01-16,141.12,154.88,Texas Water Development Board,water_level,13090001
8737703,2019-01-23,139.4,156.6,Texas Water Development Board,water_level,13090001
8737703,2020-01-30,139.16,156.84,Texas Water Development Board,water_level,13090001
8737703,2021-02-04,138.34,157.66,Texas Water Development Board,water_level,13090001
8737703,2022-01-26,137.7,158.3,Texas Water Development Board,water_level,13090001
8737703,2023-01-24,136.77,159.23,Texas Water Development Board,water_level,13090001
8737703,2024-01-31,127.07,168.93,Texas Water Development Board,water_level,13090001
8737703,2025-01-30,136.86,159.14,Texas Water Development Board,water_level,13090001
8737703,2025-04-21,128.35,167.65,Texas Water Development Board,water_level,13090001
8737703,2026-01-28,136.52,159.48,Texas Water Development Board,water_level,13090001
8737801,,137,133,U.S. Geological Survey,water_level,12110208
8738101,2005-08-09,126.27,120.73,Texas Water Development Board,water_level,12110208
8738103,,139,108,U.S. Geological Survey,water_level,12110208
8738104,,160,89,U.S. Geological Survey,water_level,12110208
8738201,1980-12-17,96.62,123.38,Texas Water Development Board,water_level,12110208
8738201,1982-02-17,,,Texas Water Development Board,water_level,12110208
8738201,1983-02-16,93.85,126.15,Texas Water Development Board,water_level,12110208
8738201,1984-02-15,106.58,113.42,Texas Water Development Board,water_level,12110208
8738201,1985-02-20,97.6,122.4,Texas Water Development Board,water_level,12110208
8738201,1985-12-09,98.88,121.12,Texas Water Development Board,water_level,12110208
8738201,1987-01-15,96.18,123.82,Texas Water Development Board,water_level,12110208
8738201,1988-01-06,95.1,124.9,Texas Water Development Board,water_level,12110208
8738201,1989-01-12,94.7,125.3,Texas Water Development Board,water_level,12110208
8738201,1990-01-09,95,125,Texas Water Development Board,water_level,12110208
8738201,1990-12-10,102,118,Texas Water Development Board,water_level,12110208
8738201,1991-11-19,94.2,125.8,Texas Water Development Board,water_level,12110208
8738201,1993-01-04,93.5,126.5,Texas Water Development Board,water_level,12110208
8738201,1993-11-11,94,126,Texas Water Development Board,water_level,12110208
8738201,1994-11-10,94.61,125.39,Texas Water Development Board,water_level,12110208
8738201,1996-02-14,93.3,126.7,Texas Water Development Board,water_level,12110208
8738201,1997-02-11,94.15,125.85,Texas Water Development Board,water_level,12110208
8738201,1998-02-25,96.2,123.8,Texas Water Development Board,water_level,12110208
8738201,1999-02-24,98.48,121.52,Texas Water Development Board,water_level,12110208
8738201,2000-02-23,99.95,120.05,Texas Water Development Board,water_level,12110208
8738201,2001-02-21,103.4,116.6,Texas Water Development Board,water_level,12110208
8738201,2002-02-27,102,118,Texas Water Development Board,water_level,12110208
8738201,2003-02-13,102.6,117.4,Texas Water Development Board,water_level,12110208
8738201,2004-02-18,101.46,118.54,Texas Water Development Board,water_level,12110208
8738201,2005-02-16,102.84,117.16,Texas Water Development Board,water_level,12110208
8738201,2006-02-15,103.35,116.65,Texas Water Development Board,water_level,12110208
8738201,2007-02-27,104.01,115.99,Texas Water Development Board,water_level,12110208
8738201,2008-02-12,104.26,115.74,Texas Water Development Board,water_level,12110208
8738201,2009-03-10,86.92,133.08,Texas Water Development Board,water_level,12110208
8738201,2010-01-26,81.3,138.7,Texas Water Development Board,water_level,12110208
8738201,2011-01-18,84.02,135.98,Texas Water Development Board,water_level,12110208
8738201,2012-01-12,88.26,131.74,Texas Water Development Board,water_level,12110208
8738201,2013-01-17,89.3,130.7,Texas Water Development Board,water_level,12110208
8738201,2014-01-30,95.21,124.79,Texas Water Development Board,water_level,12110208
8738201,2015-01-19,89.81,130.19,Texas Water Development Board,water_level,12110208
8738201,2016-01-26,,,Texas Water Development Board,water_level,12110208
8738201,2018-01-16,44.68,175.32,Texas Water Development Board,water_level,12110208
8738201,2019-01-23,29.35,190.65,Texas Water Development Board,water_level,12110208
8738201,2020-01-30,28.02,191.98,Texas Water Development Board,water_level,12110208
8738201,2021-02-04,26.61,193.39,Texas Water Development Board,water_level,12110208
8738201,2022-01-26,24.63,195.37,Texas Water Development Board,water_level,12110208
8738201,2023-01-24,26.46,193.54,Texas Water Development Board,water_level,12110208
8738201,2024-01-31,29.98,190.02,Texas Water Development Board,water_level,12110208
8738201,2025-01-30,31.71,188.29,Texas Water Development Board,water_level,12110208
8738201,2026-01-28,33.24,186.76,Texas Water Development Board,water_level,12110208
8738202,1957-09-16,76.5,134.5,U.S. Geological Survey,water_level,12110208
8738204,,72,134,U.S. Geological Survey,water_level,12110208
8738206,1957-09-16,137.5,97.5,Texas Commission on Environmental Quality,water_level,12110208
8738208,,119,106,U.S. Geological Survey,water_level,12110208
8738209,,53,147,U.S. Geological Survey,water_level,12110208
8738401,,175,102,U.S. Geological Survey,water_level,12110208
8738601,,27,150,U.S. Geological Survey,water_level,12110208
8738701,,175,69,U.S. Geological Survey,water_level,12110208
8738702,,100,143,U.S. Geological Survey,water_level,12110208
8738801,,144,54,U.S. Geological Survey,water_level,12110208
8738802,,49,137,U.S. Geological Survey,water_level,12110208
8738804,2012-07-01,100,108,Registered Water Well Driller,water_level,12110208
8739201,1948-04-04,40.4,49.6,Other or Source of Measurement Unknown,water_level,12110208
8739201,1948-12-10,37.24,52.76,Other or Source of Measurement Unknown,water_level,12110208
8739201,1949-04-27,35.87,54.13,Other or Source of Measurement Unknown,water_level,12110208
8739201,1950-04-27,42.61,47.39,Other or Source of Measurement Unknown,water_level,12110208
8739201,1950-05-31,40.19,49.81,Other or Source of Measurement Unknown,water_level,12110208
8739201,1951-06-14,48.44,41.56,Other or Source of Measurement Unknown,water_level,12110208
8739201,1952-06-04,42.27,47.73,Other or Source of Measurement Unknown,water_level,12110208
8739201,1953-05-21,43.99,46.01,Other or Source of Measurement Unknown,water_level,12110208
8739201,1954-05-25,44.12,45.88,Other or Source of Measurement Unknown,water_level,12110208
8739201,1955-05-27,45.07,44.93,Other or Source of Measurement Unknown,water_level,12110208
8739201,1956-05-22,45.56,44.44,Other or Source of Measurement Unknown,water_level,12110208
8739201,1957-06-04,45.12,44.88,Other or Source of Measurement Unknown,water_level,12110208
8739201,1958-06-27,,,Other or Source of Measurement Unknown,water_level,12110208
8739202,1948-03-22,34.29,55.71,Other or Source of Measurement Unknown,water_level,12110208
8739202,1950-01-11,30.86,59.14,Other or Source of Measurement Unknown,water_level,12110208
8739202,1950-04-27,31.9,58.1,Other or Source of Measurement Unknown,water_level,12110208
8739202,1950-05-31,32,58,Other or Source of Measurement Unknown,water_level,12110208
8739202,1951-06-04,34.05,55.95,Other or Source of Measurement Unknown,water_level,12110208
8739202,1952-04-04,32.24,57.76,Other or Source of Measurement Unknown,water_level,12110208
8739202,1953-05-21,37.35,52.65,Other or Source of Measurement Unknown,water_level,12110208
8739202,1954-05-25,37.97,52.03,Other or Source of Measurement Unknown,water_level,12110208
8739202,1955-05-27,38.23,51.77,Other or Source of Measurement Unknown,water_level,12110208
8739202,1956-05-22,42.06,47.94,Other or Source of Measurement Unknown,water_level,12110208
8739202,1957-04-04,41.51,48.49,Other or Source of Measurement Unknown,water_level,12110208
8739202,1959-05-25,,,Other or Source of Measurement Unknown,water_level,12110208
8739203,1948-03-22,33.45,56.55,Other or Source of Measurement Unknown,water_level,12110208
8739203,1950-01-11,30.11,59.89,Other or Source of Measurement Unknown,water_level,12110208
8739203,1950-04-27,30.82,59.18,Other or Source of Measurement Unknown,water_level,12110208
8739203,1950-05-31,30.88,59.12,Other or Source of Measurement Unknown,water_level,12110208
8739203,1951-06-14,,,Other or Source of Measurement Unknown,water_level,12110208
8739204,1948-03-22,34.34,55.66,Other or Source of Measurement Unknown,water_level,12110208
8739204,1950-01-11,30.66,59.34,Other or Source of Measurement Unknown,water_level,12110208
8739204,1950-04-27,31.43,58.57,Other or Source of Measurement Unknown,water_level,12110208
8739204,1950-05-31,31.7,58.3,Other or Source of Measurement Unknown,water_level,12110208
8739204,1951-06-14,34.32,55.68,Other or Source of Measurement Unknown,water_level,12110208
8739204,1952-06-04,31.78,58.22,Other or Source of Measurement Unknown,water_level,12110208
8739204,1953-05-21,37.06,52.94,Other or Source of Measurement Unknown,water_level,12110208
8739204,1954-05-25,37.27,52.73,Other or Source of Measurement Unknown,water_level,12110208
8739204,1955-05-27,37.8,52.2,Other or Source of Measurement Unknown,water_level,12110208
8739204,1956-05-22,41.93,48.07,Other or Source of Measurement Unknown,water_level,12110208
8739204,1957-06-04,41.4,48.6,Other or Source of Measurement Unknown,water_level,12110208
8739205,,80,37,Texas Commission on Environmental Quality,water_level,12110208
8739206,,50,52,U.S. Geological Survey,water_level,12110208
8739207,,64,32,U.S. Geological Survey,water_level,12110208
8739208,,54,32,U.S. Geological Survey,water_level,12110208
8739301,1948-03-20,26.82,51.18,Other or Source of Measurement Unknown,water_level,12110208
8739301,1949-04-27,27.37,50.63,Other or Source of Measurement Unknown,water_level,12110208
8739301,1950-04-27,,,Other or Source of Measurement Unknown,water_level,12110208
8739301,1951-06-14,38.18,39.82,Other or Source of Measurement Unknown,water_level,12110208
8739301,1952-06-03,39.89,38.11,Other or Source of Measurement Unknown,water_level,12110208
8739301,1953-05-20,41.02,36.98,Other or Source of Measurement Unknown,water_level,12110208
8739301,1954-05-26,41.07,36.93,Other or Source of Measurement Unknown,water_level,12110208
8739301,1955-05-27,42.33,35.67,Other or Source of Measurement Unknown,water_level,12110208
8739301,1956-05-22,41.95,36.05,Other or Source of Measurement Unknown,water_level,12110208
8739301,1957-06-04,41.04,36.96,Other or Source of Measurement Unknown,water_level,12110208
8739301,1958-06-27,37.46,40.54,Other or Source of Measurement Unknown,water_level,12110208
8739301,1959-05-25,36.27,41.73,Other or Source of Measurement Unknown,water_level,12110208
8739301,1962-06-22,39.68,38.32,Texas Water Development Board,water_level,12110208
8739301,1963-08-13,35.02,42.98,Texas Water Development Board,water_level,12110208
8739301,1964-08-25,43.9,34.1,Texas Water Development Board,water_level,12110208
8739301,1965-08-10,25.57,52.43,Texas Water Development Board,water_level,12110208
8739301,1966-07-28,26.35,51.65,Texas Water Development Board,water_level,12110208
8739301,1967-07-28,28.77,49.23,Texas Water Development Board,water_level,12110208
8739301,1967-10-19,12.7,65.3,Texas Water Development Board,water_level,12110208
8739301,1967-11-13,,,Texas Water Development Board,water_level,12110208
8739301,1968-08-26,,,Texas Water Development Board,water_level,12110208
8739301,1969-08-21,13.71,64.29,Texas Water Development Board,water_level,12110208
8739301,1970-08-10,15.65,62.35,Texas Water Development Board,water_level,12110208
8739301,1971-08-10,17.6,60.4,Texas Water Development Board,water_level,12110208
8739301,1972-08-02,19.6,58.4,Texas Water Development Board,water_level,12110208
8739301,1973-08-21,20.18,57.82,Texas Water Development Board,water_level,12110208
8739301,1974-08-13,21.08,56.92,Texas Water Development Board,water_level,12110208
8739301,1975-08-14,13.75,64.25,Texas Water Development Board,water_level,12110208
8739301,1976-08-19,12.9,65.1,Texas Water Development Board,water_level,12110208
8739301,1977-08-08,12.1,65.9,Texas Water Development Board,water_level,12110208
8739301,1978-08-22,,,Texas Water Development Board,water_level,12110208
8739301,1979-08-22,,,Texas Water Development Board,water_level,12110208
8739301,1980-09-19,12.58,65.42,Texas Water Development Board,water_level,12110208
8739301,1980-12-12,14.71,63.29,Texas Water Development Board,water_level,12110208
8739301,1982-02-17,13.56,64.44,Texas Water Development Board,water_level,12110208
8739301,1983-02-18,15.85,62.15,Texas Water Development Board,water_level,12110208
8739301,1984-02-15,17.16,60.84,Texas Water Development Board,water_level,12110208
8739301,1985-02-20,17.85,60.15,Texas Water Development Board,water_level,12110208
8739301,1985-12-05,18.69,59.31,Texas Water Development Board,water_level,12110208
8739301,1987-01-14,19.83,58.17,Texas Water Development Board,water_level,12110208
8739301,1988-01-06,18.66,59.34,Texas Water Development Board,water_level,12110208
8739301,1989-01-12,20.44,57.56,Texas Water Development Board,water_level,12110208
8739301,1990-01-09,21.5,56.5,Texas Water Development Board,water_level,12110208
8739301,1990-12-10,23.5,54.5,Texas Water Development Board,water_level,12110208
8739301,1991-11-19,23.9,54.1,Texas Water Development Board,water_level,12110208
8739301,1993-01-04,34.99,43.01,Texas Water Development Board,water_level,12110208
8739301,1993-11-11,24.8,53.2,Texas Water Development Board,water_level,12110208
8739301,1994-11-10,,,Texas Water Development Board,water_level,12110208
8739301,1996-02-13,,,Texas Water Development Board,water_level,12110208
8739301,1997-02-10,24.89,53.11,Texas Water Development Board,water_level,12110208
8739301,1998-02-25,,,Texas Water Development Board,water_level,12110208
8739301,1998-07-22,25.1,52.9,Texas Water Development Board,water_level,12110208
8739301,1999-02-24,,,Texas Water Development Board,water_level,12110208
8739301,2000-02-23,,,Texas Water Development Board,water_level,12110208
8739301,2001-02-20,,,Texas Water Development Board,water_level,12110208
8739302,1948-03-22,22.75,57.25,Other or Source of Measurement Unknown,water_level,12110208
8739302,1948-12-10,20.79,59.21,Other or Source of Measurement Unknown,water_level,12110208
8739302,1949-04-27,22.13,57.87,Other or Source of Measurement Unknown,water_level,12110208
8739302,1950-01-12,28.92,51.08,Other or Source of Measurement Unknown,water_level,12110208
8739302,1950-04-25,34.49,45.51,Other or Source of Measurement Unknown,water_level,12110208
8739302,1950-05-29,33.34,46.66,Other or Source of Measurement Unknown,water_level,12110208
8739302,1951-05-10,36.96,43.04,Other or Source of Measurement Unknown,water_level,12110208
8739302,1951-06-13,35.87,44.13,Other or Source of Measurement Unknown,water_level,12110208
8739302,1952-06-03,37.3,42.7,Other or Source of Measurement Unknown,water_level,12110208
8739302,1953-05-20,37.99,42.01,Other or Source of Measurement Unknown,water_level,12110208
8739302,1954-05-26,37.88,42.12,Other or Source of Measurement Unknown,water_level,12110208
8739302,1955-05-27,38.49,41.51,Other or Source of Measurement Unknown,water_level,12110208
8739302,1956-05-22,39.15,40.85,Other or Source of Measurement Unknown,water_level,12110208
8739302,1957-06-04,38.72,41.28,Other or Source of Measurement Unknown,water_level,12110208
8739302,1958-06-27,36.97,43.03,Other or Source of Measurement Unknown,water_level,12110208
8739302,1959-05-25,36.1,43.9,Other or Source of Measurement Unknown,water_level,12110208
8739302,1998-07-22,27.88,52.12,Texas Water Development Board,water_level,12110208
8739303,,40,33,Texas Commission on Environmental Quality,water_level,12110208
8739304,,45,39,U.S. Geological Survey,water_level,12110208
8739305,,43,42,U.S. Geological Survey,water_level,12110208
8739306,1933-08-07,45.5,34.5,U.S. Geological Survey,water_level,12110208
8739307,,48,34,U.S. Geological Survey,water_level,12110208
8739308,2015-11-24,26,52,Texas Water Development Board,water_level,12110208
8739308,2016-12-14,28.2,49.8,Texas Water Development Board,water_level,12110208
8739308,2017-05-05,28.19,49.81,Texas Water Development Board,water_level,12110208
8739308,2017-05-10,28.46,49.54,Texas Water Development Board,water_level,12110208
8739308,2017-05-15,28.5,49.5,Texas Water Development Board,water_level,12110208
8739308,2017-05-20,28.59,49.41,Texas Water Development Board,water_level,12110208
8739308,2017-05-25,28.73,49.27,Texas Water Development Board,water_level,12110208
8739308,2017-05-30,28.55,49.45,Texas Water Development Board,water_level,12110208
8739308,2017-06-05,28.77,49.23,Texas Water Development Board,water_level,12110208
8739308,2017-06-10,28.72,49.28,Texas Water Development Board,water_level,12110208
8739308,2017-06-15,28.75,49.25,Texas Water Development Board,water_level,12110208
8739308,2017-06-20,28.82,49.18,Texas Water Development Board,water_level,12110208
8739308,2017-06-25,28.7,49.3,Texas Water Development Board,water_level,12110208
8739308,2017-06-30,28.86,49.14,Texas Water Development Board,water_level,12110208
8739308,2017-07-05,28.79,49.21,Texas Water Development Board,water_level,12110208
8739308,2017-07-10,28.62,49.38,Texas Water Development Board,water_level,12110208
8739308,2017-07-15,28.54,49.46,Texas Water Development Board,water_level,12110208
8739308,2017-07-20,28.55,49.45,Texas Water Development Board,water_level,12110208
8739308,2017-07-25,28.66,49.34,Texas Water Development Board,water_level,12110208
8739308,2017-07-30,28.81,49.19,Texas Water Development Board,water_level,12110208
8739308,2017-08-05,28.83,49.17,Texas Water Development Board,water_level,12110208
8739308,2017-08-10,28.76,49.24,Texas Water Development Board,water_level,12110208
8739308,2017-08-15,28.98,49.02,Texas Water Development Board,water_level,12110208
8739308,2017-08-20,28.89,49.11,Texas Water Development Board,water_level,12110208
8739308,2017-08-25,29.2,48.8,Texas Water Development Board,water_level,12110208
8739308,2017-08-30,29.03,48.97,Texas Water Development Board,water_level,12110208
8739308,2017-09-05,29,49,Texas Water Development Board,water_level,12110208
8739308,2017-09-10,28.95,49.05,Texas Water Development Board,water_level,12110208
8739308,2017-09-15,29.14,48.86,Texas Water Development Board,water_level,12110208
8739308,2017-09-20,29.19,48.81,Texas Water Development Board,water_level,12110208
8739308,2017-09-25,29.3,48.7,Texas Water Development Board,water_level,12110208
8739308,2017-09-30,28.99,49.01,Texas Water Development Board,water_level,12110208
8739308,2017-10-05,28.63,49.37,Texas Water Development Board,water_level,12110208
8739308,2017-10-10,28.48,49.52,Texas Water Development Board,water_level,12110208
8739308,2017-10-15,28.31,49.69,Texas Water Development Board,water_level,12110208
8739308,2017-10-20,28.53,49.47,Texas Water Development Board,water_level,12110208
8739308,2017-10-25,28.35,49.65,Texas Water Development Board,water_level,12110208
8739308,2017-10-30,28.72,49.28,Texas Water Development Board,water_level,12110208
8739308,2017-11-05,28.83,49.17,Texas Water Development Board,water_level,12110208
8739308,2017-11-10,28.63,49.37,Texas Water Development Board,water_level,12110208
8739308,2017-11-15,28.82,49.18,Texas Water Development Board,water_level,12110208
8739308,2017-11-20,28.62,49.38,Texas Water Development Board,water_level,12110208
8739308,2017-11-25,28.82,49.18,Texas Water Development Board,water_level,12110208
8739308,2017-11-30,28.67,49.33,Texas Water Development Board,water_level,12110208
8739308,2017-12-05,28.71,49.29,Texas Water Development Board,water_level,12110208
8739308,2017-12-10,28.43,49.57,Texas Water Development Board,water_level,12110208
8739308,2017-12-15,28.55,49.45,Texas Water Development Board,water_level,12110208
8739308,2017-12-20,28.75,49.25,Texas Water Development Board,water_level,12110208
8739308,2017-12-25,28.51,49.49,Texas Water Development Board,water_level,12110208
8739308,2017-12-30,28.63,49.37,Texas Water Development Board,water_level,12110208
8739308,2018-01-05,28.45,49.55,Texas Water Development Board,water_level,12110208
8739308,2018-01-10,28.77,49.23,Texas Water Development Board,water_level,12110208
8739308,2018-01-15,28.48,49.52,Texas Water Development Board,water_level,12110208
8739308,2018-01-16,32.18,45.82,Texas Water Development Board,water_level,12110208
8739308,2018-01-20,28.47,49.53,Texas Water Development Board,water_level,12110208
8739308,2018-01-25,28.21,49.79,Texas Water Development Board,water_level,12110208
8739308,2018-01-30,28.14,49.86,Texas Water Development Board,water_level,12110208
8739308,2018-02-05,28.5,49.5,Texas Water Development Board,water_level,12110208
8739308,2018-02-10,28.74,49.26,Texas Water Development Board,water_level,12110208
8739308,2018-02-15,28.59,49.41,Texas Water Development Board,water_level,12110208
8739308,2018-02-20,28.77,49.23,Texas Water Development Board,water_level,12110208
8739308,2018-02-25,28.78,49.22,Texas Water Development Board,water_level,12110208
8739308,2018-03-05,28.82,49.18,Texas Water Development Board,water_level,12110208
8739308,2018-03-10,28.91,49.09,Texas Water Development Board,water_level,12110208
8739308,2018-03-15,28.67,49.33,Texas Water Development Board,water_level,12110208
8739308,2018-03-20,28.81,49.19,Texas Water Development Board,water_level,12110208
8739308,2018-03-25,29.01,48.99,Texas Water Development Board,water_level,12110208
8739308,2018-03-30,28.75,49.25,Texas Water Development Board,water_level,12110208
8739308,2018-04-05,28.86,49.14,Texas Water Development Board,water_level,12110208
8739308,2018-04-10,28.75,49.25,Texas Water Development Board,water_level,12110208
8739308,2018-04-15,28.84,49.16,Texas Water Development Board,water_level,12110208
8739308,2018-04-20,28.94,49.06,Texas Water Development Board,water_level,12110208
8739308,2018-04-25,29.14,48.86,Texas Water Development Board,water_level,12110208
8739308,2018-04-30,29.17,48.83,Texas Water Development Board,water_level,12110208
8739308,2018-05-05,29.16,48.84,Texas Water Development Board,water_level,12110208
8739308,2018-05-10,29.32,48.68,Texas Water Development Board,water_level,12110208
8739308,2018-05-15,29.45,48.55,Texas Water Development Board,water_level,12110208
8739308,2018-05-20,29.54,48.46,Texas Water Development Board,water_level,12110208
8739308,2018-05-25,29.52,48.48,Texas Water Development Board,water_level,12110208
8739308,2018-05-30,29.82,48.18,Texas Water Development Board,water_level,12110208
8739308,2018-06-05,29.75,48.25,Texas Water Development Board,water_level,12110208
8739308,2018-06-10,29.78,48.22,Texas Water Development Board,water_level,12110208
8739308,2018-06-15,29.81,48.19,Texas Water Development Board,water_level,12110208
8739308,2018-06-20,29.92,48.08,Texas Water Development Board,water_level,12110208
8739308,2019-01-23,26.35,51.65,Texas Water Development Board,water_level,12110208
8739308,2019-04-23,26.22,51.78,Texas Water Development Board,water_level,12110208
8739308,2020-01-05,27.76,50.24,Texas Water Development Board,water_level,12110208
8739308,2020-01-10,28.2,49.8,Texas Water Development Board,water_level,12110208
8739308,2020-01-15,28.08,49.92,Texas Water Development Board,water_level,12110208
8739308,2020-01-20,27.62,50.38,Texas Water Development Board,water_level,12110208
8739308,2020-01-25,28.06,49.94,Texas Water Development Board,water_level,12110208
8739308,2020-01-29,28.16,49.84,Texas Water Development Board,water_level,12110208
8739308,2020-01-30,28.09,49.91,Texas Water Development Board,water_level,12110208
8739308,2020-02-05,28.3,49.7,Texas Water Development Board,water_level,12110208
8739308,2020-02-10,28.28,49.72,Texas Water Development Board,water_level,12110208
8739308,2020-02-15,27.92,50.08,Texas Water Development Board,water_level,12110208
8739308,2020-02-20,27.7,50.3,Texas Water Development Board,water_level,12110208
8739308,2020-02-25,28.15,49.85,Texas Water Development Board,water_level,12110208
8739308,2020-03-05,27.93,50.07,Texas Water Development Board,water_level,12110208
8739308,2020-03-10,28.02,49.98,Texas Water Development Board,water_level,12110208
8739308,2020-03-15,28.12,49.88,Texas Water Development Board,water_level,12110208
8739308,2020-03-20,28.15,49.85,Texas Water Development Board,water_level,12110208
8739308,2020-03-25,28.43,49.57,Texas Water Development Board,water_level,12110208
8739308,2020-03-30,28.42,49.58,Texas Water Development Board,water_level,12110208
8739308,2020-04-05,28.44,49.56,Texas Water Development Board,water_level,12110208
8739308,2020-04-10,28.54,49.46,Texas Water Development Board,water_level,12110208
8739308,2020-04-15,28.34,49.66,Texas Water Development Board,water_level,12110208
8739308,2020-04-20,28.74,49.26,Texas Water Development Board,water_level,12110208
8739308,2020-04-25,28.6,49.4,Texas Water Development Board,water_level,12110208
8739308,2020-04-30,28.57,49.43,Texas Water Development Board,water_level,12110208
8739308,2020-05-05,28.77,49.23,Texas Water Development Board,water_level,12110208
8739308,2020-05-10,28.67,49.33,Texas Water Development Board,water_level,12110208
8739308,2020-05-15,29.06,48.94,Texas Water Development Board,water_level,12110208
8739308,2020-05-20,29.1,48.9,Texas Water Development Board,water_level,12110208
8739308,2020-05-25,29.15,48.85,Texas Water Development Board,water_level,12110208
8739308,2020-05-30,28.9,49.1,Texas Water Development Board,water_level,12110208
8739308,2020-06-05,29.08,48.92,Texas Water Development Board,water_level,12110208
8739308,2020-06-10,28.98,49.02,Texas Water Development Board,water_level,12110208
8739308,2020-06-15,29.06,48.94,Texas Water Development Board,water_level,12110208
8739308,2020-06-20,29.25,48.75,Texas Water Development Board,water_level,12110208
8739308,2020-06-25,29.32,48.68,Texas Water Development Board,water_level,12110208
8739308,2020-06-30,29.44,48.56,Texas Water Development Board,water_level,12110208
8739308,2020-07-05,29.46,48.54,Texas Water Development Board,water_level,12110208
8739308,2020-07-10,29.44,48.56,Texas Water Development Board,water_level,12110208
8739308,2020-07-15,29.54,48.46,Texas Water Development Board,water_level,12110208
8739308,2020-07-20,29.61,48.39,Texas Water Development Board,water_level,12110208
8739308,2020-07-25,29.83,48.17,Texas Water Development Board,water_level,12110208
8739308,2020-07-30,27.83,50.17,Texas Water Development Board,water_level,12110208
8739308,2020-08-05,26.55,51.45,Texas Water Development Board,water_level,12110208
8739308,2020-08-10,26.34,51.66,Texas Water Development Board,water_level,12110208
8739308,2020-08-15,26.5,51.5,Texas Water Development Board,water_level,12110208
8739308,2020-08-20,26.68,51.32,Texas Water Development Board,water_level,12110208
8739308,2020-08-25,26.77,51.23,Texas Water Development Board,water_level,12110208
8739308,2020-08-30,27.02,50.98,Texas Water Development Board,water_level,12110208
8739308,2020-09-05,26.87,51.13,Texas Water Development Board,water_level,12110208
8739308,2020-09-10,26.82,51.18,Texas Water Development Board,water_level,12110208
8739308,2020-09-15,26.93,51.07,Texas Water Development Board,water_level,12110208
8739308,2020-09-20,26.8,51.2,Texas Water Development Board,water_level,12110208
8739308,2020-09-25,26.78,51.22,Texas Water Development Board,water_level,12110208
8739308,2020-09-30,26.66,51.34,Texas Water Development Board,water_level,12110208
8739308,2020-10-05,26.71,51.29,Texas Water Development Board,water_level,12110208
8739308,2020-10-10,27.03,50.97,Texas Water Development Board,water_level,12110208
8739308,2020-10-15,27.03,50.97,Texas Water Development Board,water_level,12110208
8739308,2020-10-20,27.02,50.98,Texas Water Development Board,water_level,12110208
8739308,2020-10-25,27.07,50.93,Texas Water Development Board,water_level,12110208
8739308,2020-10-30,26.75,51.25,Texas Water Development Board,water_level,12110208
8739308,2020-11-05,26.89,51.11,Texas Water Development Board,water_level,12110208
8739308,2020-11-10,27.26,50.74,Texas Water Development Board,water_level,12110208
8739308,2020-11-15,26.98,51.02,Texas Water Development Board,water_level,12110208
8739308,2020-11-20,26.94,51.06,Texas Water Development Board,water_level,12110208
8739308,2020-11-25,27.22,50.78,Texas Water Development Board,water_level,12110208
8739308,2020-11-30,26.82,51.18,Texas Water Development Board,water_level,12110208
8739308,2020-12-05,27,51,Texas Water Development Board,water_level,12110208
8739308,2020-12-10,27.17,50.83,Texas Water Development Board,water_level,12110208
8739308,2020-12-15,27.22,50.78,Texas Water Development Board,water_level,12110208
8739308,2020-12-20,27.12,50.88,Texas Water Development Board,water_level,12110208
8739308,2020-12-25,26.91,51.09,Texas Water Development Board,water_level,12110208
8739308,2020-12-30,27.44,50.56,Texas Water Development Board,water_level,12110208
8739308,2021-01-05,27.2,50.8,Texas Water Development Board,water_level,12110208
8739308,2021-01-10,26.97,51.03,Texas Water Development Board,water_level,12110208
8739308,2021-01-15,27.11,50.89,Texas Water Development Board,water_level,12110208
8739308,2021-01-20,27.1,50.9,Texas Water Development Board,water_level,12110208
8739308,2021-01-25,27.58,50.42,Texas Water Development Board,water_level,12110208
8739308,2021-01-30,27.29,50.71,Texas Water Development Board,water_level,12110208
8739308,2021-02-04,27.45,50.55,Texas Water Development Board,water_level,12110208
8739308,2021-02-05,27.5,50.5,Texas Water Development Board,water_level,12110208
8739308,2021-02-10,27.44,50.56,Texas Water Development Board,water_level,12110208
8739308,2021-02-15,27.04,50.96,Texas Water Development Board,water_level,12110208
8739308,2021-02-20,26.99,51.01,Texas Water Development Board,water_level,12110208
8739308,2021-02-25,27.38,50.62,Texas Water Development Board,water_level,12110208
8739308,2021-03-05,27.42,50.58,Texas Water Development Board,water_level,12110208
8739308,2021-03-10,27.34,50.66,Texas Water Development Board,water_level,12110208
8739308,2021-03-15,27.53,50.47,Texas Water Development Board,water_level,12110208
8739308,2021-03-20,27.19,50.81,Texas Water Development Board,water_level,12110208
8739308,2021-03-25,27.65,50.35,Texas Water Development Board,water_level,12110208
8739308,2021-03-30,27.6,50.4,Texas Water Development Board,water_level,12110208
8739308,2021-04-05,27.52,50.48,Texas Water Development Board,water_level,12110208
8739308,2021-04-10,27.96,50.04,Texas Water Development Board,water_level,12110208
8739308,2021-04-15,27.95,50.05,Texas Water Development Board,water_level,12110208
8739308,2021-04-20,27.79,50.21,Texas Water Development Board,water_level,12110208
8739308,2021-04-25,27.91,50.09,Texas Water Development Board,water_level,12110208
8739308,2021-04-30,28,50,Texas Water Development Board,water_level,12110208
8739308,2021-05-05,27.94,50.06,Texas Water Development Board,water_level,12110208
8739308,2021-05-10,28.15,49.85,Texas Water Development Board,water_level,12110208
8739308,2021-05-15,27.96,50.04,Texas Water Development Board,water_level,12110208
8739308,2021-05-20,27.94,50.06,Texas Water Development Board,water_level,12110208
8739308,2021-05-25,27.78,50.22,Texas Water Development Board,water_level,12110208
8739308,2021-05-30,27.84,50.16,Texas Water Development Board,water_level,12110208
8739308,2021-06-05,27.56,50.44,Texas Water Development Board,water_level,12110208
8739308,2021-06-10,27.3,50.7,Texas Water Development Board,water_level,12110208
8739308,2021-06-15,27.36,50.64,Texas Water Development Board,water_level,12110208
8739308,2021-06-20,27.58,50.42,Texas Water Development Board,water_level,12110208
8739308,2021-06-25,27.57,50.43,Texas Water Development Board,water_level,12110208
8739308,2021-06-30,27.56,50.44,Texas Water Development Board,water_level,12110208
8739308,2021-07-05,27.76,50.24,Texas Water Development Board,water_level,12110208
8739308,2021-07-10,27.26,50.74,Texas Water Development Board,water_level,12110208
8739308,2021-07-15,27.09,50.91,Texas Water Development Board,water_level,12110208
8739308,2021-07-20,27.22,50.78,Texas Water Development Board,water_level,12110208
8739308,2021-07-25,27.22,50.78,Texas Water Development Board,water_level,12110208
8739308,2021-07-30,27.22,50.78,Texas Water Development Board,water_level,12110208
8739308,2021-08-01,27.28,50.72,Texas Water Development Board,water_level,12110208
8739308,2021-08-02,27.3,50.7,Texas Water Development Board,water_level,12110208
8739308,2021-08-03,27.33,50.67,Texas Water Development Board,water_level,12110208
8739308,2021-08-04,27.34,50.66,Texas Water Development Board,water_level,12110208
8739308,2021-08-05,27.32,50.68,Texas Water Development Board,water_level,12110208
8739308,2021-08-06,27.31,50.69,Texas Water Development Board,water_level,12110208
8739308,2021-08-07,27.35,50.65,Texas Water Development Board,water_level,12110208
8739308,2021-08-08,27.42,50.58,Texas Water Development Board,water_level,12110208
8739308,2021-08-09,27.39,50.61,Texas Water Development Board,water_level,12110208
8739308,2021-08-10,27.35,50.65,Texas Water Development Board,water_level,12110208
8739308,2021-08-11,27.36,50.64,Texas Water Development Board,water_level,12110208
8739308,2021-08-12,27.38,50.62,Texas Water Development Board,water_level,12110208
8739308,2021-08-13,27.36,50.64,Texas Water Development Board,water_level,12110208
8739308,2021-08-14,27.37,50.63,Texas Water Development Board,water_level,12110208
8739308,2021-08-15,27.43,50.57,Texas Water Development Board,water_level,12110208
8739308,2021-08-16,27.55,50.45,Texas Water Development Board,water_level,12110208
8739308,2021-08-17,27.6,50.4,Texas Water Development Board,water_level,12110208
8739308,2021-08-18,27.57,50.43,Texas Water Development Board,water_level,12110208
8739308,2021-08-19,27.57,50.43,Texas Water Development Board,water_level,12110208
8739308,2021-08-20,27.64,50.36,Texas Water Development Board,water_level,12110208
8739308,2021-08-21,27.62,50.38,Texas Water Development Board,water_level,12110208
8739308,2021-08-22,27.58,50.42,Texas Water Development Board,water_level,12110208
8739308,2021-08-23,27.61,50.39,Texas Water Development Board,water_level,12110208
8739308,2021-08-24,27.63,50.37,Texas Water Development Board,water_level,12110208
8739308,2021-08-25,27.63,50.37,Texas Water Development Board,water_level,12110208
8739308,2021-08-26,27.65,50.35,Texas Water Development Board,water_level,12110208
8739308,2021-08-27,27.75,50.25,Texas Water Development Board,water_level,12110208
8739308,2021-08-28,27.76,50.24,Texas Water Development Board,water_level,12110208
8739308,2021-08-29,27.78,50.22,Texas Water Development Board,water_level,12110208
8739308,2021-08-30,27.84,50.16,Texas Water Development Board,water_level,12110208
8739308,2021-08-31,27.92,50.08,Texas Water Development Board,water_level,12110208
8739308,2021-09-01,27.93,50.07,Texas Water Development Board,water_level,12110208
8739308,2021-09-02,27.88,50.12,Texas Water Development Board,water_level,12110208
8739308,2021-09-03,27.84,50.16,Texas Water Development Board,water_level,12110208
8739308,2021-09-04,27.82,50.18,Texas Water Development Board,water_level,12110208
8739308,2021-09-05,27.83,50.17,Texas Water Development Board,water_level,12110208
8739308,2021-09-06,27.82,50.18,Texas Water Development Board,water_level,12110208
8739308,2021-09-07,27.89,50.11,Texas Water Development Board,water_level,12110208
8739308,2021-09-08,27.89,50.11,Texas Water Development Board,water_level,12110208
8739308,2021-09-09,27.84,50.16,Texas Water Development Board,water_level,12110208
8739308,2021-09-10,27.83,50.17,Texas Water Development Board,water_level,12110208
8739308,2021-09-11,27.83,50.17,Texas Water Development Board,water_level,12110208
8739308,2021-09-12,27.86,50.14,Texas Water Development Board,water_level,12110208
8739308,2021-09-13,27.94,50.06,Texas Water Development Board,water_level,12110208
8739308,2021-09-14,27.98,50.02,Texas Water Development Board,water_level,12110208
8739308,2021-09-15,28,50,Texas Water Development Board,water_level,12110208
8739308,2021-09-16,27.98,50.02,Texas Water Development Board,water_level,12110208
8739308,2021-09-17,27.91,50.09,Texas Water Development Board,water_level,12110208
8739308,2021-09-18,27.87,50.13,Texas Water Development Board,water_level,12110208
8739308,2021-09-19,27.92,50.08,Texas Water Development Board,water_level,12110208
8739308,2021-09-20,27.98,50.02,Texas Water Development Board,water_level,12110208
8739308,2021-09-21,27.8,50.2,Texas Water Development Board,water_level,12110208
8739308,2021-09-22,27.68,50.32,Texas Water Development Board,water_level,12110208
8739308,2021-09-23,27.76,50.24,Texas Water Development Board,water_level,12110208
8739308,2021-09-24,28.22,49.78,Texas Water Development Board,water_level,12110208
8739308,2021-09-25,28.24,49.76,Texas Water Development Board,water_level,12110208
8739308,2021-09-26,28.22,49.78,Texas Water Development Board,water_level,12110208
8739308,2021-09-27,28.21,49.79,Texas Water Development Board,water_level,12110208
8739308,2021-09-28,28.2,49.8,Texas Water Development Board,water_level,12110208
8739308,2021-09-29,28.21,49.79,Texas Water Development Board,water_level,12110208
8739308,2021-09-30,28.24,49.76,Texas Water Development Board,water_level,12110208
8739308,2021-10-01,28.29,49.71,Texas Water Development Board,water_level,12110208
8739308,2021-10-02,28.28,49.72,Texas Water Development Board,water_level,12110208
8739308,2021-10-03,28.29,49.71,Texas Water Development Board,water_level,12110208
8739308,2021-10-04,28.3,49.7,Texas Water Development Board,water_level,12110208
8739308,2021-10-05,28.31,49.69,Texas Water Development Board,water_level,12110208
8739308,2021-10-06,28.32,49.68,Texas Water Development Board,water_level,12110208
8739308,2021-10-07,28.33,49.67,Texas Water Development Board,water_level,12110208
8739308,2021-10-08,28.34,49.66,Texas Water Development Board,water_level,12110208
8739308,2021-10-09,28.32,49.68,Texas Water Development Board,water_level,12110208
8739308,2021-10-10,28.3,49.7,Texas Water Development Board,water_level,12110208
8739308,2021-10-11,28.01,49.99,Texas Water Development Board,water_level,12110208
8739308,2021-10-12,28.35,49.65,Texas Water Development Board,water_level,12110208
8739308,2021-10-13,28.36,49.64,Texas Water Development Board,water_level,12110208
8739308,2021-10-14,28.37,49.63,Texas Water Development Board,water_level,12110208
8739308,2021-10-15,28.42,49.58,Texas Water Development Board,water_level,12110208
8739308,2021-10-16,28.47,49.53,Texas Water Development Board,water_level,12110208
8739308,2021-10-17,28.45,49.55,Texas Water Development Board,water_level,12110208
8739308,2021-10-18,28.43,49.57,Texas Water Development Board,water_level,12110208
8739308,2021-10-19,28.43,49.57,Texas Water Development Board,water_level,12110208
8739308,2021-10-20,28.46,49.54,Texas Water Development Board,water_level,12110208
8739308,2021-10-21,28.48,49.52,Texas Water Development Board,water_level,12110208
8739308,2021-10-22,28.45,49.55,Texas Water Development Board,water_level,12110208
8739308,2021-10-23,28.44,49.56,Texas Water Development Board,water_level,12110208
8739308,2021-10-24,28.45,49.55,Texas Water Development Board,water_level,12110208
8739308,2021-10-25,28.48,49.52,Texas Water Development Board,water_level,12110208
8739308,2021-10-26,27.96,50.04,Texas Water Development Board,water_level,12110208
8739308,2021-10-27,27.92,50.08,Texas Water Development Board,water_level,12110208
8739308,2021-10-28,28.52,49.48,Texas Water Development Board,water_level,12110208
8739308,2021-10-29,28.51,49.49,Texas Water Development Board,water_level,12110208
8739308,2021-10-30,28.5,49.5,Texas Water Development Board,water_level,12110208
8739308,2021-10-31,28.53,49.47,Texas Water Development Board,water_level,12110208
8739308,2021-11-01,28.56,49.44,Texas Water Development Board,water_level,12110208
8739308,2021-11-02,28.55,49.45,Texas Water Development Board,water_level,12110208
8739308,2021-11-03,28.55,49.45,Texas Water Development Board,water_level,12110208
8739308,2021-11-04,28.51,49.49,Texas Water Development Board,water_level,12110208
8739308,2021-11-05,28.47,49.53,Texas Water Development Board,water_level,12110208
8739308,2021-11-06,28.44,49.56,Texas Water Development Board,water_level,12110208
8739308,2021-11-07,28.43,49.57,Texas Water Development Board,water_level,12110208
8739308,2021-11-08,28.41,49.59,Texas Water Development Board,water_level,12110208
8739308,2021-11-09,28.37,49.63,Texas Water Development Board,water_level,12110208
8739308,2021-11-10,28.34,49.66,Texas Water Development Board,water_level,12110208
8739308,2021-11-11,28.36,49.64,Texas Water Development Board,water_level,12110208
8739308,2021-11-12,28.37,49.63,Texas Water Development Board,water_level,12110208
8739308,2021-11-13,28.37,49.63,Texas Water Development Board,water_level,12110208
8739308,2021-11-14,28.35,49.65,Texas Water Development Board,water_level,12110208
8739308,2021-11-15,28.34,49.66,Texas Water Development Board,water_level,12110208
8739308,2021-11-16,28.32,49.68,Texas Water Development Board,water_level,12110208
8739308,2021-11-17,28.31,49.69,Texas Water Development Board,water_level,12110208
8739308,2021-11-18,28.34,49.66,Texas Water Development Board,water_level,12110208
8739308,2021-11-19,28.23,49.77,Texas Water Development Board,water_level,12110208
8739308,2021-11-20,28.17,49.83,Texas Water Development Board,water_level,12110208
8739308,2021-11-21,28.15,49.85,Texas Water Development Board,water_level,12110208
8739308,2021-11-22,28.14,49.86,Texas Water Development Board,water_level,12110208
8739308,2021-11-23,28.07,49.93,Texas Water Development Board,water_level,12110208
8739308,2021-11-24,28.05,49.95,Texas Water Development Board,water_level,12110208
8739308,2021-11-25,28.06,49.94,Texas Water Development Board,water_level,12110208
8739308,2021-11-26,27.99,50.01,Texas Water Development Board,water_level,12110208
8739308,2021-11-27,27.95,50.05,Texas Water Development Board,water_level,12110208
8739308,2021-11-28,27.94,50.06,Texas Water Development Board,water_level,12110208
8739308,2021-11-29,27.9,50.1,Texas Water Development Board,water_level,12110208
8739308,2021-11-30,27.88,50.12,Texas Water Development Board,water_level,12110208
8739308,2021-12-01,27.88,50.12,Texas Water Development Board,water_level,12110208
8739308,2021-12-02,27.87,50.13,Texas Water Development Board,water_level,12110208
8739308,2021-12-03,27.84,50.16,Texas Water Development Board,water_level,12110208
8739308,2021-12-04,27.85,50.15,Texas Water Development Board,water_level,12110208
8739308,2021-12-05,27.82,50.18,Texas Water Development Board,water_level,12110208
8739308,2021-12-06,27.85,50.15,Texas Water Development Board,water_level,12110208
8739308,2021-12-07,27.84,50.16,Texas Water Development Board,water_level,12110208
8739308,2021-12-08,27.83,50.17,Texas Water Development Board,water_level,12110208
8739308,2021-12-09,27.81,50.19,Texas Water Development Board,water_level,12110208
8739308,2021-12-10,27.79,50.21,Texas Water Development Board,water_level,12110208
8739308,2021-12-11,27.87,50.13,Texas Water Development Board,water_level,12110208
8739308,2021-12-12,27.88,50.12,Texas Water Development Board,water_level,12110208
8739308,2021-12-13,27.86,50.14,Texas Water Development Board,water_level,12110208
8739308,2021-12-14,27.85,50.15,Texas Water Development Board,water_level,12110208
8739308,2021-12-15,27.82,50.18,Texas Water Development Board,water_level,12110208
8739308,2021-12-16,27.82,50.18,Texas Water Development Board,water_level,12110208
8739308,2021-12-17,27.81,50.19,Texas Water Development Board,water_level,12110208
8739308,2021-12-18,27.82,50.18,Texas Water Development Board,water_level,12110208
8739308,2021-12-19,27.88,50.12,Texas Water Development Board,water_level,12110208
8739308,2021-12-20,27.85,50.15,Texas Water Development Board,water_level,12110208
8739308,2021-12-21,27.82,50.18,Texas Water Development Board,water_level,12110208
8739308,2021-12-22,27.81,50.19,Texas Water Development Board,water_level,12110208
8739308,2021-12-23,27.79,50.21,Texas Water Development Board,water_level,12110208
8739308,2021-12-24,27.77,50.23,Texas Water Development Board,water_level,12110208
8739308,2021-12-25,27.77,50.23,Texas Water Development Board,water_level,12110208
8739308,2021-12-26,27.77,50.23,Texas Water Development Board,water_level,12110208
8739308,2021-12-27,27.74,50.26,Texas Water Development Board,water_level,12110208
8739308,2021-12-28,27.73,50.27,Texas Water Development Board,water_level,12110208
8739308,2021-12-29,27.75,50.25,Texas Water Development Board,water_level,12110208
8739308,2021-12-30,27.75,50.25,Texas Water Development Board,water_level,12110208
8739308,2021-12-31,27.71,50.29,Texas Water Development Board,water_level,12110208
8739308,2022-01-01,27.71,50.29,Texas Water Development Board,water_level,12110208
8739308,2022-01-02,27.88,50.12,Texas Water Development Board,water_level,12110208
8739308,2022-01-03,27.8,50.2,Texas Water Development Board,water_level,12110208
8739308,2022-01-04,27.74,50.26,Texas Water Development Board,water_level,12110208
8739308,2022-01-05,27.71,50.29,Texas Water Development Board,water_level,12110208
8739308,2022-01-06,27.73,50.27,Texas Water Development Board,water_level,12110208
8739308,2022-01-07,27.74,50.26,Texas Water Development Board,water_level,12110208
8739308,2022-01-08,27.72,50.28,Texas Water Development Board,water_level,12110208
8739308,2022-01-09,27.76,50.24,Texas Water Development Board,water_level,12110208
8739308,2022-01-10,27.81,50.19,Texas Water Development Board,water_level,12110208
8739308,2022-01-11,27.76,50.24,Texas Water Development Board,water_level,12110208
8739308,2022-01-12,27.74,50.26,Texas Water Development Board,water_level,12110208
8739308,2022-01-13,27.7,50.3,Texas Water Development Board,water_level,12110208
8739308,2022-01-14,27.66,50.34,Texas Water Development Board,water_level,12110208
8739308,2022-01-15,27.74,50.26,Texas Water Development Board,water_level,12110208
8739308,2022-01-16,27.71,50.29,Texas Water Development Board,water_level,12110208
8739308,2022-01-17,27.69,50.31,Texas Water Development Board,water_level,12110208
8739308,2022-01-18,27.66,50.34,Texas Water Development Board,water_level,12110208
8739308,2022-01-19,27.65,50.35,Texas Water Development Board,water_level,12110208
8739308,2022-01-20,27.75,50.25,Texas Water Development Board,water_level,12110208
8739308,2022-01-21,27.73,50.27,Texas Water Development Board,water_level,12110208
8739308,2022-01-22,27.71,50.29,Texas Water Development Board,water_level,12110208
8739308,2022-01-23,27.65,50.35,Texas Water Development Board,water_level,12110208
8739308,2022-01-24,27.62,50.38,Texas Water Development Board,water_level,12110208
8739308,2022-01-25,27.66,50.34,Texas Water Development Board,water_level,12110208
8739308,2022-01-26,27.55,50.45,Texas Water Development Board,water_level,12110208
8739308,2022-01-27,27.66,50.34,Texas Water Development Board,water_level,12110208
8739308,2022-01-28,27.72,50.28,Texas Water Development Board,water_level,12110208
8739308,2022-01-29,27.65,50.35,Texas Water Development Board,water_level,12110208
8739308,2022-01-30,27.59,50.41,Texas Water Development Board,water_level,12110208
8739308,2022-01-31,27.57,50.43,Texas Water Development Board,water_level,12110208
8739308,2022-02-01,27.57,50.43,Texas Water Development Board,water_level,12110208
8739308,2022-02-02,27.55,50.45,Texas Water Development Board,water_level,12110208
8739308,2022-02-03,27.66,50.34,Texas Water Development Board,water_level,12110208
8739308,2022-02-04,27.73,50.27,Texas Water Development Board,water_level,12110208
8739308,2022-02-05,27.62,50.38,Texas Water Development Board,water_level,12110208
8739308,2022-02-06,27.59,50.41,Texas Water Development Board,water_level,12110208
8739308,2022-02-07,27.63,50.37,Texas Water Development Board,water_level,12110208
8739308,2022-02-08,27.59,50.41,Texas Water Development Board,water_level,12110208
8739308,2022-02-09,27.56,50.44,Texas Water Development Board,water_level,12110208
8739308,2022-02-10,27.54,50.46,Texas Water Development Board,water_level,12110208
8739308,2022-02-11,27.52,50.48,Texas Water Development Board,water_level,12110208
8739308,2022-02-12,27.55,50.45,Texas Water Development Board,water_level,12110208
8739308,2022-02-13,27.58,50.42,Texas Water Development Board,water_level,12110208
8739308,2022-02-14,27.53,50.47,Texas Water Development Board,water_level,12110208
8739308,2022-02-15,27.49,50.51,Texas Water Development Board,water_level,12110208
8739308,2022-02-16,27.45,50.55,Texas Water Development Board,water_level,12110208
8739308,2022-02-17,27.48,50.52,Texas Water Development Board,water_level,12110208
8739308,2022-02-18,27.54,50.46,Texas Water Development Board,water_level,12110208
8739308,2022-02-19,27.51,50.49,Texas Water Development Board,water_level,12110208
8739308,2022-02-20,27.47,50.53,Texas Water Development Board,water_level,12110208
8739308,2022-02-21,27.43,50.57,Texas Water Development Board,water_level,12110208
8739308,2022-02-22,27.43,50.57,Texas Water Development Board,water_level,12110208
8739308,2022-02-23,27.48,50.52,Texas Water Development Board,water_level,12110208
8739308,2022-02-24,27.47,50.53,Texas Water Development Board,water_level,12110208
8739308,2022-02-25,27.5,50.5,Texas Water Development Board,water_level,12110208
8739308,2022-02-26,27.49,50.51,Texas Water Development Board,water_level,12110208
8739308,2022-02-27,27.5,50.5,Texas Water Development Board,water_level,12110208
8739308,2022-02-28,27.45,50.55,Texas Water Development Board,water_level,12110208
8739308,2022-03-01,27.44,50.56,Texas Water Development Board,water_level,12110208
8739308,2022-03-02,27.42,50.58,Texas Water Development Board,water_level,12110208
8739308,2022-03-03,27.41,50.59,Texas Water Development Board,water_level,12110208
8739308,2022-03-04,27.39,50.61,Texas Water Development Board,water_level,12110208
8739308,2022-03-05,27.38,50.62,Texas Water Development Board,water_level,12110208
8739308,2022-03-06,27.37,50.63,Texas Water Development Board,water_level,12110208
8739308,2022-03-07,27.42,50.58,Texas Water Development Board,water_level,12110208
8739308,2022-03-08,27.39,50.61,Texas Water Development Board,water_level,12110208
8739308,2022-03-09,27.38,50.62,Texas Water Development Board,water_level,12110208
8739308,2022-03-10,27.36,50.64,Texas Water Development Board,water_level,12110208
8739308,2022-03-11,27.36,50.64,Texas Water Development Board,water_level,12110208
8739308,2022-03-12,27.44,50.56,Texas Water Development Board,water_level,12110208
8739308,2022-03-13,27.39,50.61,Texas Water Development Board,water_level,12110208
8739308,2022-03-14,27.36,50.64,Texas Water Development Board,water_level,12110208
8739308,2022-03-15,27.39,50.61,Texas Water Development Board,water_level,12110208
8739308,2022-03-16,27.32,50.68,Texas Water Development Board,water_level,12110208
8739308,2022-03-17,27.31,50.69,Texas Water Development Board,water_level,12110208
8739308,2022-03-18,27.39,50.61,Texas Water Development Board,water_level,12110208
8739308,2022-03-19,27.42,50.58,Texas Water Development Board,water_level,12110208
8739308,2022-03-20,27.32,50.68,Texas Water Development Board,water_level,12110208
8739308,2022-03-21,27.28,50.72,Texas Water Development Board,water_level,12110208
8739308,2022-03-22,27.34,50.66,Texas Water Development Board,water_level,12110208
8739308,2022-03-23,27.38,50.62,Texas Water Development Board,water_level,12110208
8739308,2022-03-24,27.38,50.62,Texas Water Development Board,water_level,12110208
8739308,2022-03-25,27.38,50.62,Texas Water Development Board,water_level,12110208
8739308,2022-03-26,27.37,50.63,Texas Water Development Board,water_level,12110208
8739308,2022-03-27,27.35,50.65,Texas Water Development Board,water_level,12110208
8739308,2022-03-28,27.34,50.66,Texas Water Development Board,water_level,12110208
8739308,2022-03-29,27.27,50.73,Texas Water Development Board,water_level,12110208
8739308,2022-03-30,27.3,50.7,Texas Water Development Board,water_level,12110208
8739308,2022-03-31,27.35,50.65,Texas Water Development Board,water_level,12110208
8739308,2022-04-01,27.37,50.63,Texas Water Development Board,water_level,12110208
8739308,2022-04-02,27.37,50.63,Texas Water Development Board,water_level,12110208
8739308,2022-04-03,27.34,50.66,Texas Water Development Board,water_level,12110208
8739308,2022-04-04,27.31,50.69,Texas Water Development Board,water_level,12110208
8739308,2022-04-05,27.31,50.69,Texas Water Development Board,water_level,12110208
8739308,2022-04-06,27.36,50.64,Texas Water Development Board,water_level,12110208
8739308,2022-04-07,27.45,50.55,Texas Water Development Board,water_level,12110208
8739308,2022-04-08,27.45,50.55,Texas Water Development Board,water_level,12110208
8739308,2022-04-09,27.39,50.61,Texas Water Development Board,water_level,12110208
8739308,2022-04-10,27.37,50.63,Texas Water Development Board,water_level,12110208
8739308,2022-04-11,27.38,50.62,Texas Water Development Board,water_level,12110208
8739308,2022-04-12,27.39,50.61,Texas Water Development Board,water_level,12110208
8739308,2022-04-13,27.41,50.59,Texas Water Development Board,water_level,12110208
8739308,2022-04-14,27.47,50.53,Texas Water Development Board,water_level,12110208
8739308,2022-04-15,27.45,50.55,Texas Water Development Board,water_level,12110208
8739308,2022-04-16,27.46,50.54,Texas Water Development Board,water_level,12110208
8739308,2022-04-17,27.48,50.52,Texas Water Development Board,water_level,12110208
8739308,2022-04-18,27.55,50.45,Texas Water Development Board,water_level,12110208
8739308,2022-04-19,27.51,50.49,Texas Water Development Board,water_level,12110208
8739308,2022-04-20,27.5,50.5,Texas Water Development Board,water_level,12110208
8739308,2022-04-21,27.57,50.43,Texas Water Development Board,water_level,12110208
8739308,2022-04-22,27.55,50.45,Texas Water Development Board,water_level,12110208
8739308,2022-04-23,27.53,50.47,Texas Water Development Board,water_level,12110208
8739308,2022-04-24,27.54,50.46,Texas Water Development Board,water_level,12110208
8739308,2022-04-25,27.6,50.4,Texas Water Development Board,water_level,12110208
8739308,2022-04-26,27.63,50.37,Texas Water Development Board,water_level,12110208
8739308,2022-04-27,27.58,50.42,Texas Water Development Board,water_level,12110208
8739308,2022-04-28,27.54,50.46,Texas Water Development Board,water_level,12110208
8739308,2022-04-29,27.52,50.48,Texas Water Development Board,water_level,12110208
8739308,2022-04-30,27.54,50.46,Texas Water Development Board,water_level,12110208
8739308,2022-05-01,27.54,50.46,Texas Water Development Board,water_level,12110208
8739308,2022-05-02,27.52,50.48,Texas Water Development Board,water_level,12110208
8739308,2022-05-03,27.54,50.46,Texas Water Development Board,water_level,12110208
8739308,2022-05-04,27.53,50.47,Texas Water Development Board,water_level,12110208
8739308,2022-05-05,27.54,50.46,Texas Water Development Board,water_level,12110208
8739308,2022-05-06,27.55,50.45,Texas Water Development Board,water_level,12110208
8739308,2022-05-07,27.54,50.46,Texas Water Development Board,water_level,12110208
8739308,2022-05-08,27.55,50.45,Texas Water Development Board,water_level,12110208
8739308,2022-05-09,27.61,50.39,Texas Water Development Board,water_level,12110208
8739308,2022-05-10,27.66,50.34,Texas Water Development Board,water_level,12110208
8739308,2022-05-11,27.68,50.32,Texas Water Development Board,water_level,12110208
8739308,2022-05-12,27.66,50.34,Texas Water Development Board,water_level,12110208
8739308,2022-05-13,27.68,50.32,Texas Water Development Board,water_level,12110208
8739308,2022-05-14,27.71,50.29,Texas Water Development Board,water_level,12110208
8739308,2022-05-15,27.72,50.28,Texas Water Development Board,water_level,12110208
8739308,2022-05-16,27.74,50.26,Texas Water Development Board,water_level,12110208
8739308,2022-05-17,27.75,50.25,Texas Water Development Board,water_level,12110208
8739308,2022-05-18,27.76,50.24,Texas Water Development Board,water_level,12110208
8739308,2022-05-19,27.75,50.25,Texas Water Development Board,water_level,12110208
8739308,2022-05-20,27.76,50.24,Texas Water Development Board,water_level,12110208
8739308,2022-05-21,27.83,50.17,Texas Water Development Board,water_level,12110208
8739308,2022-05-22,27.87,50.13,Texas Water Development Board,water_level,12110208
8739308,2022-05-23,27.76,50.24,Texas Water Development Board,water_level,12110208
8739308,2022-05-24,27.42,50.58,Texas Water Development Board,water_level,12110208
8739308,2022-05-25,27.24,50.76,Texas Water Development Board,water_level,12110208
8739308,2022-05-26,27.1,50.9,Texas Water Development Board,water_level,12110208
8739308,2022-05-27,26.99,51.01,Texas Water Development Board,water_level,12110208
8739308,2022-05-28,26.9,51.1,Texas Water Development Board,water_level,12110208
8739308,2022-05-29,26.85,51.15,Texas Water Development Board,water_level,12110208
8739308,2022-05-30,26.84,51.16,Texas Water Development Board,water_level,12110208
8739308,2022-05-31,26.84,51.16,Texas Water Development Board,water_level,12110208
8739308,2022-06-01,26.83,51.17,Texas Water Development Board,water_level,12110208
8739308,2022-06-02,26.82,51.18,Texas Water Development Board,water_level,12110208
8739308,2022-06-03,26.82,51.18,Texas Water Development Board,water_level,12110208
8739308,2022-06-04,26.8,51.2,Texas Water Development Board,water_level,12110208
8739308,2022-06-05,26.8,51.2,Texas Water Development Board,water_level,12110208
8739308,2022-06-06,26.82,51.18,Texas Water Development Board,water_level,12110208
8739308,2022-06-07,26.87,51.13,Texas Water Development Board,water_level,12110208
8739308,2022-06-08,26.9,51.1,Texas Water Development Board,water_level,12110208
8739308,2022-06-09,26.93,51.07,Texas Water Development Board,water_level,12110208
8739308,2022-06-10,26.94,51.06,Texas Water Development Board,water_level,12110208
8739308,2022-06-11,26.95,51.05,Texas Water Development Board,water_level,12110208
8739308,2022-06-12,26.99,51.01,Texas Water Development Board,water_level,12110208
8739308,2022-06-13,27.04,50.96,Texas Water Development Board,water_level,12110208
8739308,2022-06-14,27.07,50.93,Texas Water Development Board,water_level,12110208
8739308,2022-06-15,27.12,50.88,Texas Water Development Board,water_level,12110208
8739308,2022-06-16,27.16,50.84,Texas Water Development Board,water_level,12110208
8739308,2022-06-17,27.18,50.82,Texas Water Development Board,water_level,12110208
8739308,2022-06-18,27.21,50.79,Texas Water Development Board,water_level,12110208
8739308,2022-06-19,27.24,50.76,Texas Water Development Board,water_level,12110208
8739308,2022-06-20,27.27,50.73,Texas Water Development Board,water_level,12110208
8739308,2022-06-21,27.31,50.69,Texas Water Development Board,water_level,12110208
8739308,2022-06-22,27.33,50.67,Texas Water Development Board,water_level,12110208
8739308,2022-06-23,27.33,50.67,Texas Water Development Board,water_level,12110208
8739308,2022-06-24,27.35,50.65,Texas Water Development Board,water_level,12110208
8739308,2022-06-25,27.39,50.61,Texas Water Development Board,water_level,12110208
8739308,2022-06-26,27.45,50.55,Texas Water Development Board,water_level,12110208
8739308,2022-06-27,27.45,50.55,Texas Water Development Board,water_level,12110208
8739308,2022-06-28,27.47,50.53,Texas Water Development Board,water_level,12110208
8739308,2022-06-29,27.5,50.5,Texas Water Development Board,water_level,12110208
8739308,2022-06-30,27.5,50.5,Texas Water Development Board,water_level,12110208
8739308,2022-07-01,27.52,50.48,Texas Water Development Board,water_level,12110208
8739308,2022-07-02,27.55,50.45,Texas Water Development Board,water_level,12110208
8739308,2022-07-03,27.59,50.41,Texas Water Development Board,water_level,12110208
8739308,2022-07-04,27.61,50.39,Texas Water Development Board,water_level,12110208
8739308,2022-07-05,27.62,50.38,Texas Water Development Board,water_level,12110208
8739308,2022-07-06,27.65,50.35,Texas Water Development Board,water_level,12110208
8739308,2022-07-07,27.67,50.33,Texas Water Development Board,water_level,12110208
8739308,2022-07-08,27.71,50.29,Texas Water Development Board,water_level,12110208
8739308,2022-07-09,27.73,50.27,Texas Water Development Board,water_level,12110208
8739308,2022-07-10,27.72,50.28,Texas Water Development Board,water_level,12110208
8739308,2022-07-11,27.74,50.26,Texas Water Development Board,water_level,12110208
8739308,2022-07-12,27.78,50.22,Texas Water Development Board,water_level,12110208
8739308,2022-07-13,27.82,50.18,Texas Water Development Board,water_level,12110208
8739308,2022-07-14,27.84,50.16,Texas Water Development Board,water_level,12110208
8739308,2022-07-15,27.88,50.12,Texas Water Development Board,water_level,12110208
8739308,2022-07-16,27.87,50.13,Texas Water Development Board,water_level,12110208
8739308,2022-07-17,27.89,50.11,Texas Water Development Board,water_level,12110208
8739308,2022-07-18,27.91,50.09,Texas Water Development Board,water_level,12110208
8739308,2022-07-19,27.92,50.08,Texas Water Development Board,water_level,12110208
8739308,2022-07-20,27.94,50.06,Texas Water Development Board,water_level,12110208
8739308,2022-07-21,27.96,50.04,Texas Water Development Board,water_level,12110208
8739308,2022-07-22,27.99,50.01,Texas Water Development Board,water_level,12110208
8739308,2022-07-23,28.01,49.99,Texas Water Development Board,water_level,12110208
8739308,2022-07-24,28.03,49.97,Texas Water Development Board,water_level,12110208
8739308,2022-07-25,28.04,49.96,Texas Water Development Board,water_level,12110208
8739308,2022-07-26,28.06,49.94,Texas Water Development Board,water_level,12110208
8739308,2022-07-27,28.08,49.92,Texas Water Development Board,water_level,12110208
8739308,2022-07-28,28.1,49.9,Texas Water Development Board,water_level,12110208
8739308,2022-07-29,28.12,49.88,Texas Water Development Board,water_level,12110208
8739308,2022-07-30,28.14,49.86,Texas Water Development Board,water_level,12110208
8739308,2022-07-31,28.16,49.84,Texas Water Development Board,water_level,12110208
8739308,2022-08-01,28.17,49.83,Texas Water Development Board,water_level,12110208
8739308,2022-08-02,28.16,49.84,Texas Water Development Board,water_level,12110208
8739308,2022-08-03,28.17,49.83,Texas Water Development Board,water_level,12110208
8739308,2022-08-04,28.2,49.8,Texas Water Development Board,water_level,12110208
8739308,2022-08-05,28.23,49.77,Texas Water Development Board,water_level,12110208
8739308,2022-08-06,28.26,49.74,Texas Water Development Board,water_level,12110208
8739308,2022-08-07,28.26,49.74,Texas Water Development Board,water_level,12110208
8739308,2022-08-08,28.27,49.73,Texas Water Development Board,water_level,12110208
8739308,2022-08-09,28.28,49.72,Texas Water Development Board,water_level,12110208
8739308,2022-08-10,28.28,49.72,Texas Water Development Board,water_level,12110208
8739308,2022-08-11,28.28,49.72,Texas Water Development Board,water_level,12110208
8739308,2022-08-12,28.3,49.7,Texas Water Development Board,water_level,12110208
8739308,2022-08-13,28.31,49.69,Texas Water Development Board,water_level,12110208
8739308,2022-08-14,28.31,49.69,Texas Water Development Board,water_level,12110208
8739308,2022-08-15,28.3,49.7,Texas Water Development Board,water_level,12110208
8739308,2022-08-16,28.31,49.69,Texas Water Development Board,water_level,12110208
8739308,2022-08-17,28.31,49.69,Texas Water Development Board,water_level,12110208
8739308,2022-08-18,28.29,49.71,Texas Water Development Board,water_level,12110208
8739308,2022-08-19,28.3,49.7,Texas Water Development Board,water_level,12110208
8739308,2022-08-20,28.32,49.68,Texas Water Development Board,water_level,12110208
8739308,2022-08-21,28.32,49.68,Texas Water Development Board,water_level,12110208
8739308,2022-08-22,28.31,49.69,Texas Water Development Board,water_level,12110208
8739308,2022-08-23,28.34,49.66,Texas Water Development Board,water_level,12110208
8739308,2022-08-24,28.36,49.64,Texas Water Development Board,water_level,12110208
8739308,2022-08-25,28.39,49.61,Texas Water Development Board,water_level,12110208
8739308,2022-08-26,28.4,49.6,Texas Water Development Board,water_level,12110208
8739308,2022-08-27,28.38,49.62,Texas Water Development Board,water_level,12110208
8739308,2022-08-28,28.4,49.6,Texas Water Development Board,water_level,12110208
8739308,2022-08-29,28.43,49.57,Texas Water Development Board,water_level,12110208
8739308,2022-08-30,28.46,49.54,Texas Water Development Board,water_level,12110208
8739308,2022-08-31,28.46,49.54,Texas Water Development Board,water_level,12110208
8739308,2022-09-01,28.46,49.54,Texas Water Development Board,water_level,12110208
8739308,2022-09-02,28.49,49.51,Texas Water Development Board,water_level,12110208
8739308,2022-09-03,28.51,49.49,Texas Water Development Board,water_level,12110208
8739308,2022-09-04,28.5,49.5,Texas Water Development Board,water_level,12110208
8739308,2022-09-05,28.5,49.5,Texas Water Development Board,water_level,12110208
8739308,2022-09-06,28.5,49.5,Texas Water Development Board,water_level,12110208
8739308,2022-09-07,28.47,49.53,Texas Water Development Board,water_level,12110208
8739308,2022-09-08,28.44,49.56,Texas Water Development Board,water_level,12110208
8739308,2022-09-09,28.45,49.55,Texas Water Development Board,water_level,12110208
8739308,2022-09-10,28.51,49.49,Texas Water Development Board,water_level,12110208
8739308,2022-09-11,28.54,49.46,Texas Water Development Board,water_level,12110208
8739308,2022-09-12,28.52,49.48,Texas Water Development Board,water_level,12110208
8739308,2022-09-13,28.54,49.46,Texas Water Development Board,water_level,12110208
8739308,2022-09-14,28.56,49.44,Texas Water Development Board,water_level,12110208
8739308,2022-09-15,28.57,49.43,Texas Water Development Board,water_level,12110208
8739308,2022-09-16,28.57,49.43,Texas Water Development Board,water_level,12110208
8739308,2022-09-17,28.59,49.41,Texas Water Development Board,water_level,12110208
8739308,2022-09-18,28.6,49.4,Texas Water Development Board,water_level,12110208
8739308,2022-09-19,28.61,49.39,Texas Water Development Board,water_level,12110208
8739308,2022-09-20,28.63,49.37,Texas Water Development Board,water_level,12110208
8739308,2022-09-21,28.63,49.37,Texas Water Development Board,water_level,12110208
8739308,2022-09-22,28.65,49.35,Texas Water Development Board,water_level,12110208
8739308,2022-09-23,28.66,49.34,Texas Water Development Board,water_level,12110208
8739308,2022-09-24,28.67,49.33,Texas Water Development Board,water_level,12110208
8739308,2022-09-25,28.69,49.31,Texas Water Development Board,water_level,12110208
8739308,2022-09-26,28.71,49.29,Texas Water Development Board,water_level,12110208
8739308,2022-09-27,28.74,49.26,Texas Water Development Board,water_level,12110208
8739308,2022-09-28,28.75,49.25,Texas Water Development Board,water_level,12110208
8739308,2022-09-29,28.74,49.26,Texas Water Development Board,water_level,12110208
8739308,2022-09-30,28.73,49.27,Texas Water Development Board,water_level,12110208
8739308,2022-10-01,28.77,49.23,Texas Water Development Board,water_level,12110208
8739308,2022-10-02,28.79,49.21,Texas Water Development Board,water_level,12110208
8739308,2022-10-03,28.79,49.21,Texas Water Development Board,water_level,12110208
8739308,2022-10-04,28.79,49.21,Texas Water Development Board,water_level,12110208
8739308,2022-10-05,28.8,49.2,Texas Water Development Board,water_level,12110208
8739308,2022-10-06,28.82,49.18,Texas Water Development Board,water_level,12110208
8739308,2022-10-07,28.84,49.16,Texas Water Development Board,water_level,12110208
8739308,2022-10-08,28.84,49.16,Texas Water Development Board,water_level,12110208
8739308,2022-10-09,28.86,49.14,Texas Water Development Board,water_level,12110208
8739308,2022-10-10,28.85,49.15,Texas Water Development Board,water_level,12110208
8739308,2022-10-11,28.85,49.15,Texas Water Development Board,water_level,12110208
8739308,2022-10-12,28.86,49.14,Texas Water Development Board,water_level,12110208
8739308,2022-10-13,28.87,49.13,Texas Water Development Board,water_level,12110208
8739308,2022-10-14,28.89,49.11,Texas Water Development Board,water_level,12110208
8739308,2022-10-15,28.9,49.1,Texas Water Development Board,water_level,12110208
8739308,2022-10-16,28.91,49.09,Texas Water Development Board,water_level,12110208
8739308,2022-10-17,28.94,49.06,Texas Water Development Board,water_level,12110208
8739308,2022-10-18,28.98,49.02,Texas Water Development Board,water_level,12110208
8739308,2022-10-19,28.98,49.02,Texas Water Development Board,water_level,12110208
8739308,2022-10-20,28.95,49.05,Texas Water Development Board,water_level,12110208
8739308,2022-10-21,28.96,49.04,Texas Water Development Board,water_level,12110208
8739308,2022-10-22,28.97,49.03,Texas Water Development Board,water_level,12110208
8739308,2022-10-23,28.98,49.02,Texas Water Development Board,water_level,12110208
8739308,2022-10-24,28.98,49.02,Texas Water Development Board,water_level,12110208
8739308,2022-10-25,29.04,48.96,Texas Water Development Board,water_level,12110208
8739308,2022-10-26,29.05,48.95,Texas Water Development Board,water_level,12110208
8739308,2022-10-27,29.05,48.95,Texas Water Development Board,water_level,12110208
8739308,2022-10-28,29.08,48.92,Texas Water Development Board,water_level,12110208
8739308,2022-10-29,29.09,48.91,Texas Water Development Board,water_level,12110208
8739308,2022-10-30,29.09,48.91,Texas Water Development Board,water_level,12110208
8739308,2022-10-31,29.11,48.89,Texas Water Development Board,water_level,12110208
8739308,2022-11-01,29.14,48.86,Texas Water Development Board,water_level,12110208
8739308,2022-11-02,29.13,48.87,Texas Water Development Board,water_level,12110208
8739308,2022-11-03,29.11,48.89,Texas Water Development Board,water_level,12110208
8739308,2022-11-04,29.1,48.9,Texas Water Development Board,water_level,12110208
8739308,2022-11-05,29.15,48.85,Texas Water Development Board,water_level,12110208
8739308,2022-11-06,29.16,48.84,Texas Water Development Board,water_level,12110208
8739308,2022-11-07,29.19,48.81,Texas Water Development Board,water_level,12110208
8739308,2022-11-08,29.2,48.8,Texas Water Development Board,water_level,12110208
8739308,2022-11-09,29.19,48.81,Texas Water Development Board,water_level,12110208
8739308,2022-11-10,29.17,48.83,Texas Water Development Board,water_level,12110208
8739308,2022-11-11,29.19,48.81,Texas Water Development Board,water_level,12110208
8739308,2022-11-12,29.26,48.74,Texas Water Development Board,water_level,12110208
8739308,2022-11-13,29.21,48.79,Texas Water Development Board,water_level,12110208
8739308,2022-11-14,29.19,48.81,Texas Water Development Board,water_level,12110208
8739308,2022-11-15,29.28,48.72,Texas Water Development Board,water_level,12110208
8739308,2022-11-16,29.3,48.7,Texas Water Development Board,water_level,12110208
8739308,2022-11-17,29.27,48.73,Texas Water Development Board,water_level,12110208
8739308,2022-11-18,29.25,48.75,Texas Water Development Board,water_level,12110208
8739308,2022-11-19,29.27,48.73,Texas Water Development Board,water_level,12110208
8739308,2022-11-20,29.28,48.72,Texas Water Development Board,water_level,12110208
8739308,2022-11-21,29.27,48.73,Texas Water Development Board,water_level,12110208
8739308,2022-11-22,29.23,48.77,Texas Water Development Board,water_level,12110208
8739308,2022-11-23,29.18,48.82,Texas Water Development Board,water_level,12110208
8739308,2022-11-24,29.18,48.82,Texas Water Development Board,water_level,12110208
8739308,2022-11-25,29.21,48.79,Texas Water Development Board,water_level,12110208
8739308,2022-11-26,29.18,48.82,Texas Water Development Board,water_level,12110208
8739308,2022-11-27,29.17,48.83,Texas Water Development Board,water_level,12110208
8739308,2022-11-28,29.15,48.85,Texas Water Development Board,water_level,12110208
8739308,2022-11-29,29.15,48.85,Texas Water Development Board,water_level,12110208
8739308,2022-11-30,29.23,48.77,Texas Water Development Board,water_level,12110208
8739308,2022-12-01,29.21,48.79,Texas Water Development Board,water_level,12110208
8739308,2022-12-02,29.19,48.81,Texas Water Development Board,water_level,12110208
8739308,2022-12-03,29.21,48.79,Texas Water Development Board,water_level,12110208
8739308,2022-12-04,29.16,48.84,Texas Water Development Board,water_level,12110208
8739308,2022-12-05,29.14,48.86,Texas Water Development Board,water_level,12110208
8739308,2022-12-06,27.21,50.79,Texas Water Development Board,water_level,12110208
8739308,2022-12-07,29.18,48.82,Texas Water Development Board,water_level,12110208
8739308,2022-12-08,29.17,48.83,Texas Water Development Board,water_level,12110208
8739308,2022-12-09,29.16,48.84,Texas Water Development Board,water_level,12110208
8739308,2022-12-10,29.15,48.85,Texas Water Development Board,water_level,12110208
8739308,2022-12-11,29.16,48.84,Texas Water Development Board,water_level,12110208
8739308,2022-12-12,29.12,48.88,Texas Water Development Board,water_level,12110208
8739308,2022-12-13,29.11,48.89,Texas Water Development Board,water_level,12110208
8739308,2022-12-14,29.15,48.85,Texas Water Development Board,water_level,12110208
8739308,2022-12-15,29.17,48.83,Texas Water Development Board,water_level,12110208
8739308,2022-12-16,29.17,48.83,Texas Water Development Board,water_level,12110208
8739308,2022-12-17,29.22,48.78,Texas Water Development Board,water_level,12110208
8739308,2022-12-18,29.18,48.82,Texas Water Development Board,water_level,12110208
8739308,2022-12-19,29.18,48.82,Texas Water Development Board,water_level,12110208
8739308,2022-12-20,29.22,48.78,Texas Water Development Board,water_level,12110208
8739308,2022-12-21,29.16,48.84,Texas Water Development Board,water_level,12110208
8739308,2022-12-22,29.14,48.86,Texas Water Development Board,water_level,12110208
8739308,2022-12-23,29.26,48.74,Texas Water Development Board,water_level,12110208
8739308,2022-12-24,29.22,48.78,Texas Water Development Board,water_level,12110208
8739308,2022-12-25,29.18,48.82,Texas Water Development Board,water_level,12110208
8739308,2022-12-26,29.17,48.83,Texas Water Development Board,water_level,12110208
8739308,2022-12-27,29.13,48.87,Texas Water Development Board,water_level,12110208
8739308,2022-12-28,29.11,48.89,Texas Water Development Board,water_level,12110208
8739308,2022-12-29,29.12,48.88,Texas Water Development Board,water_level,12110208
8739308,2022-12-30,29.14,48.86,Texas Water Development Board,water_level,12110208
8739308,2022-12-31,29.14,48.86,Texas Water Development Board,water_level,12110208
8739308,2023-01-01,29.13,48.87,Texas Water Development Board,water_level,12110208
8739308,2023-01-02,29.11,48.89,Texas Water Development Board,water_level,12110208
8739308,2023-01-03,29.14,48.86,Texas Water Development Board,water_level,12110208
8739308,2023-01-04,29.19,48.81,Texas Water Development Board,water_level,12110208
8739308,2023-01-05,29.2,48.8,Texas Water Development Board,water_level,12110208
8739308,2023-01-06,29.17,48.83,Texas Water Development Board,water_level,12110208
8739308,2023-01-07,29.16,48.84,Texas Water Development Board,water_level,12110208
8739308,2023-01-08,29.19,48.81,Texas Water Development Board,water_level,12110208
8739308,2023-01-09,29.17,48.83,Texas Water Development Board,water_level,12110208
8739308,2023-01-10,29.14,48.86,Texas Water Development Board,water_level,12110208
8739308,2023-01-11,29.12,48.88,Texas Water Development Board,water_level,12110208
8739308,2023-01-12,29.19,48.81,Texas Water Development Board,water_level,12110208
8739308,2023-01-13,29.2,48.8,Texas Water Development Board,water_level,12110208
8739308,2023-01-14,29.13,48.87,Texas Water Development Board,water_level,12110208
8739308,2023-01-15,29.09,48.91,Texas Water Development Board,water_level,12110208
8739308,2023-01-16,29.09,48.91,Texas Water Development Board,water_level,12110208
8739308,2023-01-17,29.08,48.92,Texas Water Development Board,water_level,12110208
8739308,2023-01-18,29.1,48.9,Texas Water Development Board,water_level,12110208
8739308,2023-01-19,29.15,48.85,Texas Water Development Board,water_level,12110208
8739308,2023-01-20,29.13,48.87,Texas Water Development Board,water_level,12110208
8739308,2023-01-21,29.11,48.89,Texas Water Development Board,water_level,12110208
8739308,2023-01-22,29.13,48.87,Texas Water Development Board,water_level,12110208
8739308,2023-01-23,29.09,48.91,Texas Water Development Board,water_level,12110208
8739308,2023-01-24,29.08,48.92,Texas Water Development Board,water_level,12110208
8739308,2023-01-24,29,49,Texas Water Development Board,water_level,12110208
8739308,2023-01-25,29.17,48.83,Texas Water Development Board,water_level,12110208
8739308,2023-01-26,29.2,48.8,Texas Water Development Board,water_level,12110208
8739308,2023-01-27,29.15,48.85,Texas Water Development Board,water_level,12110208
8739308,2023-01-28,29.12,48.88,Texas Water Development Board,water_level,12110208
8739308,2023-01-29,29.12,48.88,Texas Water Development Board,water_level,12110208
8739308,2023-01-30,29.17,48.83,Texas Water Development Board,water_level,12110208
8739308,2023-01-31,29.2,48.8,Texas Water Development Board,water_level,12110208
8739308,2023-02-01,29.2,48.8,Texas Water Development Board,water_level,12110208
8739308,2023-02-02,29.21,48.79,Texas Water Development Board,water_level,12110208
8739308,2023-02-03,29.22,48.78,Texas Water Development Board,water_level,12110208
8739308,2023-02-04,29.18,48.82,Texas Water Development Board,water_level,12110208
8739308,2023-02-05,29.17,48.83,Texas Water Development Board,water_level,12110208
8739308,2023-02-06,29.14,48.86,Texas Water Development Board,water_level,12110208
8739308,2023-02-07,29.14,48.86,Texas Water Development Board,water_level,12110208
8739308,2023-02-08,29.19,48.81,Texas Water Development Board,water_level,12110208
8739308,2023-02-09,29.19,48.81,Texas Water Development Board,water_level,12110208
8739308,2023-02-10,29.25,48.75,Texas Water Development Board,water_level,12110208
8739308,2023-02-11,29.22,48.78,Texas Water Development Board,water_level,12110208
8739308,2023-02-12,29.19,48.81,Texas Water Development Board,water_level,12110208
8739308,2023-02-13,29.13,48.87,Texas Water Development Board,water_level,12110208
8739308,2023-02-14,29.14,48.86,Texas Water Development Board,water_level,12110208
8739308,2023-02-15,29.14,48.86,Texas Water Development Board,water_level,12110208
8739308,2023-02-16,29.2,48.8,Texas Water Development Board,water_level,12110208
8739308,2023-02-17,29.27,48.73,Texas Water Development Board,water_level,12110208
8739308,2023-02-18,29.23,48.77,Texas Water Development Board,water_level,12110208
8739308,2023-02-19,29.2,48.8,Texas Water Development Board,water_level,12110208
8739308,2023-02-20,29.18,48.82,Texas Water Development Board,water_level,12110208
8739308,2023-02-21,29.13,48.87,Texas Water Development Board,water_level,12110208
8739308,2023-02-22,29.15,48.85,Texas Water Development Board,water_level,12110208
8739308,2023-02-23,29.19,48.81,Texas Water Development Board,water_level,12110208
8739308,2023-02-24,29.23,48.77,Texas Water Development Board,water_level,12110208
8739308,2023-02-25,29.23,48.77,Texas Water Development Board,water_level,12110208
8739308,2023-02-26,29.18,48.82,Texas Water Development Board,water_level,12110208
8739308,2023-02-27,29.19,48.81,Texas Water Development Board,water_level,12110208
8739308,2023-02-28,29.19,48.81,Texas Water Development Board,water_level,12110208
8739308,2023-03-01,29.18,48.82,Texas Water Development Board,water_level,12110208
8739308,2023-03-02,29.15,48.85,Texas Water Development Board,water_level,12110208
8739308,2023-03-03,29.23,48.77,Texas Water Development Board,water_level,12110208
8739308,2023-03-04,29.28,48.72,Texas Water Development Board,water_level,12110208
8739308,2023-03-05,29.27,48.73,Texas Water Development Board,water_level,12110208
8739308,2023-03-06,29.28,48.72,Texas Water Development Board,water_level,12110208
8739308,2023-03-07,29.29,48.71,Texas Water Development Board,water_level,12110208
8739308,2023-03-08,29.3,48.7,Texas Water Development Board,water_level,12110208
8739308,2023-03-09,29.32,48.68,Texas Water Development Board,water_level,12110208
8739308,2023-03-10,29.32,48.68,Texas Water Development Board,water_level,12110208
8739308,2023-03-11,29.29,48.71,Texas Water Development Board,water_level,12110208
8739308,2023-03-12,29.32,48.68,Texas Water Development Board,water_level,12110208
8739308,2023-03-13,29.38,48.62,Texas Water Development Board,water_level,12110208
8739308,2023-03-14,29.4,48.6,Texas Water Development Board,water_level,12110208
8739308,2023-03-15,29.35,48.65,Texas Water Development Board,water_level,12110208
8739308,2023-03-16,29.33,48.67,Texas Water Development Board,water_level,12110208
8739308,2023-03-17,29.41,48.59,Texas Water Development Board,water_level,12110208
8739308,2023-03-18,29.45,48.55,Texas Water Development Board,water_level,12110208
8739308,2023-03-19,29.43,48.57,Texas Water Development Board,water_level,12110208
8739308,2023-03-20,29.39,48.61,Texas Water Development Board,water_level,12110208
8739308,2023-03-21,29.38,48.62,Texas Water Development Board,water_level,12110208
8739308,2023-03-22,29.4,48.6,Texas Water Development Board,water_level,12110208
8739308,2023-03-23,29.4,48.6,Texas Water Development Board,water_level,12110208
8739308,2023-03-24,29.4,48.6,Texas Water Development Board,water_level,12110208
8739308,2023-03-25,29.45,48.55,Texas Water Development Board,water_level,12110208
8739308,2023-03-26,29.45,48.55,Texas Water Development Board,water_level,12110208
8739308,2023-03-27,29.48,48.52,Texas Water Development Board,water_level,12110208
8739308,2023-03-28,29.51,48.49,Texas Water Development Board,water_level,12110208
8739308,2023-03-29,29.48,48.52,Texas Water Development Board,water_level,12110208
8739308,2023-03-30,29.46,48.54,Texas Water Development Board,water_level,12110208
8739308,2023-03-31,29.48,48.52,Texas Water Development Board,water_level,12110208
8739308,2023-04-01,29.51,48.49,Texas Water Development Board,water_level,12110208
8739308,2023-04-02,29.47,48.53,Texas Water Development Board,water_level,12110208
8739308,2023-04-03,29.47,48.53,Texas Water Development Board,water_level,12110208
8739308,2023-04-04,29.47,48.53,Texas Water Development Board,water_level,12110208
8739308,2023-04-05,29.52,48.48,Texas Water Development Board,water_level,12110208
8739308,2023-04-06,29.55,48.45,Texas Water Development Board,water_level,12110208
8739308,2023-04-07,29.54,48.46,Texas Water Development Board,water_level,12110208
8739308,2023-04-08,29.52,48.48,Texas Water Development Board,water_level,12110208
8739308,2023-04-09,29.53,48.47,Texas Water Development Board,water_level,12110208
8739308,2023-04-10,29.54,48.46,Texas Water Development Board,water_level,12110208
8739308,2023-04-11,29.51,48.49,Texas Water Development Board,water_level,12110208
8739308,2023-04-12,29.48,48.52,Texas Water Development Board,water_level,12110208
8739308,2023-04-13,29.46,48.54,Texas Water Development Board,water_level,12110208
8739308,2023-04-14,29.46,48.54,Texas Water Development Board,water_level,12110208
8739308,2023-04-15,29.49,48.51,Texas Water Development Board,water_level,12110208
8739308,2023-04-16,29.56,48.44,Texas Water Development Board,water_level,12110208
8739308,2023-04-17,29.52,48.48,Texas Water Development Board,water_level,12110208
8739308,2023-04-18,29.52,48.48,Texas Water Development Board,water_level,12110208
8739308,2023-04-19,29.54,48.46,Texas Water Development Board,water_level,12110208
8739308,2023-04-20,29.56,48.44,Texas Water Development Board,water_level,12110208
8739308,2023-04-21,29.56,48.44,Texas Water Development Board,water_level,12110208
8739308,2023-04-22,29.57,48.43,Texas Water Development Board,water_level,12110208
8739308,2023-04-23,29.57,48.43,Texas Water Development Board,water_level,12110208
8739308,2023-04-24,29.58,48.42,Texas Water Development Board,water_level,12110208
8739308,2023-04-25,29.57,48.43,Texas Water Development Board,water_level,12110208
8739308,2023-04-26,29.55,48.45,Texas Water Development Board,water_level,12110208
8739308,2023-04-27,29.58,48.42,Texas Water Development Board,water_level,12110208
8739308,2023-04-28,29.57,48.43,Texas Water Development Board,water_level,12110208
8739308,2023-04-29,29.61,48.39,Texas Water Development Board,water_level,12110208
8739308,2023-04-30,29.61,48.39,Texas Water Development Board,water_level,12110208
8739308,2023-05-01,29.6,48.4,Texas Water Development Board,water_level,12110208
8739308,2023-05-02,29.63,48.37,Texas Water Development Board,water_level,12110208
8739308,2023-05-03,29.64,48.36,Texas Water Development Board,water_level,12110208
8739308,2023-05-04,29.64,48.36,Texas Water Development Board,water_level,12110208
8739308,2023-05-05,29.65,48.35,Texas Water Development Board,water_level,12110208
8739308,2023-05-06,29.66,48.34,Texas Water Development Board,water_level,12110208
8739308,2023-05-07,29.66,48.34,Texas Water Development Board,water_level,12110208
8739308,2023-05-08,29.67,48.33,Texas Water Development Board,water_level,12110208
8739308,2023-05-09,29.68,48.32,Texas Water Development Board,water_level,12110208
8739308,2023-05-10,29.68,48.32,Texas Water Development Board,water_level,12110208
8739308,2023-05-11,29.7,48.3,Texas Water Development Board,water_level,12110208
8739308,2023-05-12,29.71,48.29,Texas Water Development Board,water_level,12110208
8739308,2023-05-13,29.73,48.27,Texas Water Development Board,water_level,12110208
8739308,2023-05-14,29.73,48.27,Texas Water Development Board,water_level,12110208
8739308,2023-05-15,29.73,48.27,Texas Water Development Board,water_level,12110208
8739308,2023-05-16,29.69,48.31,Texas Water Development Board,water_level,12110208
8739308,2023-05-17,29.67,48.33,Texas Water Development Board,water_level,12110208
8739308,2023-05-18,29.67,48.33,Texas Water Development Board,water_level,12110208
8739308,2023-05-19,29.67,48.33,Texas Water Development Board,water_level,12110208
8739308,2023-05-20,29.67,48.33,Texas Water Development Board,water_level,12110208
8739308,2023-05-21,29.66,48.34,Texas Water Development Board,water_level,12110208
8739308,2023-05-22,29.63,48.37,Texas Water Development Board,water_level,12110208
8739308,2023-05-23,29.63,48.37,Texas Water Development Board,water_level,12110208
8739308,2023-05-24,29.64,48.36,Texas Water Development Board,water_level,12110208
8739308,2023-05-25,29.65,48.35,Texas Water Development Board,water_level,12110208
8739308,2023-05-26,29.67,48.33,Texas Water Development Board,water_level,12110208
8739308,2023-05-27,29.68,48.32,Texas Water Development Board,water_level,12110208
8739308,2023-05-28,29.67,48.33,Texas Water Development Board,water_level,12110208
8739308,2023-05-29,29.66,48.34,Texas Water Development Board,water_level,12110208
8739308,2023-05-30,29.68,48.32,Texas Water Development Board,water_level,12110208
8739308,2023-05-31,29.67,48.33,Texas Water Development Board,water_level,12110208
8739308,2023-06-01,29.68,48.32,Texas Water Development Board,water_level,12110208
8739308,2023-06-02,29.69,48.31,Texas Water Development Board,water_level,12110208
8739308,2023-06-03,29.7,48.3,Texas Water Development Board,water_level,12110208
8739308,2023-06-04,29.7,48.3,Texas Water Development Board,water_level,12110208
8739308,2023-06-05,29.72,48.28,Texas Water Development Board,water_level,12110208
8739308,2023-06-06,29.7,48.3,Texas Water Development Board,water_level,12110208
8739308,2023-06-07,29.69,48.31,Texas Water Development Board,water_level,12110208
8739308,2023-06-08,29.69,48.31,Texas Water Development Board,water_level,12110208
8739308,2023-06-09,29.68,48.32,Texas Water Development Board,water_level,12110208
8739308,2023-06-10,29.67,48.33,Texas Water Development Board,water_level,12110208
8739308,2023-06-11,29.67,48.33,Texas Water Development Board,water_level,12110208
8739308,2023-06-12,29.68,48.32,Texas Water Development Board,water_level,12110208
8739308,2023-06-13,29.68,48.32,Texas Water Development Board,water_level,12110208
8739308,2023-06-14,29.69,48.31,Texas Water Development Board,water_level,12110208
8739308,2023-06-15,29.71,48.29,Texas Water Development Board,water_level,12110208
8739308,2023-06-16,29.74,48.26,Texas Water Development Board,water_level,12110208
8739308,2023-06-17,29.75,48.25,Texas Water Development Board,water_level,12110208
8739308,2023-06-18,29.74,48.26,Texas Water Development Board,water_level,12110208
8739308,2023-06-19,29.77,48.23,Texas Water Development Board,water_level,12110208
8739308,2023-06-20,29.78,48.22,Texas Water Development Board,water_level,12110208
8739308,2023-06-21,29.79,48.21,Texas Water Development Board,water_level,12110208
8739308,2023-06-22,29.81,48.19,Texas Water Development Board,water_level,12110208
8739308,2023-06-23,29.83,48.17,Texas Water Development Board,water_level,12110208
8739308,2023-06-24,29.84,48.16,Texas Water Development Board,water_level,12110208
8739308,2023-06-25,29.85,48.15,Texas Water Development Board,water_level,12110208
8739308,2023-06-26,29.86,48.14,Texas Water Development Board,water_level,12110208
8739308,2023-06-27,29.87,48.13,Texas Water Development Board,water_level,12110208
8739308,2023-06-28,29.89,48.11,Texas Water Development Board,water_level,12110208
8739308,2023-06-29,29.9,48.1,Texas Water Development Board,water_level,12110208
8739308,2023-06-30,29.91,48.09,Texas Water Development Board,water_level,12110208
8739308,2023-07-01,29.92,48.08,Texas Water Development Board,water_level,12110208
8739308,2023-07-02,29.94,48.06,Texas Water Development Board,water_level,12110208
8739308,2023-07-03,29.95,48.05,Texas Water Development Board,water_level,12110208
8739308,2023-07-04,29.97,48.03,Texas Water Development Board,water_level,12110208
8739308,2023-07-05,29.99,48.01,Texas Water Development Board,water_level,12110208
8739308,2023-07-06,30.01,47.99,Texas Water Development Board,water_level,12110208
8739308,2023-07-07,30.01,47.99,Texas Water Development Board,water_level,12110208
8739308,2023-07-08,30.02,47.98,Texas Water Development Board,water_level,12110208
8739308,2023-07-09,30.04,47.96,Texas Water Development Board,water_level,12110208
8739308,2023-07-10,30.06,47.94,Texas Water Development Board,water_level,12110208
8739308,2023-07-11,30.07,47.93,Texas Water Development Board,water_level,12110208
8739308,2023-07-12,30.08,47.92,Texas Water Development Board,water_level,12110208
8739308,2023-07-13,30.1,47.9,Texas Water Development Board,water_level,12110208
8739308,2023-07-14,30.13,47.87,Texas Water Development Board,water_level,12110208
8739308,2023-07-15,30.15,47.85,Texas Water Development Board,water_level,12110208
8739308,2023-07-16,30.17,47.83,Texas Water Development Board,water_level,12110208
8739308,2023-07-17,30.19,47.81,Texas Water Development Board,water_level,12110208
8739308,2023-07-18,30.21,47.79,Texas Water Development Board,water_level,12110208
8739308,2023-07-19,30.24,47.76,Texas Water Development Board,water_level,12110208
8739308,2023-07-20,26.13,51.87,Texas Water Development Board,water_level,12110208
8739308,2023-07-21,30.26,47.74,Texas Water Development Board,water_level,12110208
8739308,2023-07-22,30.28,47.72,Texas Water Development Board,water_level,12110208
8739308,2023-07-23,30.3,47.7,Texas Water Development Board,water_level,12110208
8739308,2023-07-24,30.33,47.67,Texas Water Development Board,water_level,12110208
8739308,2023-07-25,30.34,47.66,Texas Water Development Board,water_level,12110208
8739308,2023-07-26,30.36,47.64,Texas Water Development Board,water_level,12110208
8739308,2023-07-27,30.38,47.62,Texas Water Development Board,water_level,12110208
8739308,2023-07-28,30.37,47.63,Texas Water Development Board,water_level,12110208
8739308,2023-07-29,30.42,47.58,Texas Water Development Board,water_level,12110208
8739308,2023-07-30,30.43,47.57,Texas Water Development Board,water_level,12110208
8739308,2023-07-31,30.44,47.56,Texas Water Development Board,water_level,12110208
8739308,2023-08-01,30.46,47.54,Texas Water Development Board,water_level,12110208
8739308,2023-08-02,30.48,47.52,Texas Water Development Board,water_level,12110208
8739308,2023-08-03,30.49,47.51,Texas Water Development Board,water_level,12110208
8739308,2023-08-04,30.51,47.49,Texas Water Development Board,water_level,12110208
8739308,2023-08-05,30.53,47.47,Texas Water Development Board,water_level,12110208
8739308,2023-08-06,30.55,47.45,Texas Water Development Board,water_level,12110208
8739308,2023-08-07,30.56,47.44,Texas Water Development Board,water_level,12110208
8739308,2023-08-08,30.57,47.43,Texas Water Development Board,water_level,12110208
8739308,2023-08-09,30.58,47.42,Texas Water Development Board,water_level,12110208
8739308,2023-08-10,30.6,47.4,Texas Water Development Board,water_level,12110208
8739308,2023-08-11,30.62,47.38,Texas Water Development Board,water_level,12110208
8739308,2023-08-12,30.64,47.36,Texas Water Development Board,water_level,12110208
8739308,2023-08-13,30.65,47.35,Texas Water Development Board,water_level,12110208
8739308,2023-08-14,30.67,47.33,Texas Water Development Board,water_level,12110208
8739308,2023-08-15,30.69,47.31,Texas Water Development Board,water_level,12110208
8739308,2023-08-16,30.7,47.3,Texas Water Development Board,water_level,12110208
8739308,2023-08-17,30.72,47.28,Texas Water Development Board,water_level,12110208
8739308,2023-08-18,30.74,47.26,Texas Water Development Board,water_level,12110208
8739308,2023-08-19,30.75,47.25,Texas Water Development Board,water_level,12110208
8739308,2023-08-20,30.77,47.23,Texas Water Development Board,water_level,12110208
8739308,2023-08-21,30.79,47.21,Texas Water Development Board,water_level,12110208
8739308,2023-08-22,30.79,47.21,Texas Water Development Board,water_level,12110208
8739308,2023-08-23,30.82,47.18,Texas Water Development Board,water_level,12110208
8739308,2023-08-24,30.83,47.17,Texas Water Development Board,water_level,12110208
8739308,2023-08-25,30.84,47.16,Texas Water Development Board,water_level,12110208
8739308,2023-08-26,30.85,47.15,Texas Water Development Board,water_level,12110208
8739308,2023-08-27,30.85,47.15,Texas Water Development Board,water_level,12110208
8739308,2023-08-28,30.87,47.13,Texas Water Development Board,water_level,12110208
8739308,2023-08-29,30.88,47.12,Texas Water Development Board,water_level,12110208
8739308,2023-08-30,30.89,47.11,Texas Water Development Board,water_level,12110208
8739308,2023-08-31,30.9,47.1,Texas Water Development Board,water_level,12110208
8739308,2023-09-01,30.92,47.08,Texas Water Development Board,water_level,12110208
8739308,2023-09-02,30.93,47.07,Texas Water Development Board,water_level,12110208
8739308,2023-09-03,30.94,47.06,Texas Water Development Board,water_level,12110208
8739308,2023-09-04,30.94,47.06,Texas Water Development Board,water_level,12110208
8739308,2023-09-05,30.97,47.03,Texas Water Development Board,water_level,12110208
8739308,2023-09-06,30.98,47.02,Texas Water Development Board,water_level,12110208
8739308,2023-09-07,30.99,47.01,Texas Water Development Board,water_level,12110208
8739308,2023-09-08,31,47,Texas Water Development Board,water_level,12110208
8739308,2023-09-09,31.02,46.98,Texas Water Development Board,water_level,12110208
8739308,2023-09-10,31.03,46.97,Texas Water Development Board,water_level,12110208
8739308,2023-09-11,31.04,46.96,Texas Water Development Board,water_level,12110208
8739308,2023-09-12,31.06,46.94,Texas Water Development Board,water_level,12110208
8739308,2023-09-13,31.06,46.94,Texas Water Development Board,water_level,12110208
8739308,2023-09-14,31.07,46.93,Texas Water Development Board,water_level,12110208
8739308,2023-09-15,31.09,46.91,Texas Water Development Board,water_level,12110208
8739308,2023-09-16,31.11,46.89,Texas Water Development Board,water_level,12110208
8739308,2023-09-17,31.12,46.88,Texas Water Development Board,water_level,12110208
8739308,2023-09-18,31.12,46.88,Texas Water Development Board,water_level,12110208
8739308,2023-09-19,31.12,46.88,Texas Water Development Board,water_level,12110208
8739308,2023-09-20,31.13,46.87,Texas Water Development Board,water_level,12110208
8739308,2023-09-21,31.14,46.86,Texas Water Development Board,water_level,12110208
8739308,2023-09-22,31.14,46.86,Texas Water Development Board,water_level,12110208
8739308,2023-09-23,31.15,46.85,Texas Water Development Board,water_level,12110208
8739308,2023-09-24,31.16,46.84,Texas Water Development Board,water_level,12110208
8739308,2023-09-25,31.18,46.82,Texas Water Development Board,water_level,12110208
8739308,2023-09-26,31.18,46.82,Texas Water Development Board,water_level,12110208
8739308,2023-09-27,31.19,46.81,Texas Water Development Board,water_level,12110208
8739308,2023-09-28,31.21,46.79,Texas Water Development Board,water_level,12110208
8739308,2023-09-29,31.22,46.78,Texas Water Development Board,water_level,12110208
8739308,2023-09-30,31.21,46.79,Texas Water Development Board,water_level,12110208
8739308,2023-10-01,31.23,46.77,Texas Water Development Board,water_level,12110208
8739308,2023-10-02,31.24,46.76,Texas Water Development Board,water_level,12110208
8739308,2023-10-03,31.23,46.77,Texas Water Development Board,water_level,12110208
8739308,2023-10-04,31.23,46.77,Texas Water Development Board,water_level,12110208
8739308,2023-10-05,31.26,46.74,Texas Water Development Board,water_level,12110208
8739308,2023-10-06,31.27,46.73,Texas Water Development Board,water_level,12110208
8739308,2023-10-07,31.28,46.72,Texas Water Development Board,water_level,12110208
8739308,2023-10-08,31.26,46.74,Texas Water Development Board,water_level,12110208
8739308,2023-10-09,31.25,46.75,Texas Water Development Board,water_level,12110208
8739308,2023-10-10,31.24,46.76,Texas Water Development Board,water_level,12110208
8739308,2023-10-11,31.24,46.76,Texas Water Development Board,water_level,12110208
8739308,2023-10-12,31.24,46.76,Texas Water Development Board,water_level,12110208
8739308,2023-10-13,31.27,46.73,Texas Water Development Board,water_level,12110208
8739308,2023-10-14,31.3,46.7,Texas Water Development Board,water_level,12110208
8739308,2023-10-15,31.3,46.7,Texas Water Development Board,water_level,12110208
8739308,2023-10-16,31.29,46.71,Texas Water Development Board,water_level,12110208
8739308,2023-10-17,31.28,46.72,Texas Water Development Board,water_level,12110208
8739308,2023-10-18,31.28,46.72,Texas Water Development Board,water_level,12110208
8739308,2023-10-19,31.29,46.71,Texas Water Development Board,water_level,12110208
8739308,2023-10-20,31.29,46.71,Texas Water Development Board,water_level,12110208
8739308,2023-10-21,31.29,46.71,Texas Water Development Board,water_level,12110208
8739308,2023-10-22,31.3,46.7,Texas Water Development Board,water_level,12110208
8739308,2023-10-23,31.3,46.7,Texas Water Development Board,water_level,12110208
8739308,2023-10-24,31.31,46.69,Texas Water Development Board,water_level,12110208
8739308,2023-10-25,31.33,46.67,Texas Water Development Board,water_level,12110208
8739308,2023-10-26,31.33,46.67,Texas Water Development Board,water_level,12110208
8739308,2023-10-27,31.34,46.66,Texas Water Development Board,water_level,12110208
8739308,2023-10-28,31.33,46.67,Texas Water Development Board,water_level,12110208
8739308,2023-10-29,31.34,46.66,Texas Water Development Board,water_level,12110208
8739308,2023-10-30,31.37,46.63,Texas Water Development Board,water_level,12110208
8739308,2023-10-31,31.38,46.62,Texas Water Development Board,water_level,12110208
8739308,2023-11-01,31.37,46.63,Texas Water Development Board,water_level,12110208
8739308,2023-11-02,31.36,46.64,Texas Water Development Board,water_level,12110208
8739308,2023-11-03,31.34,46.66,Texas Water Development Board,water_level,12110208
8739308,2023-11-04,31.34,46.66,Texas Water Development Board,water_level,12110208
8739308,2023-11-05,31.34,46.66,Texas Water Development Board,water_level,12110208
8739308,2023-11-06,31.33,46.67,Texas Water Development Board,water_level,12110208
8739308,2023-11-07,31.34,46.66,Texas Water Development Board,water_level,12110208
8739308,2023-11-08,31.34,46.66,Texas Water Development Board,water_level,12110208
8739308,2023-11-09,31.34,46.66,Texas Water Development Board,water_level,12110208
8739308,2023-11-10,31.37,46.63,Texas Water Development Board,water_level,12110208
8739308,2023-11-11,31.37,46.63,Texas Water Development Board,water_level,12110208
8739308,2023-11-12,31.35,46.65,Texas Water Development Board,water_level,12110208
8739308,2023-11-13,31.33,46.67,Texas Water Development Board,water_level,12110208
8739308,2023-11-14,31.31,46.69,Texas Water Development Board,water_level,12110208
8739308,2023-11-15,31.28,46.72,Texas Water Development Board,water_level,12110208
8739308,2023-11-16,31.25,46.75,Texas Water Development Board,water_level,12110208
8739308,2023-11-17,31.23,46.77,Texas Water Development Board,water_level,12110208
8739308,2023-11-18,31.22,46.78,Texas Water Development Board,water_level,12110208
8739308,2023-11-19,31.18,46.82,Texas Water Development Board,water_level,12110208
8739308,2023-11-20,31.18,46.82,Texas Water Development Board,water_level,12110208
8739308,2023-11-21,31.22,46.78,Texas Water Development Board,water_level,12110208
8739308,2023-11-22,31.19,46.81,Texas Water Development Board,water_level,12110208
8739308,2023-11-23,31.17,46.83,Texas Water Development Board,water_level,12110208
8739308,2023-11-24,31.16,46.84,Texas Water Development Board,water_level,12110208
8739308,2023-11-25,31.14,46.86,Texas Water Development Board,water_level,12110208
8739308,2023-11-26,31.15,46.85,Texas Water Development Board,water_level,12110208
8739308,2023-11-27,31.16,46.84,Texas Water Development Board,water_level,12110208
8739308,2023-11-28,31.13,46.87,Texas Water Development Board,water_level,12110208
8739308,2023-11-29,31.09,46.91,Texas Water Development Board,water_level,12110208
8739308,2023-11-30,31.08,46.92,Texas Water Development Board,water_level,12110208
8739308,2023-12-01,31.08,46.92,Texas Water Development Board,water_level,12110208
8739308,2023-12-02,31.08,46.92,Texas Water Development Board,water_level,12110208
8739308,2023-12-03,31.09,46.91,Texas Water Development Board,water_level,12110208
8739308,2023-12-04,31.09,46.91,Texas Water Development Board,water_level,12110208
8739308,2023-12-05,31.09,46.91,Texas Water Development Board,water_level,12110208
8739308,2023-12-06,31.08,46.92,Texas Water Development Board,water_level,12110208
8739308,2023-12-07,31.05,46.95,Texas Water Development Board,water_level,12110208
8739308,2023-12-08,31.04,46.96,Texas Water Development Board,water_level,12110208
8739308,2023-12-09,31.04,46.96,Texas Water Development Board,water_level,12110208
8739308,2023-12-10,31.07,46.93,Texas Water Development Board,water_level,12110208
8739308,2023-12-11,31.06,46.94,Texas Water Development Board,water_level,12110208
8739308,2023-12-12,31.05,46.95,Texas Water Development Board,water_level,12110208
8739308,2023-12-13,31.05,46.95,Texas Water Development Board,water_level,12110208
8739308,2023-12-14,31.02,46.98,Texas Water Development Board,water_level,12110208
8739308,2023-12-15,31.02,46.98,Texas Water Development Board,water_level,12110208
8739308,2023-12-16,31.01,46.99,Texas Water Development Board,water_level,12110208
8739308,2023-12-17,31,47,Texas Water Development Board,water_level,12110208
8739308,2023-12-18,31,47,Texas Water Development Board,water_level,12110208
8739308,2023-12-19,30.99,47.01,Texas Water Development Board,water_level,12110208
8739308,2023-12-20,30.99,47.01,Texas Water Development Board,water_level,12110208
8739308,2023-12-21,30.98,47.02,Texas Water Development Board,water_level,12110208
8739308,2023-12-22,30.96,47.04,Texas Water Development Board,water_level,12110208
8739308,2023-12-23,30.94,47.06,Texas Water Development Board,water_level,12110208
8739308,2023-12-24,30.93,47.07,Texas Water Development Board,water_level,12110208
8739308,2023-12-25,30.96,47.04,Texas Water Development Board,water_level,12110208
8739308,2023-12-26,30.93,47.07,Texas Water Development Board,water_level,12110208
8739308,2023-12-27,30.93,47.07,Texas Water Development Board,water_level,12110208
8739308,2023-12-28,30.94,47.06,Texas Water Development Board,water_level,12110208
8739308,2023-12-29,30.95,47.05,Texas Water Development Board,water_level,12110208
8739308,2023-12-30,30.93,47.07,Texas Water Development Board,water_level,12110208
8739308,2023-12-31,30.91,47.09,Texas Water Development Board,water_level,12110208
8739308,2024-01-01,30.93,47.07,Texas Water Development Board,water_level,12110208
8739308,2024-01-02,30.9,47.1,Texas Water Development Board,water_level,12110208
8739308,2024-01-03,30.91,47.09,Texas Water Development Board,water_level,12110208
8739308,2024-01-04,30.89,47.11,Texas Water Development Board,water_level,12110208
8739308,2024-01-05,30.89,47.11,Texas Water Development Board,water_level,12110208
8739308,2024-01-06,30.89,47.11,Texas Water Development Board,water_level,12110208
8739308,2024-01-07,30.87,47.13,Texas Water Development Board,water_level,12110208
8739308,2024-01-08,30.85,47.15,Texas Water Development Board,water_level,12110208
8739308,2024-01-09,30.92,47.08,Texas Water Development Board,water_level,12110208
8739308,2024-01-10,30.89,47.11,Texas Water Development Board,water_level,12110208
8739308,2024-01-11,30.87,47.13,Texas Water Development Board,water_level,12110208
8739308,2024-01-12,30.93,47.07,Texas Water Development Board,water_level,12110208
8739308,2024-01-13,30.93,47.07,Texas Water Development Board,water_level,12110208
8739308,2024-01-14,30.92,47.08,Texas Water Development Board,water_level,12110208
8739308,2024-01-15,30.96,47.04,Texas Water Development Board,water_level,12110208
8739308,2024-01-16,30.98,47.02,Texas Water Development Board,water_level,12110208
8739308,2024-01-17,30.93,47.07,Texas Water Development Board,water_level,12110208
8739308,2024-01-18,30.92,47.08,Texas Water Development Board,water_level,12110208
8739308,2024-01-19,30.97,47.03,Texas Water Development Board,water_level,12110208
8739308,2024-01-20,30.96,47.04,Texas Water Development Board,water_level,12110208
8739308,2024-01-21,30.92,47.08,Texas Water Development Board,water_level,12110208
8739308,2024-01-22,30.9,47.1,Texas Water Development Board,water_level,12110208
8739308,2024-01-23,30.89,47.11,Texas Water Development Board,water_level,12110208
8739308,2024-01-24,30.89,47.11,Texas Water Development Board,water_level,12110208
8739308,2024-01-25,30.88,47.12,Texas Water Development Board,water_level,12110208
8739308,2024-01-26,30.87,47.13,Texas Water Development Board,water_level,12110208
8739308,2024-01-27,30.91,47.09,Texas Water Development Board,water_level,12110208
8739308,2024-01-28,30.91,47.09,Texas Water Development Board,water_level,12110208
8739308,2024-01-29,30.88,47.12,Texas Water Development Board,water_level,12110208
8739308,2024-01-30,30.87,47.13,Texas Water Development Board,water_level,12110208
8739308,2024-01-31,30.86,47.14,Texas Water Development Board,water_level,12110208
8739308,2024-01-31,30.8,47.2,Texas Water Development Board,water_level,12110208
8739308,2024-02-01,30.83,47.17,Texas Water Development Board,water_level,12110208
8739308,2024-02-02,30.8,47.2,Texas Water Development Board,water_level,12110208
8739308,2024-02-03,30.79,47.21,Texas Water Development Board,water_level,12110208
8739308,2024-02-04,30.81,47.19,Texas Water Development Board,water_level,12110208
8739308,2024-02-05,30.85,47.15,Texas Water Development Board,water_level,12110208
8739308,2024-02-06,30.84,47.16,Texas Water Development Board,water_level,12110208
8739308,2024-02-07,30.8,47.2,Texas Water Development Board,water_level,12110208
8739308,2024-02-08,30.8,47.2,Texas Water Development Board,water_level,12110208
8739308,2024-02-09,30.79,47.21,Texas Water Development Board,water_level,12110208
8739308,2024-02-10,30.78,47.22,Texas Water Development Board,water_level,12110208
8739308,2024-02-11,30.78,47.22,Texas Water Development Board,water_level,12110208
8739308,2024-02-12,30.83,47.17,Texas Water Development Board,water_level,12110208
8739308,2024-02-13,30.83,47.17,Texas Water Development Board,water_level,12110208
8739308,2024-02-14,30.83,47.17,Texas Water Development Board,water_level,12110208
8739308,2024-02-15,30.82,47.18,Texas Water Development Board,water_level,12110208
8739308,2024-02-16,30.8,47.2,Texas Water Development Board,water_level,12110208
8739308,2024-02-17,30.83,47.17,Texas Water Development Board,water_level,12110208
8739308,2024-02-18,30.82,47.18,Texas Water Development Board,water_level,12110208
8739308,2024-02-19,30.81,47.19,Texas Water Development Board,water_level,12110208
8739308,2024-02-20,30.79,47.21,Texas Water Development Board,water_level,12110208
8739308,2024-02-21,30.75,47.25,Texas Water Development Board,water_level,12110208
8739308,2024-02-22,30.74,47.26,Texas Water Development Board,water_level,12110208
8739308,2024-02-23,30.76,47.24,Texas Water Development Board,water_level,12110208
8739308,2024-02-24,30.75,47.25,Texas Water Development Board,water_level,12110208
8739308,2024-02-25,30.73,47.27,Texas Water Development Board,water_level,12110208
8739308,2024-02-26,30.7,47.3,Texas Water Development Board,water_level,12110208
8739308,2024-02-27,30.69,47.31,Texas Water Development Board,water_level,12110208
8739308,2024-02-28,30.72,47.28,Texas Water Development Board,water_level,12110208
8739308,2024-02-29,30.72,47.28,Texas Water Development Board,water_level,12110208
8739308,2024-03-01,30.7,47.3,Texas Water Development Board,water_level,12110208
8739308,2024-03-02,30.68,47.32,Texas Water Development Board,water_level,12110208
8739308,2024-03-03,30.67,47.33,Texas Water Development Board,water_level,12110208
8739308,2024-03-04,30.66,47.34,Texas Water Development Board,water_level,12110208
8739308,2024-03-05,30.66,47.34,Texas Water Development Board,water_level,12110208
8739308,2024-03-06,30.65,47.35,Texas Water Development Board,water_level,12110208
8739308,2024-03-07,30.63,47.37,Texas Water Development Board,water_level,12110208
8739308,2024-03-08,30.64,47.36,Texas Water Development Board,water_level,12110208
8739308,2024-03-09,30.69,47.31,Texas Water Development Board,water_level,12110208
8739308,2024-03-10,30.7,47.3,Texas Water Development Board,water_level,12110208
8739308,2024-03-11,30.68,47.32,Texas Water Development Board,water_level,12110208
8739308,2024-03-12,30.65,47.35,Texas Water Development Board,water_level,12110208
8739308,2024-03-13,30.63,47.37,Texas Water Development Board,water_level,12110208
8739308,2024-03-14,30.63,47.37,Texas Water Development Board,water_level,12110208
8739308,2024-03-15,30.62,47.38,Texas Water Development Board,water_level,12110208
8739308,2024-03-16,30.64,47.36,Texas Water Development Board,water_level,12110208
8739308,2024-03-17,30.63,47.37,Texas Water Development Board,water_level,12110208
8739308,2024-03-18,30.67,47.33,Texas Water Development Board,water_level,12110208
8739308,2024-03-19,30.63,47.37,Texas Water Development Board,water_level,12110208
8739308,2024-03-20,30.6,47.4,Texas Water Development Board,water_level,12110208
8739308,2024-03-21,30.58,47.42,Texas Water Development Board,water_level,12110208
8739308,2024-03-22,30.58,47.42,Texas Water Development Board,water_level,12110208
8739308,2024-03-23,30.57,47.43,Texas Water Development Board,water_level,12110208
8739308,2024-03-24,30.54,47.46,Texas Water Development Board,water_level,12110208
8739308,2024-03-25,30.55,47.45,Texas Water Development Board,water_level,12110208
8739308,2024-03-26,30.59,47.41,Texas Water Development Board,water_level,12110208
8739308,2024-03-27,30.63,47.37,Texas Water Development Board,water_level,12110208
8739308,2024-03-28,30.62,47.38,Texas Water Development Board,water_level,12110208
8739308,2024-03-29,30.6,47.4,Texas Water Development Board,water_level,12110208
8739308,2024-03-30,30.6,47.4,Texas Water Development Board,water_level,12110208
8739308,2024-03-31,30.58,47.42,Texas Water Development Board,water_level,12110208
8739308,2024-04-01,30.56,47.44,Texas Water Development Board,water_level,12110208
8739308,2024-04-02,30.6,47.4,Texas Water Development Board,water_level,12110208
8739308,2024-04-03,30.64,47.36,Texas Water Development Board,water_level,12110208
8739308,2024-04-04,30.65,47.35,Texas Water Development Board,water_level,12110208
8739308,2024-04-05,30.65,47.35,Texas Water Development Board,water_level,12110208
8739308,2024-04-06,30.64,47.36,Texas Water Development Board,water_level,12110208
8739308,2024-04-07,30.66,47.34,Texas Water Development Board,water_level,12110208
8739308,2024-04-08,30.63,47.37,Texas Water Development Board,water_level,12110208
8739308,2024-04-09,30.62,47.38,Texas Water Development Board,water_level,12110208
8739308,2024-04-10,30.69,47.31,Texas Water Development Board,water_level,12110208
8739308,2024-04-11,30.73,47.27,Texas Water Development Board,water_level,12110208
8739308,2024-04-12,30.76,47.24,Texas Water Development Board,water_level,12110208
8739308,2024-04-13,30.76,47.24,Texas Water Development Board,water_level,12110208
8739308,2024-04-14,30.75,47.25,Texas Water Development Board,water_level,12110208
8739308,2024-04-15,30.75,47.25,Texas Water Development Board,water_level,12110208
8739308,2024-04-16,30.78,47.22,Texas Water Development Board,water_level,12110208
8739308,2024-04-17,30.8,47.2,Texas Water Development Board,water_level,12110208
8739308,2024-04-18,30.81,47.19,Texas Water Development Board,water_level,12110208
8739308,2024-04-19,30.83,47.17,Texas Water Development Board,water_level,12110208
8739308,2024-04-20,30.84,47.16,Texas Water Development Board,water_level,12110208
8739308,2024-04-21,30.86,47.14,Texas Water Development Board,water_level,12110208
8739308,2024-04-22,30.89,47.11,Texas Water Development Board,water_level,12110208
8739308,2024-04-23,30.9,47.1,Texas Water Development Board,water_level,12110208
8739308,2024-04-24,30.93,47.07,Texas Water Development Board,water_level,12110208
8739308,2024-04-25,30.92,47.08,Texas Water Development Board,water_level,12110208
8739308,2024-04-26,30.93,47.07,Texas Water Development Board,water_level,12110208
8739308,2024-04-27,30.95,47.05,Texas Water Development Board,water_level,12110208
8739308,2024-04-28,30.97,47.03,Texas Water Development Board,water_level,12110208
8739308,2024-04-29,31,47,Texas Water Development Board,water_level,12110208
8739308,2024-04-30,31.02,46.98,Texas Water Development Board,water_level,12110208
8739308,2024-05-01,31.03,46.97,Texas Water Development Board,water_level,12110208
8739308,2024-05-02,31.05,46.95,Texas Water Development Board,water_level,12110208
8739308,2024-05-03,31.08,46.92,Texas Water Development Board,water_level,12110208
8739308,2024-05-04,31.1,46.9,Texas Water Development Board,water_level,12110208
8739308,2024-05-05,31.11,46.89,Texas Water Development Board,water_level,12110208
8739308,2024-05-06,31.13,46.87,Texas Water Development Board,water_level,12110208
8739308,2024-05-07,31.15,46.85,Texas Water Development Board,water_level,12110208
8739308,2024-05-08,31.16,46.84,Texas Water Development Board,water_level,12110208
8739308,2024-05-09,31.19,46.81,Texas Water Development Board,water_level,12110208
8739308,2024-05-10,31.23,46.77,Texas Water Development Board,water_level,12110208
8739308,2024-05-11,31.24,46.76,Texas Water Development Board,water_level,12110208
8739308,2024-05-12,31.25,46.75,Texas Water Development Board,water_level,12110208
8739308,2024-05-13,31.28,46.72,Texas Water Development Board,water_level,12110208
8739308,2024-05-22,31.32,46.68,Texas Water Development Board,water_level,12110208
8739308,2024-05-23,31.39,46.61,Texas Water Development Board,water_level,12110208
8739308,2024-05-24,31.4,46.6,Texas Water Development Board,water_level,12110208
8739308,2024-05-25,31.41,46.59,Texas Water Development Board,water_level,12110208
8739308,2024-05-26,31.42,46.58,Texas Water Development Board,water_level,12110208
8739308,2024-05-27,31.44,46.56,Texas Water Development Board,water_level,12110208
8739308,2024-05-28,31.44,46.56,Texas Water Development Board,water_level,12110208
8739308,2024-05-29,31.45,46.55,Texas Water Development Board,water_level,12110208
8739308,2024-05-30,31.46,46.54,Texas Water Development Board,water_level,12110208
8739308,2024-05-31,31.48,46.52,Texas Water Development Board,water_level,12110208
8739308,2024-06-01,31.49,46.51,Texas Water Development Board,water_level,12110208
8739308,2024-06-02,31.5,46.5,Texas Water Development Board,water_level,12110208
8739308,2024-06-03,31.5,46.5,Texas Water Development Board,water_level,12110208
8739308,2024-06-04,31.5,46.5,Texas Water Development Board,water_level,12110208
8739308,2024-06-05,31.53,46.47,Texas Water Development Board,water_level,12110208
8739308,2024-06-06,31.55,46.45,Texas Water Development Board,water_level,12110208
8739308,2024-06-07,31.56,46.44,Texas Water Development Board,water_level,12110208
8739308,2024-06-08,31.57,46.43,Texas Water Development Board,water_level,12110208
8739308,2024-06-09,31.58,46.42,Texas Water Development Board,water_level,12110208
8739308,2024-06-10,31.58,46.42,Texas Water Development Board,water_level,12110208
8739308,2024-06-11,31.59,46.41,Texas Water Development Board,water_level,12110208
8739308,2024-06-12,31.6,46.4,Texas Water Development Board,water_level,12110208
8739308,2024-06-13,31.61,46.39,Texas Water Development Board,water_level,12110208
8739308,2024-06-14,31.62,46.38,Texas Water Development Board,water_level,12110208
8739308,2024-06-15,31.64,46.36,Texas Water Development Board,water_level,12110208
8739308,2024-06-16,31.65,46.35,Texas Water Development Board,water_level,12110208
8739308,2024-06-17,31.66,46.34,Texas Water Development Board,water_level,12110208
8739308,2024-06-18,31.67,46.33,Texas Water Development Board,water_level,12110208
8739308,2024-06-19,31.68,46.32,Texas Water Development Board,water_level,12110208
8739308,2024-06-20,31.59,46.41,Texas Water Development Board,water_level,12110208
8739308,2024-06-21,31.5,46.5,Texas Water Development Board,water_level,12110208
8739308,2024-06-22,31.44,46.56,Texas Water Development Board,water_level,12110208
8739308,2024-06-23,31.41,46.59,Texas Water Development Board,water_level,12110208
8739308,2024-06-24,31.39,46.61,Texas Water Development Board,water_level,12110208
8739308,2024-06-25,31.38,46.62,Texas Water Development Board,water_level,12110208
8739308,2024-06-26,31.37,46.63,Texas Water Development Board,water_level,12110208
8739308,2024-06-27,31.36,46.64,Texas Water Development Board,water_level,12110208
8739308,2024-06-28,31.36,46.64,Texas Water Development Board,water_level,12110208
8739308,2024-06-29,31.37,46.63,Texas Water Development Board,water_level,12110208
8739308,2024-06-30,31.39,46.61,Texas Water Development Board,water_level,12110208
8739308,2024-07-01,31.39,46.61,Texas Water Development Board,water_level,12110208
8739308,2024-07-02,31.4,46.6,Texas Water Development Board,water_level,12110208
8739308,2024-07-03,31.41,46.59,Texas Water Development Board,water_level,12110208
8739308,2024-07-04,31.42,46.58,Texas Water Development Board,water_level,12110208
8739308,2024-07-05,31.43,46.57,Texas Water Development Board,water_level,12110208
8739308,2024-07-06,31.44,46.56,Texas Water Development Board,water_level,12110208
8739308,2024-07-07,31.44,46.56,Texas Water Development Board,water_level,12110208
8739308,2024-07-08,31.46,46.54,Texas Water Development Board,water_level,12110208
8739308,2024-07-09,31.49,46.51,Texas Water Development Board,water_level,12110208
8739308,2024-07-10,31.51,46.49,Texas Water Development Board,water_level,12110208
8739308,2024-07-11,31.52,46.48,Texas Water Development Board,water_level,12110208
8739308,2024-07-12,31.51,46.49,Texas Water Development Board,water_level,12110208
8739308,2024-07-13,31.5,46.5,Texas Water Development Board,water_level,12110208
8739308,2024-07-14,31.5,46.5,Texas Water Development Board,water_level,12110208
8739308,2024-07-15,31.53,46.47,Texas Water Development Board,water_level,12110208
8739308,2024-07-16,31.53,46.47,Texas Water Development Board,water_level,12110208
8739308,2024-07-17,31.53,46.47,Texas Water Development Board,water_level,12110208
8739308,2024-07-18,31.54,46.46,Texas Water Development Board,water_level,12110208
8739308,2024-07-19,31.54,46.46,Texas Water Development Board,water_level,12110208
8739308,2024-07-20,31.55,46.45,Texas Water Development Board,water_level,12110208
8739308,2024-07-21,31.55,46.45,Texas Water Development Board,water_level,12110208
8739308,2024-07-22,31.56,46.44,Texas Water Development Board,water_level,12110208
8739308,2024-07-23,31.57,46.43,Texas Water Development Board,water_level,12110208
8739308,2024-07-24,31.57,46.43,Texas Water Development Board,water_level,12110208
8739308,2024-07-25,31.57,46.43,Texas Water Development Board,water_level,12110208
8739308,2024-07-26,31.57,46.43,Texas Water Development Board,water_level,12110208
8739308,2024-07-27,31.57,46.43,Texas Water Development Board,water_level,12110208
8739308,2024-07-28,31.58,46.42,Texas Water Development Board,water_level,12110208
8739308,2024-07-29,31.58,46.42,Texas Water Development Board,water_level,12110208
8739308,2024-07-30,31.58,46.42,Texas Water Development Board,water_level,12110208
8739308,2024-07-31,31.59,46.41,Texas Water Development Board,water_level,12110208
8739308,2024-08-01,31.59,46.41,Texas Water Development Board,water_level,12110208
8739308,2024-08-02,31.59,46.41,Texas Water Development Board,water_level,12110208
8739308,2024-08-03,31.61,46.39,Texas Water Development Board,water_level,12110208
8739308,2024-08-04,31.62,46.38,Texas Water Development Board,water_level,12110208
8739308,2024-08-05,31.64,46.36,Texas Water Development Board,water_level,12110208
8739308,2024-08-06,31.66,46.34,Texas Water Development Board,water_level,12110208
8739308,2024-08-07,31.65,46.35,Texas Water Development Board,water_level,12110208
8739308,2024-08-08,31.67,46.33,Texas Water Development Board,water_level,12110208
8739308,2024-08-09,31.69,46.31,Texas Water Development Board,water_level,12110208
8739308,2024-08-10,31.69,46.31,Texas Water Development Board,water_level,12110208
8739308,2024-08-11,31.7,46.3,Texas Water Development Board,water_level,12110208
8739308,2024-08-12,31.72,46.28,Texas Water Development Board,water_level,12110208
8739308,2024-08-13,31.73,46.27,Texas Water Development Board,water_level,12110208
8739308,2024-08-14,31.74,46.26,Texas Water Development Board,water_level,12110208
8739308,2024-08-15,31.74,46.26,Texas Water Development Board,water_level,12110208
8739308,2024-08-16,31.75,46.25,Texas Water Development Board,water_level,12110208
8739308,2024-08-17,31.76,46.24,Texas Water Development Board,water_level,12110208
8739308,2024-08-18,31.77,46.23,Texas Water Development Board,water_level,12110208
8739308,2024-08-19,31.78,46.22,Texas Water Development Board,water_level,12110208
8739308,2024-08-20,31.78,46.22,Texas Water Development Board,water_level,12110208
8739308,2024-08-21,31.79,46.21,Texas Water Development Board,water_level,12110208
8739308,2024-08-22,31.8,46.2,Texas Water Development Board,water_level,12110208
8739308,2024-08-23,31.8,46.2,Texas Water Development Board,water_level,12110208
8739308,2024-08-24,31.8,46.2,Texas Water Development Board,water_level,12110208
8739308,2024-08-25,31.81,46.19,Texas Water Development Board,water_level,12110208
8739308,2024-08-26,31.82,46.18,Texas Water Development Board,water_level,12110208
8739308,2024-08-27,31.84,46.16,Texas Water Development Board,water_level,12110208
8739308,2024-08-28,31.86,46.14,Texas Water Development Board,water_level,12110208
8739308,2024-08-29,31.86,46.14,Texas Water Development Board,water_level,12110208
8739308,2024-08-30,31.87,46.13,Texas Water Development Board,water_level,12110208
8739308,2024-08-31,31.87,46.13,Texas Water Development Board,water_level,12110208
8739308,2024-09-01,31.88,46.12,Texas Water Development Board,water_level,12110208
8739308,2024-09-02,31.89,46.11,Texas Water Development Board,water_level,12110208
8739308,2024-09-03,31.9,46.1,Texas Water Development Board,water_level,12110208
8739308,2024-09-04,31.91,46.09,Texas Water Development Board,water_level,12110208
8739308,2024-09-05,31.92,46.08,Texas Water Development Board,water_level,12110208
8739308,2024-09-06,31.92,46.08,Texas Water Development Board,water_level,12110208
8739308,2024-09-07,31.93,46.07,Texas Water Development Board,water_level,12110208
8739308,2024-09-08,31.94,46.06,Texas Water Development Board,water_level,12110208
8739308,2024-09-09,31.94,46.06,Texas Water Development Board,water_level,12110208
8739308,2024-09-10,31.95,46.05,Texas Water Development Board,water_level,12110208
8739308,2024-09-11,31.96,46.04,Texas Water Development Board,water_level,12110208
8739308,2024-09-12,31.97,46.03,Texas Water Development Board,water_level,12110208
8739308,2024-09-13,31.98,46.02,Texas Water Development Board,water_level,12110208
8739308,2024-09-14,31.99,46.01,Texas Water Development Board,water_level,12110208
8739308,2024-09-15,32,46,Texas Water Development Board,water_level,12110208
8739308,2024-09-16,32,46,Texas Water Development Board,water_level,12110208
8739308,2024-09-17,32.01,45.99,Texas Water Development Board,water_level,12110208
8739308,2024-09-18,32.01,45.99,Texas Water Development Board,water_level,12110208
8739308,2024-09-19,32.02,45.98,Texas Water Development Board,water_level,12110208
8739308,2024-09-20,32.03,45.97,Texas Water Development Board,water_level,12110208
8739308,2024-09-21,32.04,45.96,Texas Water Development Board,water_level,12110208
8739308,2024-09-22,32.05,45.95,Texas Water Development Board,water_level,12110208
8739308,2024-09-23,32.05,45.95,Texas Water Development Board,water_level,12110208
8739308,2024-09-24,32.06,45.94,Texas Water Development Board,water_level,12110208
8739308,2024-09-25,32.07,45.93,Texas Water Development Board,water_level,12110208
8739308,2024-09-26,32.08,45.92,Texas Water Development Board,water_level,12110208
8739308,2024-09-27,32.09,45.91,Texas Water Development Board,water_level,12110208
8739308,2024-09-28,32.11,45.89,Texas Water Development Board,water_level,12110208
8739308,2024-09-29,32.12,45.88,Texas Water Development Board,water_level,12110208
8739308,2024-09-30,32.13,45.87,Texas Water Development Board,water_level,12110208
8739308,2024-10-01,32.12,45.88,Texas Water Development Board,water_level,12110208
8739308,2024-10-02,32.14,45.86,Texas Water Development Board,water_level,12110208
8739308,2024-10-03,32.17,45.83,Texas Water Development Board,water_level,12110208
8739308,2024-10-04,32.18,45.82,Texas Water Development Board,water_level,12110208
8739308,2024-10-05,32.18,45.82,Texas Water Development Board,water_level,12110208
8739308,2024-10-06,32.19,45.81,Texas Water Development Board,water_level,12110208
8739308,2024-10-07,32.18,45.82,Texas Water Development Board,water_level,12110208
8739308,2024-10-08,32.19,45.81,Texas Water Development Board,water_level,12110208
8739308,2024-10-09,32.19,45.81,Texas Water Development Board,water_level,12110208
8739308,2024-10-10,32.17,45.83,Texas Water Development Board,water_level,12110208
8739308,2024-10-11,32.16,45.84,Texas Water Development Board,water_level,12110208
8739308,2024-10-12,32.17,45.83,Texas Water Development Board,water_level,12110208
8739308,2024-10-13,32.19,45.81,Texas Water Development Board,water_level,12110208
8739308,2024-10-14,32.2,45.8,Texas Water Development Board,water_level,12110208
8739308,2024-10-15,32.23,45.77,Texas Water Development Board,water_level,12110208
8739308,2024-10-16,32.22,45.78,Texas Water Development Board,water_level,12110208
8739308,2024-10-17,32.22,45.78,Texas Water Development Board,water_level,12110208
8739308,2024-10-18,32.24,45.76,Texas Water Development Board,water_level,12110208
8739308,2024-10-19,32.23,45.77,Texas Water Development Board,water_level,12110208
8739308,2024-10-20,32.24,45.76,Texas Water Development Board,water_level,12110208
8739308,2024-10-21,32.27,45.73,Texas Water Development Board,water_level,12110208
8739308,2024-10-22,32.29,45.71,Texas Water Development Board,water_level,12110208
8739308,2024-10-23,32.3,45.7,Texas Water Development Board,water_level,12110208
8739308,2024-10-24,32.32,45.68,Texas Water Development Board,water_level,12110208
8739308,2024-10-25,32.32,45.68,Texas Water Development Board,water_level,12110208
8739308,2024-10-26,32.3,45.7,Texas Water Development Board,water_level,12110208
8739308,2024-10-27,32.31,45.69,Texas Water Development Board,water_level,12110208
8739308,2024-10-28,32.36,45.64,Texas Water Development Board,water_level,12110208
8739308,2024-10-29,32.37,45.63,Texas Water Development Board,water_level,12110208
8739308,2024-10-30,32.38,45.62,Texas Water Development Board,water_level,12110208
8739308,2024-10-31,32.39,45.61,Texas Water Development Board,water_level,12110208
8739308,2024-11-01,32.4,45.6,Texas Water Development Board,water_level,12110208
8739308,2024-11-02,32.41,45.59,Texas Water Development Board,water_level,12110208
8739308,2024-11-03,32.41,45.59,Texas Water Development Board,water_level,12110208
8739308,2024-11-04,32.42,45.58,Texas Water Development Board,water_level,12110208
8739308,2024-11-05,32.44,45.56,Texas Water Development Board,water_level,12110208
8739308,2024-11-06,32.44,45.56,Texas Water Development Board,water_level,12110208
8739308,2024-11-07,32.45,45.55,Texas Water Development Board,water_level,12110208
8739308,2024-11-08,32.46,45.54,Texas Water Development Board,water_level,12110208
8739308,2024-11-09,32.47,45.53,Texas Water Development Board,water_level,12110208
8739308,2024-11-10,32.47,45.53,Texas Water Development Board,water_level,12110208
8739308,2024-11-11,32.47,45.53,Texas Water Development Board,water_level,12110208
8739308,2024-11-12,32.47,45.53,Texas Water Development Board,water_level,12110208
8739308,2024-11-13,32.48,45.52,Texas Water Development Board,water_level,12110208
8739308,2024-11-14,32.47,45.53,Texas Water Development Board,water_level,12110208
8739308,2024-11-15,32.48,45.52,Texas Water Development Board,water_level,12110208
8739308,2024-11-16,32.47,45.53,Texas Water Development Board,water_level,12110208
8739308,2024-11-17,32.46,45.54,Texas Water Development Board,water_level,12110208
8739308,2024-11-18,32.46,45.54,Texas Water Development Board,water_level,12110208
8739308,2024-11-19,32.49,45.51,Texas Water Development Board,water_level,12110208
8739308,2024-11-20,32.45,45.55,Texas Water Development Board,water_level,12110208
8739308,2024-11-21,32.49,45.51,Texas Water Development Board,water_level,12110208
8739308,2024-11-22,32.5,45.5,Texas Water Development Board,water_level,12110208
8739308,2024-11-23,32.52,45.48,Texas Water Development Board,water_level,12110208
8739308,2024-11-24,32.52,45.48,Texas Water Development Board,water_level,12110208
8739308,2024-11-25,32.54,45.46,Texas Water Development Board,water_level,12110208
8739308,2024-11-26,32.53,45.47,Texas Water Development Board,water_level,12110208
8739308,2024-11-27,32.54,45.46,Texas Water Development Board,water_level,12110208
8739308,2024-11-28,32.56,45.44,Texas Water Development Board,water_level,12110208
8739308,2024-11-29,32.56,45.44,Texas Water Development Board,water_level,12110208
8739308,2024-11-30,32.57,45.43,Texas Water Development Board,water_level,12110208
8739308,2024-12-01,32.59,45.41,Texas Water Development Board,water_level,12110208
8739308,2024-12-02,32.6,45.4,Texas Water Development Board,water_level,12110208
8739308,2024-12-03,32.61,45.39,Texas Water Development Board,water_level,12110208
8739308,2024-12-04,32.62,45.38,Texas Water Development Board,water_level,12110208
8739308,2024-12-05,32.64,45.36,Texas Water Development Board,water_level,12110208
8739308,2024-12-06,32.64,45.36,Texas Water Development Board,water_level,12110208
8739308,2024-12-07,32.64,45.36,Texas Water Development Board,water_level,12110208
8739308,2024-12-08,32.65,45.35,Texas Water Development Board,water_level,12110208
8739308,2024-12-09,32.65,45.35,Texas Water Development Board,water_level,12110208
8739308,2024-12-10,32.67,45.33,Texas Water Development Board,water_level,12110208
8739308,2024-12-11,32.66,45.34,Texas Water Development Board,water_level,12110208
8739308,2024-12-12,32.67,45.33,Texas Water Development Board,water_level,12110208
8739308,2024-12-13,32.69,45.31,Texas Water Development Board,water_level,12110208
8739308,2024-12-14,32.7,45.3,Texas Water Development Board,water_level,12110208
8739308,2024-12-15,32.69,45.31,Texas Water Development Board,water_level,12110208
8739308,2024-12-16,32.7,45.3,Texas Water Development Board,water_level,12110208
8739308,2024-12-17,32.71,45.29,Texas Water Development Board,water_level,12110208
8739308,2024-12-18,32.71,45.29,Texas Water Development Board,water_level,12110208
8739308,2024-12-19,32.7,45.3,Texas Water Development Board,water_level,12110208
8739308,2024-12-20,32.71,45.29,Texas Water Development Board,water_level,12110208
8739308,2024-12-21,32.71,45.29,Texas Water Development Board,water_level,12110208
8739308,2024-12-22,32.72,45.28,Texas Water Development Board,water_level,12110208
8739308,2024-12-23,32.74,45.26,Texas Water Development Board,water_level,12110208
8739308,2024-12-24,32.74,45.26,Texas Water Development Board,water_level,12110208
8739308,2024-12-25,32.74,45.26,Texas Water Development Board,water_level,12110208
8739308,2024-12-26,32.75,45.25,Texas Water Development Board,water_level,12110208
8739308,2024-12-27,32.75,45.25,Texas Water Development Board,water_level,12110208
8739308,2024-12-28,32.76,45.24,Texas Water Development Board,water_level,12110208
8739308,2024-12-29,32.77,45.23,Texas Water Development Board,water_level,12110208
8739308,2024-12-30,32.77,45.23,Texas Water Development Board,water_level,12110208
8739308,2025-01-23,32.69,45.31,Texas Water Development Board,water_level,12110208
8739308,2025-01-24,32.65,45.35,Texas Water Development Board,water_level,12110208
8739308,2025-01-25,32.64,45.36,Texas Water Development Board,water_level,12110208
8739308,2025-01-26,32.63,45.37,Texas Water Development Board,water_level,12110208
8739308,2025-01-27,32.62,45.38,Texas Water Development Board,water_level,12110208
8739308,2025-01-28,32.61,45.39,Texas Water Development Board,water_level,12110208
8739308,2025-01-29,32.58,45.42,Texas Water Development Board,water_level,12110208
8739308,2025-01-29,,,Texas Water Development Board,water_level,12110208
8739308,2025-01-30,32.58,45.42,Texas Water Development Board,water_level,12110208
8739308,2025-01-31,32.6,45.4,Texas Water Development Board,water_level,12110208
8739308,2025-02-01,32.59,45.41,Texas Water Development Board,water_level,12110208
8739308,2025-02-02,32.59,45.41,Texas Water Development Board,water_level,12110208
8739308,2025-02-03,32.58,45.42,Texas Water Development Board,water_level,12110208
8739308,2025-02-04,32.58,45.42,Texas Water Development Board,water_level,12110208
8739308,2025-02-05,32.56,45.44,Texas Water Development Board,water_level,12110208
8739308,2025-02-06,32.56,45.44,Texas Water Development Board,water_level,12110208
8739308,2025-02-07,32.56,45.44,Texas Water Development Board,water_level,12110208
8739308,2025-02-08,32.55,45.45,Texas Water Development Board,water_level,12110208
8739308,2025-02-09,32.55,45.45,Texas Water Development Board,water_level,12110208
8739308,2025-02-10,32.55,45.45,Texas Water Development Board,water_level,12110208
8739308,2025-02-11,32.52,45.48,Texas Water Development Board,water_level,12110208
8739308,2025-02-12,32.52,45.48,Texas Water Development Board,water_level,12110208
8739308,2025-02-13,32.55,45.45,Texas Water Development Board,water_level,12110208
8739308,2025-02-14,32.54,45.46,Texas Water Development Board,water_level,12110208
8739308,2025-02-15,32.52,45.48,Texas Water Development Board,water_level,12110208
8739308,2025-02-16,32.54,45.46,Texas Water Development Board,water_level,12110208
8739308,2025-02-17,32.53,45.47,Texas Water Development Board,water_level,12110208
8739308,2025-02-18,32.52,45.48,Texas Water Development Board,water_level,12110208
8739308,2025-02-19,32.53,45.47,Texas Water Development Board,water_level,12110208
8739308,2025-02-20,32.55,45.45,Texas Water Development Board,water_level,12110208
8739308,2025-02-21,32.54,45.46,Texas Water Development Board,water_level,12110208
8739308,2025-02-22,32.53,45.47,Texas Water Development Board,water_level,12110208
8739308,2025-02-23,32.52,45.48,Texas Water Development Board,water_level,12110208
8739308,2025-02-24,32.52,45.48,Texas Water Development Board,water_level,12110208
8739308,2025-02-25,32.52,45.48,Texas Water Development Board,water_level,12110208
8739308,2025-02-26,32.51,45.49,Texas Water Development Board,water_level,12110208
8739308,2025-02-27,32.52,45.48,Texas Water Development Board,water_level,12110208
8739308,2025-02-28,32.52,45.48,Texas Water Development Board,water_level,12110208
8739308,2025-03-01,32.52,45.48,Texas Water Development Board,water_level,12110208
8739308,2025-03-02,32.52,45.48,Texas Water Development Board,water_level,12110208
8739308,2025-03-03,32.51,45.49,Texas Water Development Board,water_level,12110208
8739308,2025-03-04,32.5,45.5,Texas Water Development Board,water_level,12110208
8739308,2025-03-05,32.54,45.46,Texas Water Development Board,water_level,12110208
8739308,2025-03-06,32.55,45.45,Texas Water Development Board,water_level,12110208
8739308,2025-03-07,32.53,45.47,Texas Water Development Board,water_level,12110208
8739308,2025-03-08,32.53,45.47,Texas Water Development Board,water_level,12110208
8739308,2025-03-09,32.57,45.43,Texas Water Development Board,water_level,12110208
8739308,2025-03-10,32.58,45.42,Texas Water Development Board,water_level,12110208
8739308,2025-03-11,32.58,45.42,Texas Water Development Board,water_level,12110208
8739308,2025-03-12,32.58,45.42,Texas Water Development Board,water_level,12110208
8739308,2025-03-13,32.58,45.42,Texas Water Development Board,water_level,12110208
8739308,2025-03-14,32.57,45.43,Texas Water Development Board,water_level,12110208
8739308,2025-03-15,32.58,45.42,Texas Water Development Board,water_level,12110208
8739308,2025-03-16,32.65,45.35,Texas Water Development Board,water_level,12110208
8739308,2025-03-17,32.66,45.34,Texas Water Development Board,water_level,12110208
8739308,2025-03-18,32.67,45.33,Texas Water Development Board,water_level,12110208
8739308,2025-03-19,32.67,45.33,Texas Water Development Board,water_level,12110208
8739308,2025-03-20,32.71,45.29,Texas Water Development Board,water_level,12110208
8739308,2025-03-21,32.71,45.29,Texas Water Development Board,water_level,12110208
8739308,2025-03-22,32.73,45.27,Texas Water Development Board,water_level,12110208
8739308,2025-03-23,32.74,45.26,Texas Water Development Board,water_level,12110208
8739308,2025-03-24,32.76,45.24,Texas Water Development Board,water_level,12110208
8739308,2025-03-25,32.78,45.22,Texas Water Development Board,water_level,12110208
8739308,2025-03-26,32.78,45.22,Texas Water Development Board,water_level,12110208
8739308,2025-03-27,32.57,45.43,Texas Water Development Board,water_level,12110208
8739308,2025-03-28,31.29,46.71,Texas Water Development Board,water_level,12110208
8739308,2025-03-29,30.52,47.48,Texas Water Development Board,water_level,12110208
8739308,2025-03-30,30.14,47.86,Texas Water Development Board,water_level,12110208
8739308,2025-03-31,29.9,48.1,Texas Water Development Board,water_level,12110208
8739308,2025-04-01,29.72,48.28,Texas Water Development Board,water_level,12110208
8739308,2025-04-02,29.65,48.35,Texas Water Development Board,water_level,12110208
8739308,2025-04-03,29.61,48.39,Texas Water Development Board,water_level,12110208
8739308,2025-04-04,29.57,48.43,Texas Water Development Board,water_level,12110208
8739308,2025-04-05,29.56,48.44,Texas Water Development Board,water_level,12110208
8739308,2025-04-06,29.6,48.4,Texas Water Development Board,water_level,12110208
8739308,2025-04-07,29.6,48.4,Texas Water Development Board,water_level,12110208
8739308,2025-04-08,29.63,48.37,Texas Water Development Board,water_level,12110208
8739308,2025-04-09,29.64,48.36,Texas Water Development Board,water_level,12110208
8739308,2025-04-10,29.65,48.35,Texas Water Development Board,water_level,12110208
8739308,2025-04-11,29.67,48.33,Texas Water Development Board,water_level,12110208
8739308,2025-04-12,29.69,48.31,Texas Water Development Board,water_level,12110208
8739308,2025-04-13,29.73,48.27,Texas Water Development Board,water_level,12110208
8739308,2025-04-14,29.76,48.24,Texas Water Development Board,water_level,12110208
8739308,2025-04-15,29.81,48.19,Texas Water Development Board,water_level,12110208
8739308,2025-04-16,29.83,48.17,Texas Water Development Board,water_level,12110208
8739308,2025-04-17,29.86,48.14,Texas Water Development Board,water_level,12110208
8739308,2025-04-18,29.91,48.09,Texas Water Development Board,water_level,12110208
8739308,2025-04-19,29.97,48.03,Texas Water Development Board,water_level,12110208
8739308,2025-04-20,30,48,Texas Water Development Board,water_level,12110208
8739308,2025-04-21,30.07,47.93,Texas Water Development Board,water_level,12110208
8739308,2025-04-22,30.11,47.89,Texas Water Development Board,water_level,12110208
8739308,2025-04-23,30.14,47.86,Texas Water Development Board,water_level,12110208
8739308,2025-04-24,30.2,47.8,Texas Water Development Board,water_level,12110208
8739308,2025-04-25,30.25,47.75,Texas Water Development Board,water_level,12110208
8739308,2025-04-26,30.28,47.72,Texas Water Development Board,water_level,12110208
8739308,2025-04-27,30.32,47.68,Texas Water Development Board,water_level,12110208
8739308,2025-04-28,30.37,47.63,Texas Water Development Board,water_level,12110208
8739308,2025-04-29,30.41,47.59,Texas Water Development Board,water_level,12110208
8739308,2025-04-30,30.41,47.59,Texas Water Development Board,water_level,12110208
8739308,2025-05-01,30.47,47.53,Texas Water Development Board,water_level,12110208
8739308,2025-05-06,30.59,47.41,Texas Water Development Board,water_level,12110208
8739308,2025-05-07,30.62,47.38,Texas Water Development Board,water_level,12110208
8739308,2025-05-08,30.66,47.34,Texas Water Development Board,water_level,12110208
8739308,2025-05-09,30.68,47.32,Texas Water Development Board,water_level,12110208
8739308,2025-05-10,30.7,47.3,Texas Water Development Board,water_level,12110208
8739308,2025-05-11,30.71,47.29,Texas Water Development Board,water_level,12110208
8739308,2025-05-12,30.73,47.27,Texas Water Development Board,water_level,12110208
8739308,2025-05-13,30.75,47.25,Texas Water Development Board,water_level,12110208
8739308,2025-05-14,30.77,47.23,Texas Water Development Board,water_level,12110208
8739308,2025-05-15,30.79,47.21,Texas Water Development Board,water_level,12110208
8739308,2025-05-16,30.83,47.17,Texas Water Development Board,water_level,12110208
8739308,2025-05-17,30.84,47.16,Texas Water Development Board,water_level,12110208
8739308,2025-05-18,30.86,47.14,Texas Water Development Board,water_level,12110208
8739308,2025-05-19,30.87,47.13,Texas Water Development Board,water_level,12110208
8739308,2025-05-20,30.9,47.1,Texas Water Development Board,water_level,12110208
8739308,2025-05-21,30.95,47.05,Texas Water Development Board,water_level,12110208
8739308,2025-05-22,30.96,47.04,Texas Water Development Board,water_level,12110208
8739308,2025-05-23,30.98,47.02,Texas Water Development Board,water_level,12110208
8739308,2025-05-24,31.01,46.99,Texas Water Development Board,water_level,12110208
8739308,2025-05-25,31.04,46.96,Texas Water Development Board,water_level,12110208
8739308,2025-05-26,31.08,46.92,Texas Water Development Board,water_level,12110208
8739308,2025-05-27,31.11,46.89,Texas Water Development Board,water_level,12110208
8739308,2025-05-28,31.05,46.95,Texas Water Development Board,water_level,12110208
8739308,2025-05-29,30.91,47.09,Texas Water Development Board,water_level,12110208
8739308,2025-05-30,30.86,47.14,Texas Water Development Board,water_level,12110208
8739308,2025-05-31,30.84,47.16,Texas Water Development Board,water_level,12110208
8739308,2025-06-01,30.85,47.15,Texas Water Development Board,water_level,12110208
8739308,2025-06-02,30.9,47.1,Texas Water Development Board,water_level,12110208
8739308,2025-06-03,30.94,47.06,Texas Water Development Board,water_level,12110208
8739308,2025-06-04,30.99,47.01,Texas Water Development Board,water_level,12110208
8739308,2025-06-05,31.03,46.97,Texas Water Development Board,water_level,12110208
8739308,2025-06-06,31.09,46.91,Texas Water Development Board,water_level,12110208
8739308,2025-06-07,31.13,46.87,Texas Water Development Board,water_level,12110208
8739308,2025-06-08,31.17,46.83,Texas Water Development Board,water_level,12110208
8739308,2025-06-09,31.22,46.78,Texas Water Development Board,water_level,12110208
8739308,2025-06-10,31.26,46.74,Texas Water Development Board,water_level,12110208
8739308,2025-06-11,31.29,46.71,Texas Water Development Board,water_level,12110208
8739308,2025-06-12,31.33,46.67,Texas Water Development Board,water_level,12110208
8739308,2025-06-13,31.13,46.87,Texas Water Development Board,water_level,12110208
8739308,2025-06-14,31.02,46.98,Texas Water Development Board,water_level,12110208
8739308,2025-06-15,30.96,47.04,Texas Water Development Board,water_level,12110208
8739308,2025-06-16,30.95,47.05,Texas Water Development Board,water_level,12110208
8739308,2025-06-17,30.96,47.04,Texas Water Development Board,water_level,12110208
8739308,2025-06-18,31,47,Texas Water Development Board,water_level,12110208
8739308,2025-06-19,31.05,46.95,Texas Water Development Board,water_level,12110208
8739308,2025-06-20,31.1,46.9,Texas Water Development Board,water_level,12110208
8739308,2025-06-21,31.14,46.86,Texas Water Development Board,water_level,12110208
8739308,2025-06-22,31.17,46.83,Texas Water Development Board,water_level,12110208
8739308,2025-06-23,31.19,46.81,Texas Water Development Board,water_level,12110208
8739308,2025-06-24,31.2,46.8,Texas Water Development Board,water_level,12110208
8739308,2025-06-25,31.21,46.79,Texas Water Development Board,water_level,12110208
8739308,2025-06-26,31.19,46.81,Texas Water Development Board,water_level,12110208
8739308,2025-06-27,31.05,46.95,Texas Water Development Board,water_level,12110208
8739308,2025-06-28,30.95,47.05,Texas Water Development Board,water_level,12110208
8739308,2025-06-29,30.91,47.09,Texas Water Development Board,water_level,12110208
8739308,2025-06-30,30.9,47.1,Texas Water Development Board,water_level,12110208
8739308,2025-07-01,30.89,47.11,Texas Water Development Board,water_level,12110208
8739308,2025-07-02,30.81,47.19,Texas Water Development Board,water_level,12110208
8739308,2025-07-03,30.73,47.27,Texas Water Development Board,water_level,12110208
8739308,2025-07-04,30.69,47.31,Texas Water Development Board,water_level,12110208
8739308,2025-07-05,30.67,47.33,Texas Water Development Board,water_level,12110208
8739308,2025-07-06,30.66,47.34,Texas Water Development Board,water_level,12110208
8739308,2025-07-07,30.66,47.34,Texas Water Development Board,water_level,12110208
8739308,2025-07-08,30.68,47.32,Texas Water Development Board,water_level,12110208
8739308,2025-07-09,30.67,47.33,Texas Water Development Board,water_level,12110208
8739308,2025-07-10,30.68,47.32,Texas Water Development Board,water_level,12110208
8739308,2025-07-11,30.69,47.31,Texas Water Development Board,water_level,12110208
8739308,2025-07-12,30.71,47.29,Texas Water Development Board,water_level,12110208
8739308,2025-07-13,30.72,47.28,Texas Water Development Board,water_level,12110208
8739308,2025-07-14,30.73,47.27,Texas Water Development Board,water_level,12110208
8739308,2025-07-15,30.74,47.26,Texas Water Development Board,water_level,12110208
8739308,2025-07-16,30.76,47.24,Texas Water Development Board,water_level,12110208
8739308,2025-07-17,30.78,47.22,Texas Water Development Board,water_level,12110208
8739308,2025-07-18,30.8,47.2,Texas Water Development Board,water_level,12110208
8739308,2025-07-19,30.82,47.18,Texas Water Development Board,water_level,12110208
8739308,2025-07-20,30.83,47.17,Texas Water Development Board,water_level,12110208
8739308,2025-07-21,30.84,47.16,Texas Water Development Board,water_level,12110208
8739308,2025-07-22,30.85,47.15,Texas Water Development Board,water_level,12110208
8739308,2025-07-23,30.88,47.12,Texas Water Development Board,water_level,12110208
8739308,2025-07-24,30.89,47.11,Texas Water Development Board,water_level,12110208
8739308,2025-07-25,30.9,47.1,Texas Water Development Board,water_level,12110208
8739308,2025-07-26,30.92,47.08,Texas Water Development Board,water_level,12110208
8739308,2025-07-27,30.96,47.04,Texas Water Development Board,water_level,12110208
8739308,2025-07-28,30.99,47.01,Texas Water Development Board,water_level,12110208
8739308,2025-07-29,31,47,Texas Water Development Board,water_level,12110208
8739308,2025-07-30,31,47,Texas Water Development Board,water_level,12110208
8739308,2025-07-31,31.02,46.98,Texas Water Development Board,water_level,12110208
8739308,2025-08-01,31.05,46.95,Texas Water Development Board,water_level,12110208
8739308,2025-08-02,31.06,46.94,Texas Water Development Board,water_level,12110208
8739308,2025-08-03,31.08,46.92,Texas Water Development Board,water_level,12110208
8739308,2025-08-04,31.1,46.9,Texas Water Development Board,water_level,12110208
8739308,2025-08-05,31.11,46.89,Texas Water Development Board,water_level,12110208
8739308,2025-08-06,31.11,46.89,Texas Water Development Board,water_level,12110208
8739308,2025-08-07,31.1,46.9,Texas Water Development Board,water_level,12110208
8739308,2025-08-08,31.09,46.91,Texas Water Development Board,water_level,12110208
8739308,2025-08-09,31.12,46.88,Texas Water Development Board,water_level,12110208
8739308,2025-08-10,31.14,46.86,Texas Water Development Board,water_level,12110208
8739308,2025-08-11,31.15,46.85,Texas Water Development Board,water_level,12110208
8739308,2025-08-12,31.16,46.84,Texas Water Development Board,water_level,12110208
8739308,2025-08-13,31.19,46.81,Texas Water Development Board,water_level,12110208
8739308,2025-08-14,31.21,46.79,Texas Water Development Board,water_level,12110208
8739308,2025-08-15,31.23,46.77,Texas Water Development Board,water_level,12110208
8739308,2025-08-16,31.23,46.77,Texas Water Development Board,water_level,12110208
8739308,2025-08-17,31.26,46.74,Texas Water Development Board,water_level,12110208
8739308,2025-08-18,31.28,46.72,Texas Water Development Board,water_level,12110208
8739308,2025-08-19,31.29,46.71,Texas Water Development Board,water_level,12110208
8739308,2025-08-20,31.31,46.69,Texas Water Development Board,water_level,12110208
8739308,2025-08-21,31.33,46.67,Texas Water Development Board,water_level,12110208
8739308,2025-08-22,31.34,46.66,Texas Water Development Board,water_level,12110208
8739308,2025-08-23,31.36,46.64,Texas Water Development Board,water_level,12110208
8739308,2025-08-24,31.37,46.63,Texas Water Development Board,water_level,12110208
8739308,2025-08-25,31.39,46.61,Texas Water Development Board,water_level,12110208
8739308,2025-08-26,31.41,46.59,Texas Water Development Board,water_level,12110208
8739308,2025-08-27,31.43,46.57,Texas Water Development Board,water_level,12110208
8739308,2025-08-28,31.44,46.56,Texas Water Development Board,water_level,12110208
8739308,2025-08-29,31.47,46.53,Texas Water Development Board,water_level,12110208
8739308,2025-08-30,31.49,46.51,Texas Water Development Board,water_level,12110208
8739308,2025-08-31,31.51,46.49,Texas Water Development Board,water_level,12110208
8739308,2025-09-01,31.53,46.47,Texas Water Development Board,water_level,12110208
8739308,2025-09-02,31.55,46.45,Texas Water Development Board,water_level,12110208
8739308,2025-09-03,31.57,46.43,Texas Water Development Board,water_level,12110208
8739308,2025-09-04,31.6,46.4,Texas Water Development Board,water_level,12110208
8739308,2025-09-05,31.63,46.37,Texas Water Development Board,water_level,12110208
8739308,2025-09-06,31.64,46.36,Texas Water Development Board,water_level,12110208
8739308,2025-09-07,31.66,46.34,Texas Water Development Board,water_level,12110208
8739308,2025-09-08,31.67,46.33,Texas Water Development Board,water_level,12110208
8739308,2025-09-09,31.69,46.31,Texas Water Development Board,water_level,12110208
8739308,2025-09-10,31.72,46.28,Texas Water Development Board,water_level,12110208
8739308,2025-09-11,31.74,46.26,Texas Water Development Board,water_level,12110208
8739308,2025-09-12,31.76,46.24,Texas Water Development Board,water_level,12110208
8739308,2025-09-13,31.77,46.23,Texas Water Development Board,water_level,12110208
8739308,2025-09-14,31.79,46.21,Texas Water Development Board,water_level,12110208
8739308,2025-09-15,31.81,46.19,Texas Water Development Board,water_level,12110208
8739308,2025-09-16,31.83,46.17,Texas Water Development Board,water_level,12110208
8739308,2025-09-17,31.84,46.16,Texas Water Development Board,water_level,12110208
8739308,2025-09-18,31.85,46.15,Texas Water Development Board,water_level,12110208
8739308,2025-09-19,31.86,46.14,Texas Water Development Board,water_level,12110208
8739308,2025-09-20,31.87,46.13,Texas Water Development Board,water_level,12110208
8739308,2025-09-21,31.88,46.12,Texas Water Development Board,water_level,12110208
8739308,2025-09-22,31.87,46.13,Texas Water Development Board,water_level,12110208
8739308,2025-09-23,31.87,46.13,Texas Water Development Board,water_level,12110208
8739308,2025-09-24,31.85,46.15,Texas Water Development Board,water_level,12110208
8739308,2025-09-25,31.84,46.16,Texas Water Development Board,water_level,12110208
8739308,2025-09-26,31.84,46.16,Texas Water Development Board,water_level,12110208
8739308,2025-09-27,31.84,46.16,Texas Water Development Board,water_level,12110208
8739308,2025-09-28,31.85,46.15,Texas Water Development Board,water_level,12110208
8739308,2025-09-29,31.85,46.15,Texas Water Development Board,water_level,12110208
8739308,2025-09-30,31.85,46.15,Texas Water Development Board,water_level,12110208
8739308,2025-10-01,31.86,46.14,Texas Water Development Board,water_level,12110208
8739308,2025-10-02,31.88,46.12,Texas Water Development Board,water_level,12110208
8739308,2025-10-03,31.88,46.12,Texas Water Development Board,water_level,12110208
8739308,2025-10-04,31.89,46.11,Texas Water Development Board,water_level,12110208
8739308,2025-10-05,31.91,46.09,Texas Water Development Board,water_level,12110208
8739308,2025-10-06,31.92,46.08,Texas Water Development Board,water_level,12110208
8739308,2025-10-07,31.92,46.08,Texas Water Development Board,water_level,12110208
8739308,2025-10-08,31.93,46.07,Texas Water Development Board,water_level,12110208
8739308,2025-10-09,31.95,46.05,Texas Water Development Board,water_level,12110208
8739308,2025-10-10,31.96,46.04,Texas Water Development Board,water_level,12110208
8739308,2025-10-11,31.96,46.04,Texas Water Development Board,water_level,12110208
8739308,2025-10-12,31.98,46.02,Texas Water Development Board,water_level,12110208
8739308,2025-10-13,32,46,Texas Water Development Board,water_level,12110208
8739308,2025-10-14,32,46,Texas Water Development Board,water_level,12110208
8739308,2025-10-15,32.01,45.99,Texas Water Development Board,water_level,12110208
8739308,2025-10-16,32.02,45.98,Texas Water Development Board,water_level,12110208
8739308,2025-10-17,32.05,45.95,Texas Water Development Board,water_level,12110208
8739308,2025-10-18,32.07,45.93,Texas Water Development Board,water_level,12110208
8739308,2025-10-19,32.08,45.92,Texas Water Development Board,water_level,12110208
8739308,2025-10-20,32.08,45.92,Texas Water Development Board,water_level,12110208
8739308,2025-10-21,32.11,45.89,Texas Water Development Board,water_level,12110208
8739308,2025-10-22,32.12,45.88,Texas Water Development Board,water_level,12110208
8739308,2025-10-23,32.14,45.86,Texas Water Development Board,water_level,12110208
8739308,2025-10-24,32.16,45.84,Texas Water Development Board,water_level,12110208
8739308,2025-10-25,32.18,45.82,Texas Water Development Board,water_level,12110208
8739308,2025-10-26,32.2,45.8,Texas Water Development Board,water_level,12110208
8739308,2025-10-27,32.21,45.79,Texas Water Development Board,water_level,12110208
8739308,2025-10-28,32.24,45.76,Texas Water Development Board,water_level,12110208
8739308,2025-10-29,32.08,45.92,Texas Water Development Board,water_level,12110208
8739308,2025-10-30,32.06,45.94,Texas Water Development Board,water_level,12110208
8739308,2025-10-31,32.08,45.92,Texas Water Development Board,water_level,12110208
8739308,2025-11-01,32.08,45.92,Texas Water Development Board,water_level,12110208
8739308,2025-11-02,32.12,45.88,Texas Water Development Board,water_level,12110208
8739308,2025-11-03,32.14,45.86,Texas Water Development Board,water_level,12110208
8739308,2025-11-04,32.14,45.86,Texas Water Development Board,water_level,12110208
8739308,2025-11-05,32.15,45.85,Texas Water Development Board,water_level,12110208
8739308,2025-11-06,32.15,45.85,Texas Water Development Board,water_level,12110208
8739308,2025-11-07,32.17,45.83,Texas Water Development Board,water_level,12110208
8739308,2025-11-08,32.2,45.8,Texas Water Development Board,water_level,12110208
8739308,2025-11-09,32.2,45.8,Texas Water Development Board,water_level,12110208
8739308,2025-11-10,32.25,45.75,Texas Water Development Board,water_level,12110208
8739308,2025-11-11,32.24,45.76,Texas Water Development Board,water_level,12110208
8739308,2025-11-12,32.25,45.75,Texas Water Development Board,water_level,12110208
8739308,2025-11-13,32.27,45.73,Texas Water Development Board,water_level,12110208
8739308,2025-11-14,32.28,45.72,Texas Water Development Board,water_level,12110208
8739308,2025-11-15,32.28,45.72,Texas Water Development Board,water_level,12110208
8739308,2025-11-16,32.3,45.7,Texas Water Development Board,water_level,12110208
8739308,2025-11-17,32.33,45.67,Texas Water Development Board,water_level,12110208
8739308,2025-11-18,32.34,45.66,Texas Water Development Board,water_level,12110208
8739308,2025-11-19,32.35,45.65,Texas Water Development Board,water_level,12110208
8739308,2025-11-20,32.37,45.63,Texas Water Development Board,water_level,12110208
8739308,2025-11-21,32.38,45.62,Texas Water Development Board,water_level,12110208
8739308,2025-11-22,32.4,45.6,Texas Water Development Board,water_level,12110208
8739308,2025-11-23,32.41,45.59,Texas Water Development Board,water_level,12110208
8739308,2025-11-24,32.42,45.58,Texas Water Development Board,water_level,12110208
8739308,2025-11-25,32.45,45.55,Texas Water Development Board,water_level,12110208
8739308,2025-11-26,32.47,45.53,Texas Water Development Board,water_level,12110208
8739308,2025-11-27,32.49,45.51,Texas Water Development Board,water_level,12110208
8739308,2025-11-28,32.49,45.51,Texas Water Development Board,water_level,12110208
8739308,2025-11-29,32.48,45.52,Texas Water Development Board,water_level,12110208
8739308,2025-11-30,32.51,45.49,Texas Water Development Board,water_level,12110208
8739308,2025-12-01,32.51,45.49,Texas Water Development Board,water_level,12110208
8739308,2025-12-02,32.52,45.48,Texas Water Development Board,water_level,12110208
8739308,2025-12-03,32.52,45.48,Texas Water Development Board,water_level,12110208
8739308,2025-12-04,32.53,45.47,Texas Water Development Board,water_level,12110208
8739308,2025-12-05,32.54,45.46,Texas Water Development Board,water_level,12110208
8739308,2025-12-06,32.55,45.45,Texas Water Development Board,water_level,12110208
8739308,2025-12-07,32.57,45.43,Texas Water Development Board,water_level,12110208
8739308,2025-12-08,32.6,45.4,Texas Water Development Board,water_level,12110208
8739308,2025-12-09,32.59,45.41,Texas Water Development Board,water_level,12110208
8739308,2025-12-10,32.6,45.4,Texas Water Development Board,water_level,12110208
8739308,2025-12-11,32.61,45.39,Texas Water Development Board,water_level,12110208
8739308,2025-12-12,32.62,45.38,Texas Water Development Board,water_level,12110208
8739308,2025-12-13,32.64,45.36,Texas Water Development Board,water_level,12110208
8739308,2025-12-14,32.66,45.34,Texas Water Development Board,water_level,12110208
8739308,2025-12-15,32.67,45.33,Texas Water Development Board,water_level,12110208
8739308,2025-12-16,32.64,45.36,Texas Water Development Board,water_level,12110208
8739308,2025-12-17,32.64,45.36,Texas Water Development Board,water_level,12110208
8739308,2025-12-18,32.64,45.36,Texas Water Development Board,water_level,12110208
8739308,2025-12-19,32.67,45.33,Texas Water Development Board,water_level,12110208
8739308,2025-12-20,32.65,45.35,Texas Water Development Board,water_level,12110208
8739308,2025-12-21,32.67,45.33,Texas Water Development Board,water_level,12110208
8739308,2025-12-22,32.68,45.32,Texas Water Development Board,water_level,12110208
8739308,2025-12-23,32.69,45.31,Texas Water Development Board,water_level,12110208
8739308,2025-12-24,32.69,45.31,Texas Water Development Board,water_level,12110208
8739308,2025-12-25,32.67,45.33,Texas Water Development Board,water_level,12110208
8739308,2025-12-26,32.67,45.33,Texas Water Development Board,water_level,12110208
8739308,2025-12-27,32.66,45.34,Texas Water Development Board,water_level,12110208
8739308,2025-12-28,32.67,45.33,Texas Water Development Board,water_level,12110208
8739308,2025-12-29,32.7,45.3,Texas Water Development Board,water_level,12110208
8739308,2025-12-30,32.71,45.29,Texas Water Development Board,water_level,12110208
8739308,2025-12-31,32.69,45.31,Texas Water Development Board,water_level,12110208
8739308,2026-01-01,32.67,45.33,Texas Water Development Board,water_level,12110208
8739308,2026-01-02,32.66,45.34,Texas Water Development Board,water_level,12110208
8739308,2026-01-03,32.68,45.32,Texas Water Development Board,water_level,12110208
8739308,2026-01-04,32.71,45.29,Texas Water Development Board,water_level,12110208
8739308,2026-01-05,32.71,45.29,Texas Water Development Board,water_level,12110208
8739308,2026-01-06,32.73,45.27,Texas Water Development Board,water_level,12110208
8739308,2026-01-07,32.73,45.27,Texas Water Development Board,water_level,12110208
8739308,2026-01-08,32.74,45.26,Texas Water Development Board,water_level,12110208
8739308,2026-01-09,32.75,45.25,Texas Water Development Board,water_level,12110208
8739308,2026-01-10,32.76,45.24,Texas Water Development Board,water_level,12110208
8739308,2026-01-11,32.79,45.21,Texas Water Development Board,water_level,12110208
8739308,2026-01-12,32.78,45.22,Texas Water Development Board,water_level,12110208
8739308,2026-01-13,32.78,45.22,Texas Water Development Board,water_level,12110208
8739308,2026-01-14,32.78,45.22,Texas Water Development Board,water_level,12110208
8739308,2026-01-15,32.79,45.21,Texas Water Development Board,water_level,12110208
8739308,2026-01-16,32.78,45.22,Texas Water Development Board,water_level,12110208
8739308,2026-01-17,32.81,45.19,Texas Water Development Board,water_level,12110208
8739308,2026-01-18,32.82,45.18,Texas Water Development Board,water_level,12110208
8739308,2026-01-19,32.82,45.18,Texas Water Development Board,water_level,12110208
8739308,2026-01-20,32.83,45.17,Texas Water Development Board,water_level,12110208
8739308,2026-01-21,32.83,45.17,Texas Water Development Board,water_level,12110208
8739308,2026-01-22,32.82,45.18,Texas Water Development Board,water_level,12110208
8739308,2026-01-23,32.83,45.17,Texas Water Development Board,water_level,12110208
8739308,2026-01-24,32.84,45.16,Texas Water Development Board,water_level,12110208
8739308,2026-01-25,32.85,45.15,Texas Water Development Board,water_level,12110208
8739308,2026-01-26,32.88,45.12,Texas Water Development Board,water_level,12110208
8739308,2026-01-27,32.85,45.15,Texas Water Development Board,water_level,12110208
8739308,2026-01-28,32.86,45.14,Texas Water Development Board,water_level,12110208
8739308,2026-01-28,32.85,45.15,Texas Water Development Board,water_level,12110208
8739308,2026-01-29,32.83,45.17,Texas Water Development Board,water_level,12110208
8739308,2026-01-30,32.85,45.15,Texas Water Development Board,water_level,12110208
8739308,2026-01-31,32.88,45.12,Texas Water Development Board,water_level,12110208
8739308,2026-02-01,32.88,45.12,Texas Water Development Board,water_level,12110208
8739308,2026-02-02,32.87,45.13,Texas Water Development Board,water_level,12110208
8739308,2026-02-03,32.87,45.13,Texas Water Development Board,water_level,12110208
8739308,2026-02-04,32.89,45.11,Texas Water Development Board,water_level,12110208
8739308,2026-02-05,32.9,45.1,Texas Water Development Board,water_level,12110208
8739308,2026-02-06,32.9,45.1,Texas Water Development Board,water_level,12110208
8739308,2026-02-07,32.91,45.09,Texas Water Development Board,water_level,12110208
8739308,2026-02-08,32.91,45.09,Texas Water Development Board,water_level,12110208
8739308,2026-02-09,32.91,45.09,Texas Water Development Board,water_level,12110208
8739308,2026-02-10,32.92,45.08,Texas Water Development Board,water_level,12110208
8739308,2026-02-11,32.93,45.07,Texas Water Development Board,water_level,12110208
8739308,2026-02-12,32.92,45.08,Texas Water Development Board,water_level,12110208
8739308,2026-02-13,32.93,45.07,Texas Water Development Board,water_level,12110208
8739308,2026-02-14,32.93,45.07,Texas Water Development Board,water_level,12110208
8739308,2026-02-15,32.94,45.06,Texas Water Development Board,water_level,12110208
8739308,2026-02-16,32.94,45.06,Texas Water Development Board,water_level,12110208
8739308,2026-02-17,32.95,45.05,Texas Water Development Board,water_level,12110208
8739308,2026-02-18,32.95,45.05,Texas Water Development Board,water_level,12110208
8739308,2026-02-19,32.97,45.03,Texas Water Development Board,water_level,12110208
8739308,2026-02-20,32.98,45.02,Texas Water Development Board,water_level,12110208
8739308,2026-02-21,32.98,45.02,Texas Water Development Board,water_level,12110208
8739308,2026-02-22,33.01,44.99,Texas Water Development Board,water_level,12110208
8739308,2026-02-23,33.01,44.99,Texas Water Development Board,water_level,12110208
8739308,2026-02-24,32.98,45.02,Texas Water Development Board,water_level,12110208
8739308,2026-02-25,32.98,45.02,Texas Water Development Board,water_level,12110208
8739308,2026-02-26,33,45,Texas Water Development Board,water_level,12110208
8739308,2026-02-27,33.02,44.98,Texas Water Development Board,water_level,12110208
8739308,2026-02-28,33.02,44.98,Texas Water Development Board,water_level,12110208
8739308,2026-03-01,33.04,44.96,Texas Water Development Board,water_level,12110208
8739308,2026-03-02,33.05,44.95,Texas Water Development Board,water_level,12110208
8739308,2026-03-03,33.05,44.95,Texas Water Development Board,water_level,12110208
8739308,2026-03-04,33.06,44.94,Texas Water Development Board,water_level,12110208
8739308,2026-03-05,33.07,44.93,Texas Water Development Board,water_level,12110208
8739308,2026-03-06,33.07,44.93,Texas Water Development Board,water_level,12110208
8739308,2026-03-07,33.08,44.92,Texas Water Development Board,water_level,12110208
8739308,2026-03-08,33.09,44.91,Texas Water Development Board,water_level,12110208
8739308,2026-03-09,33.09,44.91,Texas Water Development Board,water_level,12110208
8739308,2026-03-10,33.11,44.89,Texas Water Development Board,water_level,12110208
8739308,2026-03-11,33.12,44.88,Texas Water Development Board,water_level,12110208
8739308,2026-03-12,33.14,44.86,Texas Water Development Board,water_level,12110208
8739308,2026-03-13,33.15,44.85,Texas Water Development Board,water_level,12110208
8739308,2026-03-14,33.15,44.85,Texas Water Development Board,water_level,12110208
8739308,2026-03-15,33.17,44.83,Texas Water Development Board,water_level,12110208
8739308,2026-03-16,33.18,44.82,Texas Water Development Board,water_level,12110208
8739308,2026-03-17,33.19,44.81,Texas Water Development Board,water_level,12110208
8739308,2026-03-18,33.19,44.81,Texas Water Development Board,water_level,12110208
8739308,2026-03-19,33.21,44.79,Texas Water Development Board,water_level,12110208
8739308,2026-03-20,33.22,44.78,Texas Water Development Board,water_level,12110208
8739308,2026-03-21,33.23,44.77,Texas Water Development Board,water_level,12110208
8739308,2026-03-22,33.24,44.76,Texas Water Development Board,water_level,12110208
8739308,2026-03-23,33.24,44.76,Texas Water Development Board,water_level,12110208
8739308,2026-03-24,33.26,44.74,Texas Water Development Board,water_level,12110208
8739308,2026-03-25,33.27,44.73,Texas Water Development Board,water_level,12110208
8739308,2026-03-26,33.27,44.73,Texas Water Development Board,water_level,12110208
8739308,2026-03-27,33.28,44.72,Texas Water Development Board,water_level,12110208
8739308,2026-03-28,33.29,44.71,Texas Water Development Board,water_level,12110208
8739308,2026-03-29,33.29,44.71,Texas Water Development Board,water_level,12110208
8739308,2026-03-30,33.3,44.7,Texas Water Development Board,water_level,12110208
8739308,2026-03-31,33.3,44.7,Texas Water Development Board,water_level,12110208
8739308,2026-04-01,33.31,44.69,Texas Water Development Board,water_level,12110208
8739308,2026-04-02,33.33,44.67,Texas Water Development Board,water_level,12110208
8739308,2026-04-03,33.33,44.67,Texas Water Development Board,water_level,12110208
8739308,2026-04-04,33.34,44.66,Texas Water Development Board,water_level,12110208
8739308,2026-04-05,33.35,44.65,Texas Water Development Board,water_level,12110208
8739308,2026-04-06,33.35,44.65,Texas Water Development Board,water_level,12110208
8739308,2026-04-07,33.34,44.66,Texas Water Development Board,water_level,12110208
8739308,2026-04-08,33.35,44.65,Texas Water Development Board,water_level,12110208
8739308,2026-04-09,33.35,44.65,Texas Water Development Board,water_level,12110208
8739308,2026-04-10,33.34,44.66,Texas Water Development Board,water_level,12110208
8739308,2026-04-11,33.33,44.67,Texas Water Development Board,water_level,12110208
8739308,2026-04-12,33.32,44.68,Texas Water Development Board,water_level,12110208
8739308,2026-04-13,33.32,44.68,Texas Water Development Board,water_level,12110208
8739308,2026-04-14,33.31,44.69,Texas Water Development Board,water_level,12110208
8739308,2026-04-15,33.3,44.7,Texas Water Development Board,water_level,12110208
8739308,2026-04-16,33.31,44.69,Texas Water Development Board,water_level,12110208
8739308,2026-04-17,33.31,44.69,Texas Water Development Board,water_level,12110208
8739308,2026-04-18,33.31,44.69,Texas Water Development Board,water_level,12110208
8739308,2026-04-19,33.34,44.66,Texas Water Development Board,water_level,12110208
8739308,2026-04-20,33.33,44.67,Texas Water Development Board,water_level,12110208
8739308,2026-04-21,33.32,44.68,Texas Water Development Board,water_level,12110208
8739308,2026-04-22,33.32,44.68,Texas Water Development Board,water_level,12110208
8739308,2026-04-23,33.32,44.68,Texas Water Development Board,water_level,12110208
8739308,2026-04-24,33.33,44.67,Texas Water Development Board,water_level,12110208
8739308,2026-04-25,33.35,44.65,Texas Water Development Board,water_level,12110208
8739308,2026-04-26,33.36,44.64,Texas Water Development Board,water_level,12110208
8739308,2026-04-27,33.37,44.63,Texas Water Development Board,water_level,12110208
8739308,2026-04-28,33.38,44.62,Texas Water Development Board,water_level,12110208
8739308,2026-04-29,33.39,44.61,Texas Water Development Board,water_level,12110208
8739308,2026-04-30,33.4,44.6,Texas Water Development Board,water_level,12110208
8739308,2026-05-01,33.4,44.6,Texas Water Development Board,water_level,12110208
8739308,2026-05-02,33.42,44.58,Texas Water Development Board,water_level,12110208
8739308,2026-05-03,33.43,44.57,Texas Water Development Board,water_level,12110208
8739308,2026-05-04,33.44,44.56,Texas Water Development Board,water_level,12110208
8739308,2026-05-05,33.44,44.56,Texas Water Development Board,water_level,12110208
8739308,2026-05-06,33.45,44.55,Texas Water Development Board,water_level,12110208
8739308,2026-05-07,33.46,44.54,Texas Water Development Board,water_level,12110208
8739308,2026-05-08,33.47,44.53,Texas Water Development Board,water_level,12110208
8739308,2026-05-09,33.47,44.53,Texas Water Development Board,water_level,12110208
8739308,2026-05-10,33.49,44.51,Texas Water Development Board,water_level,12110208
8739308,2026-05-11,33.5,44.5,Texas Water Development Board,water_level,12110208
8739308,2026-05-12,33.51,44.49,Texas Water Development Board,water_level,12110208
8739308,2026-05-13,33.52,44.48,Texas Water Development Board,water_level,12110208
8739308,2026-05-14,33.52,44.48,Texas Water Development Board,water_level,12110208
8739308,2026-05-15,33.53,44.47,Texas Water Development Board,water_level,12110208
8739308,2026-05-16,33.54,44.46,Texas Water Development Board,water_level,12110208
8739308,2026-05-17,33.54,44.46,Texas Water Development Board,water_level,12110208
8739308,2026-05-18,33.55,44.45,Texas Water Development Board,water_level,12110208
8739308,2026-05-19,33.56,44.44,Texas Water Development Board,water_level,12110208
8739308,2026-05-20,33.58,44.42,Texas Water Development Board,water_level,12110208
8739308,2026-05-21,33.57,44.43,Texas Water Development Board,water_level,12110208
8739308,2026-05-22,33.55,44.45,Texas Water Development Board,water_level,12110208
8739308,2026-05-23,33.54,44.46,Texas Water Development Board,water_level,12110208
8739308,2026-05-24,33.53,44.47,Texas Water Development Board,water_level,12110208
8739308,2026-05-25,33.52,44.48,Texas Water Development Board,water_level,12110208
8739308,2026-05-26,33.51,44.49,Texas Water Development Board,water_level,12110208
8739308,2026-05-27,33.49,44.51,Texas Water Development Board,water_level,12110208
8739308,2026-05-28,33.43,44.57,Texas Water Development Board,water_level,12110208
8739308,2026-05-29,33.38,44.62,Texas Water Development Board,water_level,12110208
8739308,2026-05-30,33.37,44.63,Texas Water Development Board,water_level,12110208
8739308,2026-05-31,33.37,44.63,Texas Water Development Board,water_level,12110208
8739308,2026-06-01,33.37,44.63,Texas Water Development Board,water_level,12110208
8739308,2026-06-02,33.38,44.62,Texas Water Development Board,water_level,12110208
8739308,2026-06-03,33.38,44.62,Texas Water Development Board,water_level,12110208
8739308,2026-06-04,33.38,44.62,Texas Water Development Board,water_level,12110208
8739308,2026-06-05,33.38,44.62,Texas Water Development Board,water_level,12110208
8739308,2026-06-06,33.39,44.61,Texas Water Development Board,water_level,12110208
8739308,2026-06-07,33.4,44.6,Texas Water Development Board,water_level,12110208
8739308,2026-06-08,33.4,44.6,Texas Water Development Board,water_level,12110208
8739308,2026-06-09,33.41,44.59,Texas Water Development Board,water_level,12110208
8739308,2026-06-10,33.42,44.58,Texas Water Development Board,water_level,12110208
8739308,2026-06-11,33.45,44.55,Texas Water Development Board,water_level,12110208
8739308,2026-06-12,33.46,44.54,Texas Water Development Board,water_level,12110208
8739308,2026-06-13,33.47,44.53,Texas Water Development Board,water_level,12110208
8739308,2026-06-14,33.49,44.51,Texas Water Development Board,water_level,12110208
8739308,2026-06-15,33.49,44.51,Texas Water Development Board,water_level,12110208
8739308,2026-06-16,33.47,44.53,Texas Water Development Board,water_level,12110208
8739308,2026-06-17,33.44,44.56,Texas Water Development Board,water_level,12110208
8739308,2026-06-18,33.41,44.59,Texas Water Development Board,water_level,12110208
8739308,2026-06-19,33.4,44.6,Texas Water Development Board,water_level,12110208
8739308,2026-06-20,33.39,44.61,Texas Water Development Board,water_level,12110208
8739308,2026-06-21,33.38,44.62,Texas Water Development Board,water_level,12110208
8739308,2026-06-22,33.37,44.63,Texas Water Development Board,water_level,12110208
8739308,2026-06-23,33.39,44.61,Texas Water Development Board,water_level,12110208
8739308,2026-06-24,33.38,44.62,Texas Water Development Board,water_level,12110208
8739308,2026-06-25,33.39,44.61,Texas Water Development Board,water_level,12110208
8739308,2026-06-26,33.4,44.6,Texas Water Development Board,water_level,12110208
8739308,2026-06-27,33.41,44.59,Texas Water Development Board,water_level,12110208
8739308,2026-06-28,33.44,44.56,Texas Water Development Board,water_level,12110208
8739308,2026-06-29,33.46,44.54,Texas Water Development Board,water_level,12110208
8739308,2026-06-30,33.49,44.51,Texas Water Development Board,water_level,12110208
8739308,,43,35,U.S. Geological Survey,water_level,12110208
8739309,,50,37,U.S. Geological Survey,water_level,12110208
8739310,,40,34,U.S. Geological Survey,water_level,12110208
8739311,,43,33,U.S. Geological Survey,water_level,12110208
8739313,,56,29,U.S. Geological Survey,water_level,12110208
8739402,,68,58,U.S. Geological Survey,water_level,12110208
8739501,,35,81,U.S. Geological Survey,water_level,12110208
8739502,,54,22,U.S. Geological Survey,water_level,12110208
8739601,1981-06-18,,,Texas Water Development Board,water_level,12110208
8739902,,56,28,U.S. Geological Survey,water_level,12110208
8740101,,20,62,U.S. Geological Survey,water_level,12110208
8740202,2009-09-17,24,46,Texas Water Development Board,water_level,12110208
8740203,2009-09-17,25.6,44.4,Texas Water Development Board,water_level,12110208
8740405,2009-08-27,10.75,74.25,Texas Water Development Board,water_level,12110208
8740407,2011-02-23,43,38,Registered Water Well Driller,water_level,12110208
8740407,2013-09-11,26.8,54.2,Texas Water Development Board,water_level,12110208
8740407,2014-01-30,25.97,55.03,Texas Water Development Board,water_level,12110208
8740407,2015-01-21,,,Texas Water Development Board,water_level,12110208
8740407,2016-01-26,22.8,58.2,Texas Water Development Board,water_level,12110208
8740407,2017-02-08,24.98,56.02,Texas Water Development Board,water_level,12110208
8740407,2018-01-17,25.78,55.22,Texas Water Development Board,water_level,12110208
8740407,2019-01-22,25.29,55.71,Texas Water Development Board,water_level,12110208
8740407,2020-01-30,24.61,56.39,Texas Water Development Board,water_level,12110208
8740407,2021-02-04,29.77,51.23,Texas Water Development Board,water_level,12110208
8740407,2022-01-26,24.48,56.52,Texas Water Development Board,water_level,12110208
8740407,2023-01-24,26.04,54.96,Texas Water Development Board,water_level,12110208
8740407,2024-01-31,27.65,53.35,Texas Water Development Board,water_level,12110208
8740407,2025-01-29,28.4,52.6,Texas Water Development Board,water_level,12110208
8740407,2026-01-28,31.59,49.41,Texas Water Development Board,water_level,12110208
8740503,2009-08-27,11.2,70.8,Texas Water Development Board,water_level,12110208
8740601,,10,46,U.S. Geological Survey,water_level,12110208
8740602,,20,47,U.S. Geological Survey,water_level,12110208
8740702,,50,39,U.S. Geological Survey,water_level,12110208
8740801,,54,26,U.S. Geological Survey,water_level,12110208
8740802,,47,27,U.S. Geological Survey,water_level,12110208
8740901,1953-05-05,81.1,-21.1,U.S. Geological Survey,water_level,12110208
8741302,1957-09-09,22.89,137.11,U.S. Geological Survey,water_level,13090001
8741303,1956-11-14,6.47,153.53,U.S. Geological Survey,water_level,13090001
8741304,1957-09-09,22.86,133.14,U.S. Geological Survey,water_level,13090001
8741305,1945-08-29,24.15,143.85,U.S. Geological Survey,water_level,13090001
8741307,1961-07-18,30,145,U.S. Geological Survey,water_level,13090001
8742101,1945-08-28,25.51,144.49,U.S. Geological Survey,water_level,13090001
8742102,1957-09-10,26,126,U.S. Geological Survey,water_level,13090001
8742103,1963-08-13,26.24,118.76,Texas Water Development Board,water_level,13090001
8742103,1964-08-24,26.4,118.6,Texas Water Development Board,water_level,13090001
8742103,1965-08-10,25.42,119.58,Texas Water Development Board,water_level,13090001
8742103,1966-07-27,26.46,118.54,Texas Water Development Board,water_level,13090001
8742103,1967-07-25,25.2,119.8,Texas Water Development Board,water_level,13090001
8742103,1967-10-17,7.9,137.1,Texas Water Development Board,water_level,13090001
8742103,1967-11-16,9.26,135.74,Texas Water Development Board,water_level,13090001
8742103,1968-08-27,13.12,131.88,Texas Water Development Board,water_level,13090001
8742103,1969-08-18,,,Texas Water Development Board,water_level,13090001
8742103,1970-08-17,,,Texas Water Development Board,water_level,13090001
8742103,1971-08-13,24.3,120.7,Texas Water Development Board,water_level,13090001
8742103,1972-08-09,22.28,122.72,Texas Water Development Board,water_level,13090001
8742103,1973-08-24,22.8,122.2,Texas Water Development Board,water_level,13090001
8742103,1974-08-21,23.23,121.77,Texas Water Development Board,water_level,13090001
8742103,1975-08-18,,,Texas Water Development Board,water_level,13090001
8742103,1976-08-18,21.84,123.16,Texas Water Development Board,water_level,13090001
8742103,1977-08-04,22.05,122.95,Texas Water Development Board,water_level,13090001
8742103,1978-08-22,25.4,119.6,Texas Water Development Board,water_level,13090001
8742103,1979-08-22,22.16,122.84,Texas Water Development Board,water_level,13090001
8742103,1980-09-20,22.85,122.15,Texas Water Development Board,water_level,13090001
8742103,1980-12-10,24.61,120.39,Texas Water Development Board,water_level,13090001
8742103,1982-02-09,,,Texas Water Development Board,water_level,13090001
8742103,1983-02-16,,,Texas Water Development Board,water_level,13090001
8742103,1984-02-15,,,Texas Water Development Board,water_level,13090001
8742103,1985-02-20,24.71,120.29,Texas Water Development Board,water_level,13090001
8742103,1985-12-03,24.62,120.38,Texas Water Development Board,water_level,13090001
8742103,1987-01-13,,,Texas Water Development Board,water_level,13090001
8742103,1988-01-07,,,Texas Water Development Board,water_level,13090001
8742103,1989-01-17,22,123,Texas Water Development Board,water_level,13090001
8742103,1990-01-12,21.5,123.5,Texas Water Development Board,water_level,13090001
8742103,1990-12-12,25.2,119.8,Texas Water Development Board,water_level,13090001
8742103,1991-12-09,26.1,118.9,Texas Water Development Board,water_level,13090001
8742103,1993-01-05,25.5,119.5,Texas Water Development Board,water_level,13090001
8742103,1993-10-08,23.9,121.1,Texas Water Development Board,water_level,13090001
8742103,1994-11-09,24.1,120.9,Texas Water Development Board,water_level,13090001
8742103,1996-02-21,26.7,118.3,Texas Water Development Board,water_level,13090001
8742103,1997-02-11,27.75,117.25,Texas Water Development Board,water_level,13090001
8742103,1998-02-26,26.6,118.4,Texas Water Development Board,water_level,13090001
8742103,1999-02-23,,,Texas Water Development Board,water_level,13090001
8742103,2000-02-22,,,Texas Water Development Board,water_level,13090001
8742103,2001-02-21,17.54,127.46,Texas Water Development Board,water_level,13090001
8742103,2002-02-13,28.57,116.43,Texas Water Development Board,water_level,13090001
8742103,2003-02-13,28.8,116.2,Texas Water Development Board,water_level,13090001
8742103,2004-01-21,27.25,117.75,Texas Water Development Board,water_level,13090001
8742103,2005-02-17,27.25,117.75,Texas Water Development Board,water_level,13090001
8742103,2006-03-01,,,Texas Water Development Board,water_level,13090001
8742103,2007-02-07,,,Texas Water Development Board,water_level,13090001
8742103,2008-02-05,26.46,118.54,Texas Water Development Board,water_level,13090001
8742103,2009-03-10,26.64,118.36,Texas Water Development Board,water_level,13090001
8742103,2010-02-25,,,Texas Water Development Board,water_level,13090001
8742103,2011-02-10,,,Texas Water Development Board,water_level,13090001
8742103,2012-01-12,,,Texas Water Development Board,water_level,13090001
8742103,2013-01-14,26.13,118.87,Texas Water Development Board,water_level,13090001
8742103,2014-01-29,,,Texas Water Development Board,water_level,13090001
8742103,2015-03-12,,,Texas Water Development Board,water_level,13090001
8742103,2016-01-27,,,Texas Water Development Board,water_level,13090001
8742103,2017-02-09,27.2,117.8,Texas Water Development Board,water_level,13090001
8742103,2018-01-18,27.6,117.4,Texas Water Development Board,water_level,13090001
8742103,2019-03-19,,,Texas Water Development Board,water_level,13090001
8742103,2020-01-28,,,Texas Water Development Board,water_level,13090001
8742103,2021-01-28,,,Texas Water Development Board,water_level,13090001
8742103,2022-01-14,29.3,115.7,Texas Water Development Board,water_level,13090001
8742103,2023-01-25,28.49,116.51,Texas Water Development Board,water_level,13090001
8742103,2024-01-30,28.77,116.23,Texas Water Development Board,water_level,13090001
8742103,2025-01-29,28.88,116.12,Texas Water Development Board,water_level,13090001
8742103,2026-01-27,29.57,115.43,Texas Water Development Board,water_level,13090001
8742201,1945-08-28,14.15,135.85,U.S. Geological Survey,water_level,13090001
8742202,1957-01-29,24,126,U.S. Geological Survey,water_level,13090001
8742203,1956-10-22,15,135,U.S. Geological Survey,water_level,13090001
8742205,1957-09-10,18.11,121.89,U.S. Geological Survey,water_level,13090001
8742206,1957-09-10,13.61,126.39,U.S. Geological Survey,water_level,13090001
8742207,1957-09-10,11.87,128.13,U.S. Geological Survey,water_level,13090001
8742302,1945-08-27,37.3,122.7,U.S. Geological Survey,water_level,13090001
8742303,1945-08-27,30.09,124.91,U.S. Geological Survey,water_level,13090001
8742303,1953-11-20,32.34,122.66,Other or Source of Measurement Unknown,water_level,13090001
8742303,1954-06-21,32.05,122.95,Other or Source of Measurement Unknown,water_level,13090001
8742303,1955-04-14,30.32,124.68,Other or Source of Measurement Unknown,water_level,13090001
8742303,1956-01-11,29.76,125.24,Other or Source of Measurement Unknown,water_level,13090001
8742303,1957-01-09,25.75,129.25,Other or Source of Measurement Unknown,water_level,13090001
8742303,1958-02-05,22.39,132.61,Other or Source of Measurement Unknown,water_level,13090001
8742303,1959-07-20,17.78,137.22,Other or Source of Measurement Unknown,water_level,13090001
8742303,1962-06-21,17.1,137.9,Texas Water Development Board,water_level,13090001
8742303,1963-08-13,,,Texas Water Development Board,water_level,13090001
8742305,1945-08-27,39.57,117.43,U.S. Geological Survey,water_level,13090001
8742306,1957-09-09,28.68,126.32,U.S. Geological Survey,water_level,13090001
8742308,1957-09-10,22.68,127.32,U.S. Geological Survey,water_level,13090001
8743101,1945-08-15,16,144,Other or Source of Measurement Unknown,water_level,13090001
8743301,1950-09-28,28.5,247.5,Other or Source of Measurement Unknown,water_level,13090001
8743301,1956-01-12,43.57,232.43,Other or Source of Measurement Unknown,water_level,13090001
8743301,1957-01-10,45.32,230.68,Other or Source of Measurement Unknown,water_level,13090001
8743301,1962-06-21,,,Texas Water Development Board,water_level,13090001
8743302,1950-08-29,46.2,223.8,U.S. Geological Survey,water_level,13090001
8743303,1950-08-29,48,224,Other or Source of Measurement Unknown,water_level,13090001
8743304,1950-08-29,45,218,Other or Source of Measurement Unknown,water_level,13090001
8743306,1950-08-29,33.66,218.34,U.S. Geological Survey,water_level,13090001
8743307,1950-08-29,35,212,Other or Source of Measurement Unknown,water_level,13090001
8743308,1950-08-29,25.89,205.11,U.S. Geological Survey,water_level,13090001
8743309,1950-08-29,32.6,225.4,U.S. Geological Survey,water_level,13090001
8743401,1957-09-10,27.79,122.21,U.S. Geological Survey,water_level,13090001
8743402,1945-08-27,26.3,127.7,U.S. Geological Survey,water_level,13090001
8743404,1998-07-23,,,Texas Water Development Board,water_level,13090001
8743405,1998-07-23,33.56,113.44,Texas Water Development Board,water_level,13090001
8743406,1957-09-10,23.67,123.33,U.S. Geological Survey,water_level,13090001
8743409,1954-02-11,22.62,122.38,Other or Source of Measurement Unknown,water_level,13090001
8743409,1954-06-21,22.3,122.7,Other or Source of Measurement Unknown,water_level,13090001
8743409,1955-04-14,21.39,123.61,Other or Source of Measurement Unknown,water_level,13090001
8743409,1956-01-12,22.67,122.33,Other or Source of Measurement Unknown,water_level,13090001
8743409,1958-02-05,23.17,121.83,Other or Source of Measurement Unknown,water_level,13090001
8743409,1959-07-20,21.95,123.05,Other or Source of Measurement Unknown,water_level,13090001
8743409,1962-06-21,,,Texas Water Development Board,water_level,13090001
8743501,1961-07-19,18.86,191.14,U.S. Geological Survey,water_level,13090001
8743503,1945-08-16,13.6,120.4,U.S. Geological Survey,water_level,13090001
8743504,1950-12-15,17,143,Other or Source of Measurement Unknown,water_level,13090001
8743504,1953-11-17,19.6,140.4,Other or Source of Measurement Unknown,water_level,13090001
8743504,1954-06-22,19.77,140.23,Other or Source of Measurement Unknown,water_level,13090001
8743504,1955-04-14,16.11,143.89,Other or Source of Measurement Unknown,water_level,13090001
8743504,1956-01-11,14.39,145.61,Other or Source of Measurement Unknown,water_level,13090001
8743504,1957-01-09,13.24,146.76,Other or Source of Measurement Unknown,water_level,13090001
8743504,1958-02-05,10.72,149.28,Other or Source of Measurement Unknown,water_level,13090001
8743504,1959-07-20,14.09,145.91,Other or Source of Measurement Unknown,water_level,13090001
8743504,1962-06-21,12.01,147.99,Texas Water Development Board,water_level,13090001
8743504,1963-08-13,,,Texas Water Development Board,water_level,13090001
8743505,1945-08-16,41.5,108.5,U.S. Geological Survey,water_level,13090001
8743506,1957-09-10,24.1,115.9,Other or Source of Measurement Unknown,water_level,13090001
8743506,1963-08-13,22.67,117.33,Texas Water Development Board,water_level,13090001
8743506,1964-08-24,,,Texas Water Development Board,water_level,13090001
8743506,1978-08-29,,,Texas Water Development Board,water_level,13090001
8743601,1950-08-29,41.19,182.81,U.S. Geological Survey,water_level,13090001
8743602,1945-08-28,95.6,104.4,Other or Source of Measurement Unknown,water_level,13090001
8743602,1953-11-17,94.73,105.27,Other or Source of Measurement Unknown,water_level,13090001
8743602,1954-06-21,96.7,103.3,Other or Source of Measurement Unknown,water_level,13090001
8743602,1955-04-14,97.95,102.05,Other or Source of Measurement Unknown,water_level,13090001
8743602,1956-01-12,94.36,105.64,Other or Source of Measurement Unknown,water_level,13090001
8743602,1957-01-10,96.97,103.03,Other or Source of Measurement Unknown,water_level,13090001
8743602,1958-02-05,94.8,105.2,Other or Source of Measurement Unknown,water_level,13090001
8743602,1959-07-20,94.45,105.55,Other or Source of Measurement Unknown,water_level,13090001
8743602,1962-06-21,95.03,104.97,Texas Water Development Board,water_level,13090001
8743602,1963-08-13,,,Texas Water Development Board,water_level,13090001
8743603,,18,137,Other or Source of Measurement Unknown,water_level,13090001
8743604,1983-04-21,95,68,Registered Water Well Driller,water_level,13090001
8743606,1950-08-29,44.14,200.86,U.S. Geological Survey,water_level,13090001
8743701,1957-09-10,22.29,112.71,Other or Source of Measurement Unknown,water_level,13090001
8743802,1957-03-08,18.9,116.1,U.S. Geological Survey,water_level,13090001
8743805,1959-09-10,20.6,119.4,U.S. Geological Survey,water_level,13090001
8743806,1957-09-10,32.71,108.29,U.S. Geological Survey,water_level,13090001
8743807,1957-09-10,7.08,117.92,U.S. Geological Survey,water_level,13090001
8743808,1957-09-10,25.47,119.53,U.S. Geological Survey,water_level,13090001
8743809,1957-09-10,22.42,113.58,U.S. Geological Survey,water_level,13090001
8743811,1957-09-10,36.8,88.2,U.S. Geological Survey,water_level,13090001
8743813,1975-09-09,21.85,118.15,Texas Water Development Board,water_level,13090001
8743813,1976-08-18,,,Texas Water Development Board,water_level,13090001
8743813,1977-08-04,24.75,115.25,Texas Water Development Board,water_level,13090001
8743813,1978-08-22,58.15,81.85,Texas Water Development Board,water_level,13090001
8743813,1979-08-22,21.05,118.95,Texas Water Development Board,water_level,13090001
8743813,1980-09-20,22.12,117.88,Texas Water Development Board,water_level,13090001
8743813,1980-12-10,27.35,112.65,Texas Water Development Board,water_level,13090001
8743813,1982-02-09,20.33,119.67,Texas Water Development Board,water_level,13090001
8743813,1983-02-16,22.14,117.86,Texas Water Development Board,water_level,13090001
8743813,1984-02-15,,,Texas Water Development Board,water_level,13090001
8743813,1985-02-20,23.34,116.66,Texas Water Development Board,water_level,13090001
8743813,1985-12-03,23.88,116.12,Texas Water Development Board,water_level,13090001
8743813,1987-01-13,28.96,111.04,Texas Water Development Board,water_level,13090001
8743813,1988-01-07,,,Texas Water Development Board,water_level,13090001
8743813,1989-01-17,21.1,118.9,Texas Water Development Board,water_level,13090001
8743813,1990-01-12,23.1,116.9,Texas Water Development Board,water_level,13090001
8743813,1990-12-12,25.4,114.6,Texas Water Development Board,water_level,13090001
8743813,1991-12-09,22.5,117.5,Texas Water Development Board,water_level,13090001
8743813,1993-01-05,25.8,114.2,Texas Water Development Board,water_level,13090001
8743813,1993-10-08,22.2,117.8,Texas Water Development Board,water_level,13090001
8743813,1994-11-09,23.3,116.7,Texas Water Development Board,water_level,13090001
8743813,1996-02-21,27.65,112.35,Texas Water Development Board,water_level,13090001
8743813,1996-07-23,,,Texas Water Development Board,water_level,13090001
8743901,1945-08-25,29.83,112.17,U.S. Geological Survey,water_level,13090001
8743902,1945-08-25,28.32,113.68,U.S. Geological Survey,water_level,13090001
8743903,1945-08-24,30.27,112.73,U.S. Geological Survey,water_level,13090001
8743904,1945-08-16,26.56,103.44,U.S. Geological Survey,water_level,13090001
8743906,,20,109,Other or Source of Measurement Unknown,water_level,13090001
8743907,1957-09-10,33.99,91.01,U.S. Geological Survey,water_level,13090001
8743909,1962-06-20,36.39,95.61,Texas Water Development Board,water_level,13090001
8743909,1963-08-12,35.33,96.67,Texas Water Development Board,water_level,13090001
8743909,1964-08-24,,,Texas Water Development Board,water_level,13090001
8743909,1965-08-10,37.25,94.75,Texas Water Development Board,water_level,13090001
8743909,1966-07-27,,,Texas Water Development Board,water_level,13090001
8743909,1967-07-25,38.01,93.99,Texas Water Development Board,water_level,13090001
8743909,1967-10-17,33.28,98.72,Texas Water Development Board,water_level,13090001
8743909,1967-11-16,34.18,97.82,Texas Water Development Board,water_level,13090001
8743909,1968-08-27,35.65,96.35,Texas Water Development Board,water_level,13090001
8743909,1969-08-19,26.42,105.58,Texas Water Development Board,water_level,13090001
8743909,1970-08-18,36.24,95.76,Texas Water Development Board,water_level,13090001
8743909,1971-08-13,37.02,94.98,Texas Water Development Board,water_level,13090001
8743909,1972-08-09,34.4,97.6,Texas Water Development Board,water_level,13090001
8743909,1973-08-24,,,Texas Water Development Board,water_level,13090001
8743909,1974-08-21,,,Texas Water Development Board,water_level,13090001
8743913,1957-09-10,27.28,107.72,U.S. Geological Survey,water_level,13090001
8743914,1954-03-24,19.45,105.55,Other or Source of Measurement Unknown,water_level,13090001
8743914,1954-06-21,18.76,106.24,Other or Source of Measurement Unknown,water_level,13090001
8743914,1955-04-14,18.47,106.53,Other or Source of Measurement Unknown,water_level,13090001
8743914,1956-01-12,19.32,105.68,Other or Source of Measurement Unknown,water_level,13090001
8743914,1962-06-21,,,Texas Water Development Board,water_level,13090001
8744101,1950-08-29,12.84,244.16,U.S. Geological Survey,water_level,13090001
8744102,1950-08-29,37.9,221.1,U.S. Geological Survey,water_level,13090001
8744203,1945-09-06,115.08,192.92,U.S. Geological Survey,water_level,13090001
8744203,1999-07-09,107.6,200.4,Texas Water Development Board,water_level,13090001
8744204,1945-09-26,135.64,165.36,U.S. Geological Survey,water_level,13090001
8744204,1956-01-12,145.39,155.61,Other or Source of Measurement Unknown,water_level,13090001
8744204,1957-01-10,146.01,154.99,Other or Source of Measurement Unknown,water_level,13090001
8744204,1958-02-06,144.38,156.62,Other or Source of Measurement Unknown,water_level,13090001
8744204,1959-07-21,152.23,148.77,Other or Source of Measurement Unknown,water_level,13090001
8744204,1962-06-20,151.26,149.74,Texas Water Development Board,water_level,13090001
8744204,1963-08-13,,,Texas Water Development Board,water_level,13090001
8744205,2005-03-16,157.3,167.7,Texas Water Development Board,water_level,13090001
8744401,1950-12-12,78.52,175.48,U.S. Geological Survey,water_level,13090001
8744402,1950-12-12,48.96,163.04,U.S. Geological Survey,water_level,13090001
8744501,1980-12-18,74.76,188.24,Texas Water Development Board,water_level,13090001
8744501,1983-02-17,75.36,187.64,Texas Water Development Board,water_level,13090001
8744501,1984-02-14,75.3,187.7,Texas Water Development Board,water_level,13090001
8744501,1985-02-20,73.11,189.89,Texas Water Development Board,water_level,13090001
8744501,1985-12-03,74.19,188.81,Texas Water Development Board,water_level,13090001
8744501,1987-01-13,73.2,189.8,Texas Water Development Board,water_level,13090001
8744501,1988-01-07,76.66,186.34,Texas Water Development Board,water_level,13090001
8744501,1989-01-09,72.4,190.6,Texas Water Development Board,water_level,13090001
8744501,1990-01-10,72.2,190.8,Texas Water Development Board,water_level,13090001
8744501,1990-11-19,75.1,187.9,Texas Water Development Board,water_level,13090001
8744501,1991-11-19,78.5,184.5,Texas Water Development Board,water_level,13090001
8744501,1992-12-30,78.6,184.4,Texas Water Development Board,water_level,13090001
8744501,1993-11-02,79.1,183.9,Texas Water Development Board,water_level,13090001
8744501,1994-11-28,,,Texas Water Development Board,water_level,13090001
8744501,1996-02-14,,,Texas Water Development Board,water_level,13090001
8744501,1997-02-11,77.8,185.2,Texas Water Development Board,water_level,13090001
8744501,1998-02-25,,,Texas Water Development Board,water_level,13090001
8744501,1999-02-25,,,Texas Water Development Board,water_level,13090001
8744501,2000-02-23,,,Texas Water Development Board,water_level,13090001
8744501,2001-02-21,76.94,186.06,Texas Water Development Board,water_level,13090001
8744501,2002-02-27,76.2,186.8,Texas Water Development Board,water_level,13090001
8744501,2003-02-13,74.07,188.93,Texas Water Development Board,water_level,13090001
8744501,2004-02-19,72.98,190.02,Texas Water Development Board,water_level,13090001
8744501,2005-02-16,73.08,189.92,Texas Water Development Board,water_level,13090001
8744501,2006-02-15,72.69,190.31,Texas Water Development Board,water_level,13090001
8744501,2007-02-27,,,Texas Water Development Board,water_level,13090001
8744501,2008-02-12,80.35,182.65,Texas Water Development Board,water_level,13090001
8744501,2009-03-10,72.77,190.23,Texas Water Development Board,water_level,13090001
8744501,2010-01-26,81.3,181.7,Texas Water Development Board,water_level,13090001
8744501,2011-01-18,,,Texas Water Development Board,water_level,13090001
8744501,2012-01-13,77.9,185.1,Texas Water Development Board,water_level,13090001
8744501,2013-01-14,70.1,192.9,Texas Water Development Board,water_level,13090001
8744501,2014-01-29,,,Texas Water Development Board,water_level,13090001
8744501,2015-01-21,,,Texas Water Development Board,water_level,13090001
8744501,2016-01-26,68.14,194.86,Texas Water Development Board,water_level,13090001
8744501,2017-01-11,67.49,195.51,Texas Water Development Board,water_level,13090001
8744501,2018-01-16,67.27,195.73,Texas Water Development Board,water_level,13090001
8744501,2019-01-21,66.19,196.81,Texas Water Development Board,water_level,13090001
8744501,2020-01-30,65.52,197.48,Texas Water Development Board,water_level,13090001
8744501,2021-02-04,65.38,197.62,Texas Water Development Board,water_level,13090001
8744501,2022-01-28,62.45,200.55,Texas Water Development Board,water_level,13090001
8744501,2023-01-24,59.75,203.25,Texas Water Development Board,water_level,13090001
8744501,2024-01-30,58.29,204.71,Texas Water Development Board,water_level,13090001
8744501,2025-01-27,57.69,205.31,Texas Water Development Board,water_level,13090001
8744501,2026-01-28,58,205,Texas Water Development Board,water_level,13090001
8744502,1945-09-05,71.07,204.93,U.S. Geological Survey,water_level,13090001
8744502,1953-12-02,66.8,209.2,Other or Source of Measurement Unknown,water_level,13090001
8744502,1954-06-22,66.65,209.35,Other or Source of Measurement Unknown,water_level,13090001
8744502,1955-04-15,67.14,208.86,Other or Source of Measurement Unknown,water_level,13090001
8744502,1956-01-12,66.86,209.14,Other or Source of Measurement Unknown,water_level,13090001
8744502,1957-01-10,67.45,208.55,Other or Source of Measurement Unknown,water_level,13090001
8744502,1958-02-06,66.1,209.9,Other or Source of Measurement Unknown,water_level,13090001
8744502,1962-06-20,,,Texas Water Development Board,water_level,13090001
8744504,1945-09-05,57.17,187.83,U.S. Geological Survey,water_level,13090001
8744505,1945-09-05,67.39,165.61,U.S. Geological Survey,water_level,13090001
8744506,1945-09-05,105.2,173.8,U.S. Geological Survey,water_level,13090001
8744506,1950-01-13,70.13,208.87,Other or Source of Measurement Unknown,water_level,13090001
8744507,,94,176,U.S. Geological Survey,water_level,13090001
8744508,,70,190,U.S. Geological Survey,water_level,13090001
8744510,,111,155,U.S. Geological Survey,water_level,13090001
8744701,1957-09-10,23.74,108.26,U.S. Geological Survey,water_level,13090001
8744702,1957-09-10,27.95,102.05,U.S. Geological Survey,water_level,13090001
8744703,1945-08-24,21.3,113.7,U.S. Geological Survey,water_level,13090001
8744704,1966-10-25,46,141,Registered Water Well Driller,water_level,13090001
8744801,,62,158,U.S. Geological Survey,water_level,13090001
8744802,,10,190,U.S. Geological Survey,water_level,13090001
8744803,,85,121,U.S. Geological Survey,water_level,13090001
8744803,,42,164,U.S. Geological Survey,water_level,13090001
8744805,,16,164,U.S. Geological Survey,water_level,13090001
8744806,,32,118,U.S. Geological Survey,water_level,13090001
8744901,,67,113,U.S. Geological Survey,water_level,13090001
8745101,,101,153,U.S. Geological Survey,water_level,13090001
8745102,,100,128,U.S. Geological Survey,water_level,13090001
8745201,,116,110,U.S. Geological Survey,water_level,12110208
8745301,1980-12-18,,,Texas Water Development Board,water_level,12110208
8745301,1982-02-16,6.6,215.4,Texas Water Development Board,water_level,12110208
8745302,,101,119,U.S. Geological Survey,water_level,12110208
8745401,,100,132,U.S. Geological Survey,water_level,13090001
8745402,,95,139,U.S. Geological Survey,water_level,13090001
8745501,,95,127,U.S. Geological Survey,water_level,12110208
8745602,1933-08-11,96.5,129.5,U.S. Geological Survey,water_level,12110208
8745603,,88,125,U.S. Geological Survey,water_level,12110208
8745701,1999-04-14,60,115,Registered Water Well Driller,water_level,13090001
8745801,1999-04-06,45,158,Registered Water Well Driller,water_level,13090001
8745801,2005-08-10,,,Texas Water Development Board,water_level,13090001
8745802,,90,132,U.S. Geological Survey,water_level,13090001
8745803,1957-09-11,110.7,79.3,U.S. Geological Survey,water_level,12110208
8745805,2005-08-10,,,Texas Water Development Board,water_level,12110208
8745901,1957-09-16,86.3,96.7,U.S. Geological Survey,water_level,12110208
8745902,1957-09-16,91.5,102.5,U.S. Geological Survey,water_level,12110208
8746203,,120,46,U.S. Geological Survey,water_level,12110208
8746204,,98,75,U.S. Geological Survey,water_level,12110208
8746302,1957-09-16,79.4,76.6,U.S. Geological Survey,water_level,12110208
8746401,1980-12-17,2.75,181.25,Texas Water Development Board,water_level,12110208
8746401,1983-02-17,8.21,175.79,Texas Water Development Board,water_level,12110208
8746401,1984-02-15,,,Texas Water Development Board,water_level,12110208
8746401,1985-02-20,12.23,171.77,Texas Water Development Board,water_level,12110208
8746401,1985-12-04,11.54,172.46,Texas Water Development Board,water_level,12110208
8746401,1987-01-13,17.34,166.66,Texas Water Development Board,water_level,12110208
8746401,1988-01-06,8.48,175.52,Texas Water Development Board,water_level,12110208
8746401,1989-01-09,8.07,175.93,Texas Water Development Board,water_level,12110208
8746401,1990-01-10,8.8,175.2,Texas Water Development Board,water_level,12110208
8746401,1990-11-19,,,Texas Water Development Board,water_level,12110208
8746401,1991-11-19,19.9,164.1,Texas Water Development Board,water_level,12110208
8746401,1992-12-30,,,Texas Water Development Board,water_level,12110208
8746401,1993-11-02,16.9,167.1,Texas Water Development Board,water_level,12110208
8746401,1994-11-28,,,Texas Water Development Board,water_level,12110208
8746401,1996-02-14,,,Texas Water Development Board,water_level,12110208
8746401,1997-02-11,21.74,162.26,Texas Water Development Board,water_level,12110208
8746401,1998-02-25,,,Texas Water Development Board,water_level,12110208
8746401,1999-02-23,,,Texas Water Development Board,water_level,12110208
8746401,2000-02-23,,,Texas Water Development Board,water_level,12110208
8746401,2001-02-22,,,Texas Water Development Board,water_level,12110208
8746404,1982-10-26,89,93,Registered Water Well Driller,water_level,12110208
8746405,,99,92,U.S. Geological Survey,water_level,12110208
8746406,,120,66,U.S. Geological Survey,water_level,12110208
8746408,1945-06-15,46.4,131.6,U.S. Geological Survey,water_level,12110208
8746502,,114,53,U.S. Geological Survey,water_level,12110208
8746503,,96,69,U.S. Geological Survey,water_level,12110208
8746601,1995-05-22,8,113,Registered Water Well Driller,water_level,12110208
8746602,1945-05-22,46.5,100.5,U.S. Geological Survey,water_level,12110208
8746602,,58,89,U.S. Geological Survey,water_level,12110208
8746603,1945-05-22,39.3,113.7,U.S. Geological Survey,water_level,12110208
8746603,,49,104,U.S. Geological Survey,water_level,12110208
8746604,1957-03-05,33.1,111.9,U.S. Geological Survey,water_level,12110208
8746605,,36,100,U.S. Geological Survey,water_level,12110208
8746606,,73,61,U.S. Geological Survey,water_level,12110208
8746607,1957-03-05,36.1,102.9,U.S. Geological Survey,water_level,12110208
8746608,2012-10-10,30,102,Registered Water Well Driller,water_level,12110208
8746608,2013-01-15,28.45,103.55,Texas Water Development Board,water_level,12110208
8746608,2014-01-29,29.15,102.85,Texas Water Development Board,water_level,12110208
8746608,2015-01-20,27.53,104.47,Texas Water Development Board,water_level,12110208
8746608,2016-01-26,25.44,106.56,Texas Water Development Board,water_level,12110208
8746608,2017-01-12,,,Texas Water Development Board,water_level,12110208
8746608,2018-01-16,29.45,102.55,Texas Water Development Board,water_level,12110208
8746608,2019-01-22,28.16,103.84,Texas Water Development Board,water_level,12110208
8746608,2020-01-30,29.08,102.92,Texas Water Development Board,water_level,12110208
8746608,2021-02-05,26.55,105.45,Texas Water Development Board,water_level,12110208
8746608,2022-01-28,,,Texas Water Development Board,water_level,12110208
8746608,2023-01-24,28.29,103.71,Texas Water Development Board,water_level,12110208
8746608,2024-01-31,29.85,102.15,Texas Water Development Board,water_level,12110208
8746608,2025-01-28,34.81,97.19,Texas Water Development Board,water_level,12110208
8746608,2026-01-28,,,Texas Water Development Board,water_level,12110208
8746609,1998-11-25,21,113,Registered Water Well Driller,water_level,12110208
8746609,2013-01-15,27,107,Texas Water Development Board,water_level,12110208
8746609,2014-01-29,27.4,106.6,Texas Water Development Board,water_level,12110208
8746609,2015-01-20,39.22,94.78,Texas Water Development Board,water_level,12110208
8746609,2016-01-26,24.05,109.95,Texas Water Development Board,water_level,12110208
8746609,2017-01-12,,,Texas Water Development Board,water_level,12110208
8746609,2018-01-16,28.2,105.8,Texas Water Development Board,water_level,12110208
8746609,2019-01-22,27.87,106.13,Texas Water Development Board,water_level,12110208
8746609,2020-01-30,27.86,106.14,Texas Water Development Board,water_level,12110208
8746609,2021-02-05,25.19,108.81,Texas Water Development Board,water_level,12110208
8746609,2022-01-28,,,Texas Water Development Board,water_level,12110208
8746609,2023-01-24,36.83,97.17,Texas Water Development Board,water_level,12110208
8746609,2024-01-31,28.91,105.09,Texas Water Development Board,water_level,12110208
8746609,2025-01-28,43.28,90.72,Texas Water Development Board,water_level,12110208
8746609,2026-01-28,,,Texas Water Development Board,water_level,12110208
8746701,2005-08-16,,,Texas Water Development Board,water_level,12110208
8746705,1957-09-16,100.3,74.7,U.S. Geological Survey,water_level,12110208
8746706,1957-05-03,123.7,48.3,U.S. Geological Survey,water_level,12110208
8746708,,111,74,U.S. Geological Survey,water_level,12110208
8746709,1957-09-16,86.3,89.7,U.S. Geological Survey,water_level,12110208
8746801,,60,100,Other or Source of Measurement Unknown,water_level,12110208
8746803,1957-09-17,39.9,110.1,U.S. Geological Survey,water_level,12110208
8746804,1957-09-17,46.8,108.2,U.S. Geological Survey,water_level,12110208
8746805,,57,108,U.S. Geological Survey,water_level,12110208
8746806,,80,81,U.S. Geological Survey,water_level,12110208
8746901,1957-09-17,33.5,91.5,U.S. Geological Survey,water_level,12110208
8746902,,24,99,U.S. Geological Survey,water_level,12110208
8746904,1957-09-17,23.5,103.5,U.S. Geological Survey,water_level,12110208
8746905,,18,121,U.S. Geological Survey,water_level,12110208
8746906,1957-10-04,33.4,104.6,U.S. Geological Survey,water_level,12110208
8746907,1945-05-21,27.5,113.5,U.S. Geological Survey,water_level,12110208
8746908,,38,101,U.S. Geological Survey,water_level,12110208
8746909,1945-05-21,32.7,109.3,U.S. Geological Survey,water_level,12110208
8746909,,55,87,U.S. Geological Survey,water_level,12110208
8746910,,6,142,U.S. Geological Survey,water_level,12110208
8746911,,43,100,U.S. Geological Survey,water_level,12110208
8746912,1957-09-07,41.4,99.6,U.S. Geological Survey,water_level,12110208
8746913,,28,109,U.S. Geological Survey,water_level,12110208
8746914,,36,104,U.S. Geological Survey,water_level,12110208
8747101,,22,78,U.S. Geological Survey,water_level,12110208
8747201,1986-05-29,12,85,Registered Water Well Driller,water_level,12110208
8747201,1999-08-03,12.22,84.78,Texas Water Development Board,water_level,12110208
8747201,2005-08-11,11.61,85.39,Texas Water Development Board,water_level,12110208
8747202,,21,74,U.S. Geological Survey,water_level,12110208
8747203,1998-06-30,7,81,Registered Water Well Driller,water_level,12110208
8747203,2015-11-24,7.75,80.25,Texas Water Development Board,water_level,12110208
8747204,1998-06-30,7,81,Registered Water Well Driller,water_level,12110208
8747205,1998-06-30,7,81,Registered Water Well Driller,water_level,12110208
8747206,1998-08-20,7,81,Registered Water Well Driller,water_level,12110208
8747207,1999-11-20,16.8,72.2,Registered Water Well Driller,water_level,12110208
8747207,1999-12-21,11.7,77.3,Registered Water Well Driller,water_level,12110208
8747207,2000-01-11,20.05,68.95,Texas Water Development Board,water_level,12110208
8747208,1999-11-12,9.7,78.3,Registered Water Well Driller,water_level,12110208
8747209,1999-11-20,16.8,71.2,Registered Water Well Driller,water_level,12110208
8747209,2000-01-11,26.01,61.99,Texas Water Development Board,water_level,12110208
8747211,1999-12-01,,,Texas Water Development Board,water_level,12110208
8747211,2000-06-20,,,Texas Water Development Board,water_level,12110208
8747402,1983-08-18,-1,112,Texas Commission on Environmental Quality,water_level,12110208
8747404,1957-09-17,14.2,90.8,U.S. Geological Survey,water_level,12110208
8747405,1957-09-17,8.6,98.4,U.S. Geological Survey,water_level,12110208
8747406,1957-03-05,23.7,86.3,U.S. Geological Survey,water_level,12110208
8747407,,6,95,U.S. Geological Survey,water_level,12110208
8747501,,8,89,U.S. Geological Survey,water_level,12110208
8747601,1996-06-15,12,85,Registered Water Well Driller,water_level,12110208
8747601,1999-07-20,12.8,84.2,Texas Water Development Board,water_level,12110208
8747603,,8,84,U.S. Geological Survey,water_level,12110208
8747604,1933-08-01,8.5,83.5,U.S. Geological Survey,water_level,12110208
8747606,2007-08-14,10,84,Registered Water Well Driller,water_level,12110208
8747607,2008-02-28,20,74,Registered Water Well Driller,water_level,12110208
8747701,,25,85,U.S. Geological Survey,water_level,12110208
8747702,,7,99,U.S. Geological Survey,water_level,12110208
8747703,,16,99,U.S. Geological Survey,water_level,12110208
8747704,2001-03-01,9.64,95.36,Texas Water Development Board,water_level,12110208
8747802,1998-10-30,11,90,Registered Water Well Driller,water_level,12110208
8747802,1999-09-23,10.4,90.6,Texas Water Development Board,water_level,12110208
8747802,2001-05-22,10.2,90.8,Texas Water Development Board,water_level,12110208
8747802,2005-08-15,9.4,91.6,Texas Water Development Board,water_level,12110208
8747803,,6,95,U.S. Geological Survey,water_level,12110208
8747803,,25,76,U.S. Geological Survey,water_level,12110208
8747804,,21,78,U.S. Geological Survey,water_level,12110208
8747901,,8.5,89.5,U.S. Geological Survey,water_level,12110208
8748301,1957-09-11,18.8,44.2,U.S. Geological Survey,water_level,12110208
8748302,,25,39,U.S. Geological Survey,water_level,12110208
8748401,1957-09-11,23.7,60.3,U.S. Geological Survey,water_level,12110208
8748402,,10,68,U.S. Geological Survey,water_level,12110208
8748403,,20,60,U.S. Geological Survey,water_level,12110208
8748404,,7,71,U.S. Geological Survey,water_level,12110208
8748405,1957-09-11,19.9,61.1,U.S. Geological Survey,water_level,12110208
8748406,,9,69,U.S. Geological Survey,water_level,12110208
8748407,,24,57,U.S. Geological Survey,water_level,12110208
8748501,1957-09-11,20.4,56.6,U.S. Geological Survey,water_level,12110208
8748502,1933-08-26,18.7,51.3,U.S. Geological Survey,water_level,12110208
8748503,1957-09-11,21.8,52.2,U.S. Geological Survey,water_level,12110208
8748602,,7,67,U.S. Geological Survey,water_level,12110208
8748605,1957-09-12,9.6,59.4,U.S. Geological Survey,water_level,12110208
8748607,1957-09-12,17.1,50.9,U.S. Geological Survey,water_level,12110208
8748608,1957-09-11,17.8,50.2,U.S. Geological Survey,water_level,12110208
8748702,1975-02-19,6.9,85.1,Texas Water Development Board,water_level,12110208
8748702,1980-12-17,5.8,86.2,Texas Water Development Board,water_level,12110208
8748702,1982-02-16,3.92,88.08,Texas Water Development Board,water_level,12110208
8748702,1983-02-17,4.07,87.93,Texas Water Development Board,water_level,12110208
8748702,1984-02-14,7.23,84.77,Texas Water Development Board,water_level,12110208
8748702,1985-02-20,8.24,83.76,Texas Water Development Board,water_level,12110208
8748702,1985-12-04,8.27,83.73,Texas Water Development Board,water_level,12110208
8748702,1987-01-13,9.29,82.71,Texas Water Development Board,water_level,12110208
8748702,1988-01-07,9.05,82.95,Texas Water Development Board,water_level,12110208
8748702,1989-01-09,8.9,83.1,Texas Water Development Board,water_level,12110208
8748702,1990-01-10,9.4,82.6,Texas Water Development Board,water_level,12110208
8748702,1990-11-17,10.6,81.4,Texas Water Development Board,water_level,12110208
8748702,1991-11-19,,,Texas Water Development Board,water_level,12110208
8748702,1992-12-30,,,Texas Water Development Board,water_level,12110208
8748702,1993-11-03,8.6,83.4,Texas Water Development Board,water_level,12110208
8748702,1994-11-28,9.1,82.9,Texas Water Development Board,water_level,12110208
8748702,1996-02-14,9.1,82.9,Texas Water Development Board,water_level,12110208
8748702,1997-02-10,10.05,81.95,Texas Water Development Board,water_level,12110208
8748702,1998-02-25,9.56,82.44,Texas Water Development Board,water_level,12110208
8748702,1999-02-23,10.2,81.8,Texas Water Development Board,water_level,12110208
8748702,2000-02-23,11.05,80.95,Texas Water Development Board,water_level,12110208
8748702,2001-02-22,10.7,81.3,Texas Water Development Board,water_level,12110208
8748702,2002-02-27,10.1,81.9,Texas Water Development Board,water_level,12110208
8748702,2003-02-13,7.8,84.2,Texas Water Development Board,water_level,12110208
8748702,2004-02-19,8.35,83.65,Texas Water Development Board,water_level,12110208
8748702,2005-02-17,9.28,82.72,Texas Water Development Board,water_level,12110208
8748702,2006-02-15,10.7,81.3,Texas Water Development Board,water_level,12110208
8748702,2007-02-27,8.83,83.17,Texas Water Development Board,water_level,12110208
8748702,2008-02-12,8.85,83.15,Texas Water Development Board,water_level,12110208
8748702,2009-03-10,9.02,82.98,Texas Water Development Board,water_level,12110208
8748702,2010-01-27,11.78,80.22,Texas Water Development Board,water_level,12110208
8748702,2011-01-18,13.1,78.9,Texas Water Development Board,water_level,12110208
8748702,2012-01-13,13.85,78.15,Texas Water Development Board,water_level,12110208
8748702,2013-01-17,14.2,77.8,Texas Water Development Board,water_level,12110208
8748702,2014-01-30,13.34,78.66,Texas Water Development Board,water_level,12110208
8748702,2015-01-20,11.72,80.28,Texas Water Development Board,water_level,12110208
8748702,2016-01-26,13.89,78.11,Texas Water Development Board,water_level,12110208
8748702,2017-01-10,13.72,78.28,Texas Water Development Board,water_level,12110208
8748702,2018-01-17,,,Texas Water Development Board,water_level,12110208
8748703,2005-08-11,,,Texas Water Development Board,water_level,12110208
8748704,1975-02-19,3.6,81.4,Texas Water Development Board,water_level,12110208
8748707,1945-05-31,4.7,79.3,U.S. Geological Survey,water_level,12110208
8748707,,5,79,U.S. Geological Survey,water_level,12110208
8748708,,24,58,U.S. Geological Survey,water_level,12110208
8748709,1957-09-11,25.6,56.4,U.S. Geological Survey,water_level,12110208
8748710,,6,88,U.S. Geological Survey,water_level,12110208
8748801,1957-10-22,21.8,52.2,U.S. Geological Survey,water_level,12110208
8748902,,5,65,U.S. Geological Survey,water_level,12110208
8752201,1957-09-10,21.99,108.01,Other or Source of Measurement Unknown,water_level,13090001
8752201,1962-06-19,,,Texas Water Development Board,water_level,13090001
8752201,1963-08-13,23.06,106.94,Texas Water Development Board,water_level,13090001
8752201,1964-08-25,23.92,106.08,Texas Water Development Board,water_level,13090001
8752201,1965-08-10,20.38,109.62,Texas Water Development Board,water_level,13090001
8752201,1966-07-26,,,Texas Water Development Board,water_level,13090001
8752201,1967-07-25,23.36,106.64,Texas Water Development Board,water_level,13090001
8752201,1967-10-17,,,Texas Water Development Board,water_level,13090001
8752201,1967-11-14,,,Texas Water Development Board,water_level,13090001
8752201,1968-08-27,,,Texas Water Development Board,water_level,13090001
8752201,1969-08-19,,,Texas Water Development Board,water_level,13090001
8752202,,29,111,U.S. Geological Survey,water_level,13090001
8752203,,25,101,U.S. Geological Survey,water_level,13090001
8752306,1962-06-19,18.38,101.62,Texas Water Development Board,water_level,13090001
8752306,1963-08-13,26.2,93.8,Texas Water Development Board,water_level,13090001
8752306,1964-08-25,22.96,97.04,Texas Water Development Board,water_level,13090001
8752306,1965-08-10,23.7,96.3,Texas Water Development Board,water_level,13090001
8752306,1966-07-26,20.62,99.38,Texas Water Development Board,water_level,13090001
8752306,1967-07-25,,,Texas Water Development Board,water_level,13090001
8752306,1967-10-17,,,Texas Water Development Board,water_level,13090001
8752306,1967-11-14,16.62,103.38,Texas Water Development Board,water_level,13090001
8752306,1968-08-27,19.11,100.89,Texas Water Development Board,water_level,13090001
8752306,1969-08-19,22.54,97.46,Texas Water Development Board,water_level,13090001
8752306,1970-08-12,23.07,96.93,Texas Water Development Board,water_level,13090001
8752306,1971-08-12,22.83,97.17,Texas Water Development Board,water_level,13090001
8752306,1972-08-03,21.74,98.26,Texas Water Development Board,water_level,13090001
8752306,1973-08-24,17.23,102.77,Texas Water Development Board,water_level,13090001
8752306,1974-08-15,19.01,100.99,Texas Water Development Board,water_level,13090001
8752306,1975-08-15,16.94,103.06,Texas Water Development Board,water_level,13090001
8752306,1976-08-19,12.32,107.68,Texas Water Development Board,water_level,13090001
8752306,1977-08-08,23.27,96.73,Texas Water Development Board,water_level,13090001
8752306,1978-08-23,31.14,88.86,Texas Water Development Board,water_level,13090001
8752306,1979-08-21,20.24,99.76,Texas Water Development Board,water_level,13090001
8752306,1980-09-20,23.93,96.07,Texas Water Development Board,water_level,13090001
8752306,1980-12-10,26.77,93.23,Texas Water Development Board,water_level,13090001
8752306,1983-02-17,23.28,96.72,Texas Water Development Board,water_level,13090001
8752306,1984-02-14,19.87,100.13,Texas Water Development Board,water_level,13090001
8752306,1985-02-20,22.1,97.9,Texas Water Development Board,water_level,13090001
8752306,1985-12-03,20.99,99.01,Texas Water Development Board,water_level,13090001
8752306,1987-01-13,21.63,98.37,Texas Water Development Board,water_level,13090001
8752306,1988-01-06,,,Texas Water Development Board,water_level,13090001
8752306,1989-01-09,17.7,102.3,Texas Water Development Board,water_level,13090001
8752306,1990-01-10,,,Texas Water Development Board,water_level,13090001
8752306,1990-11-19,,,Texas Water Development Board,water_level,13090001
8752306,1991-11-13,18.6,101.4,Texas Water Development Board,water_level,13090001
8752306,1992-12-30,18.7,101.3,Texas Water Development Board,water_level,13090001
8752306,1993-11-02,,,Texas Water Development Board,water_level,13090001
8752306,1994-11-28,18.8,101.2,Texas Water Development Board,water_level,13090001
8752306,1996-02-14,,,Texas Water Development Board,water_level,13090001
8752306,1997-02-11,,,Texas Water Development Board,water_level,13090001
8752306,1998-07-22,17.97,102.03,Texas Water Development Board,water_level,13090001
8752307,1957-01-30,25.5,98.5,U.S. Geological Survey,water_level,13090001
8752308,,42,98,U.S. Geological Survey,water_level,13090001
8752309,,31,124,U.S. Geological Survey,water_level,13090001
8752310,,46,129,U.S. Geological Survey,water_level,13090001
8752311,1957-09-10,21.9,100.1,U.S. Geological Survey,water_level,13090001
8753101,,35,137,U.S. Geological Survey,water_level,13090001
8753104,,48,122,U.S. Geological Survey,water_level,12110208
8753105,1957-09-11,20.4,100.6,U.S. Geological Survey,water_level,13090001
8753204,1962-06-19,4.29,140.71,Texas Water Development Board,water_level,12110208
8753204,1963-08-13,5.3,139.7,Texas Water Development Board,water_level,12110208
8753204,1964-08-25,9.7,135.3,Texas Water Development Board,water_level,12110208
8753204,1965-08-10,5.11,139.89,Texas Water Development Board,water_level,12110208
8753204,1966-07-26,4.97,140.03,Texas Water Development Board,water_level,12110208
8753204,1967-07-25,,,Texas Water Development Board,water_level,12110208
8753204,1967-10-17,,,Texas Water Development Board,water_level,12110208
8753204,1967-11-14,0.98,144.02,Texas Water Development Board,water_level,12110208
8753204,1968-08-27,6.8,138.2,Texas Water Development Board,water_level,12110208
8753204,1969-08-19,7.75,137.25,Texas Water Development Board,water_level,12110208
8753204,1970-08-12,,,Texas Water Development Board,water_level,12110208
8753205,1995-12-20,18,105,Registered Water Well Driller,water_level,13090002
8753207,,47,113,U.S. Geological Survey,water_level,12110208
8753208,,37,122,U.S. Geological Survey,water_level,12110208
8753209,,6,134,U.S. Geological Survey,water_level,12110208
8753210,1945-05-30,22.7,99.3,U.S. Geological Survey,water_level,12110208
8753211,1945-05-30,25.5,96.5,U.S. Geological Survey,water_level,12110208
8753301,1998-10-20,35.8,80.2,Registered Water Well Driller,water_level,12110208
8753302,1998-11-10,25.5,90.5,Registered Water Well Driller,water_level,12110208
8753304,2005-08-10,,,Texas Water Development Board,water_level,12110208
8753305,1997-07-12,18,109,Registered Water Well Driller,water_level,12110208
8753306,1995-07-28,27,98,Registered Water Well Driller,water_level,12110208
8753307,1996-02-19,17,111,Registered Water Well Driller,water_level,12110208
8753308,1996-03-26,17,108,Registered Water Well Driller,water_level,12110208
8753309,1996-03-02,17,109,Registered Water Well Driller,water_level,12110208
8753310,1997-07-26,43,83,Registered Water Well Driller,water_level,12110208
8753311,,30,127,U.S. Geological Survey,water_level,12110208
8753312,,14,134,U.S. Geological Survey,water_level,12110208
8753313,,40,108,U.S. Geological Survey,water_level,12110208
8753314,1956-08-27,14,111,Registered Water Well Driller,water_level,12110208
8753314,1956-08-28,17,108,Registered Water Well Driller,water_level,12110208
8753314,1956-08-29,19,106,Registered Water Well Driller,water_level,12110208
8753314,1956-08-30,22,103,Registered Water Well Driller,water_level,12110208
8753315,1956-09-10,11,114,Registered Water Well Driller,water_level,12110208
8753315,1956-09-11,37,88,Registered Water Well Driller,water_level,12110208
8753316,1956-08-17,31,95,Registered Water Well Driller,water_level,12110208
8753316,1956-08-18,32,94,Registered Water Well Driller,water_level,12110208
8753316,1956-08-21,30,96,Registered Water Well Driller,water_level,12110208
8753503,1957-09-11,24.4,90.6,Other or Source of Measurement Unknown,water_level,13090002
8753503,1963-08-14,16.8,98.2,Texas Water Development Board,water_level,13090002
8753503,1964-08-25,22.52,92.48,Texas Water Development Board,water_level,13090002
8753503,1965-08-10,11.98,103.02,Texas Water Development Board,water_level,13090002
8753503,1966-07-26,9.54,105.46,Texas Water Development Board,water_level,13090002
8753503,1967-07-25,13.81,101.19,Texas Water Development Board,water_level,13090002
8753503,1967-10-17,,,Texas Water Development Board,water_level,13090002
8753503,1967-11-14,9.22,105.78,Texas Water Development Board,water_level,13090002
8753503,1968-08-27,13.69,101.31,Texas Water Development Board,water_level,13090002
8753503,1969-08-19,15.83,99.17,Texas Water Development Board,water_level,13090002
8753503,1970-08-12,12.93,102.07,Texas Water Development Board,water_level,13090002
8753503,1971-08-12,14.02,100.98,Texas Water Development Board,water_level,13090002
8753503,1972-08-03,13.24,101.76,Texas Water Development Board,water_level,13090002
8753503,1973-08-24,,,Texas Water Development Board,water_level,13090002
8753503,1974-08-15,13.93,101.07,Texas Water Development Board,water_level,13090002
8753503,1976-08-19,7.6,107.4,Texas Water Development Board,water_level,13090002
8753503,1977-08-08,10.37,104.63,Texas Water Development Board,water_level,13090002
8753503,1978-08-23,11.65,103.35,Texas Water Development Board,water_level,13090002
8753503,1979-08-21,,,Texas Water Development Board,water_level,13090002
8753503,1980-09-20,8.45,106.55,Texas Water Development Board,water_level,13090002
8753503,1980-12-11,6.81,108.19,Texas Water Development Board,water_level,13090002
8753503,1982-02-16,5.16,109.84,Texas Water Development Board,water_level,13090002
8753503,1983-02-17,8.95,106.05,Texas Water Development Board,water_level,13090002
8753503,1984-02-14,7.34,107.66,Texas Water Development Board,water_level,13090002
8753503,1985-02-20,,,Texas Water Development Board,water_level,13090002
8753503,1985-12-04,5.12,109.88,Texas Water Development Board,water_level,13090002
8753503,1987-01-13,,,Texas Water Development Board,water_level,13090002
8753503,1988-01-06,,,Texas Water Development Board,water_level,13090002
8753503,1989-01-09,6,109,Texas Water Development Board,water_level,13090002
8753503,1990-01-10,8.5,106.5,Texas Water Development Board,water_level,13090002
8753503,1990-11-19,7.7,107.3,Texas Water Development Board,water_level,13090002
8753503,1991-11-13,,,Texas Water Development Board,water_level,13090002
8753503,1992-12-30,,,Texas Water Development Board,water_level,13090002
8753506,1957-09-11,20.76,94.24,Other or Source of Measurement Unknown,water_level,13090002
8753506,1962-06-19,11,104,Texas Water Development Board,water_level,13090002
8753506,1963-08-13,,,Texas Water Development Board,water_level,13090002
8753507,1957-09-11,21.2,89.8,U.S. Geological Survey,water_level,13090002
8753604,1957-09-11,29.14,85.86,Other or Source of Measurement Unknown,water_level,12110208
8753604,1962-06-19,21.21,93.79,Texas Water Development Board,water_level,12110208
8753604,1963-08-13,,,Texas Water Development Board,water_level,12110208
8753605,1998-07-30,26.3,88.7,Registered Water Well Driller,water_level,12110208
8753606,1998-11-22,16,99,Registered Water Well Driller,water_level,12110208
8753607,1998-10-28,38.4,77.6,Registered Water Well Driller,water_level,12110208
8753608,1998-11-04,27.4,88.6,Registered Water Well Driller,water_level,12110208
8753610,1999-01-09,25.1,92.9,Registered Water Well Driller,water_level,12110208
8753611,1998-08-21,30,87,Registered Water Well Driller,water_level,12110208
8753612,1998-08-28,30,88,Registered Water Well Driller,water_level,12110208
8753613,1998-04-20,17,103,Registered Water Well Driller,water_level,12110208
8753614,1999-07-01,25,89,Registered Water Well Driller,water_level,13090002
8753615,,16,94,U.S. Geological Survey,water_level,13090002
8753616,1957-09-11,34.2,80.8,U.S. Geological Survey,water_level,12110208
8753617,,22,94,U.S. Geological Survey,water_level,12110208
8753618,1957-09-11,22.1,92.9,U.S. Geological Survey,water_level,12110208
8753619,2004-04-17,20,92,Registered Water Well Driller,water_level,12110208
8753619,2013-01-17,20.9,91.1,Texas Water Development Board,water_level,12110208
8753619,2014-01-29,22.15,89.85,Texas Water Development Board,water_level,12110208
8753619,2015-01-20,19.06,92.94,Texas Water Development Board,water_level,12110208
8753619,2016-01-26,19.08,92.92,Texas Water Development Board,water_level,12110208
8753619,2017-01-11,22.04,89.96,Texas Water Development Board,water_level,12110208
8753619,2018-01-16,22.84,89.16,Texas Water Development Board,water_level,12110208
8753619,2019-01-22,25.09,86.91,Texas Water Development Board,water_level,12110208
8753619,2020-01-30,22.11,89.89,Texas Water Development Board,water_level,12110208
8753619,2021-02-05,22.45,89.55,Texas Water Development Board,water_level,12110208
8753619,2022-01-27,20.45,91.55,Texas Water Development Board,water_level,12110208
8753619,2023-01-24,25.05,86.95,Texas Water Development Board,water_level,12110208
8753619,2024-01-31,20.47,91.53,Texas Water Development Board,water_level,12110208
8753619,2025-01-28,26.04,85.96,Texas Water Development Board,water_level,12110208
8753619,2026-01-29,27.95,84.05,Texas Water Development Board,water_level,12110208
8754101,1957-09-16,59.97,90.03,Other or Source of Measurement Unknown,water_level,12110208
8754101,1962-06-19,33.34,116.66,Texas Water Development Board,water_level,12110208
8754101,1963-08-13,37.08,112.92,Texas Water Development Board,water_level,12110208
8754101,1964-08-25,43.6,106.4,Texas Water Development Board,water_level,12110208
8754101,1966-07-27,33.03,116.97,Texas Water Development Board,water_level,12110208
8754101,1967-07-25,33.3,116.7,Texas Water Development Board,water_level,12110208
8754101,1967-10-17,24.28,125.72,Texas Water Development Board,water_level,12110208
8754101,1967-11-14,25.98,124.02,Texas Water Development Board,water_level,12110208
8754101,1968-08-27,32.54,117.46,Texas Water Development Board,water_level,12110208
8754101,1969-08-20,,,Texas Water Development Board,water_level,12110208
8754101,1970-08-12,31.3,118.7,Texas Water Development Board,water_level,12110208
8754101,1971-08-12,32.71,117.29,Texas Water Development Board,water_level,12110208
8754101,1972-08-03,30.19,119.81,Texas Water Development Board,water_level,12110208
8754101,1973-08-22,30.58,119.42,Texas Water Development Board,water_level,12110208
8754101,1974-08-15,31.28,118.72,Texas Water Development Board,water_level,12110208
8754101,1975-08-15,,,Texas Water Development Board,water_level,12110208
8754101,1976-08-19,,,Texas Water Development Board,water_level,12110208
8754101,1977-08-08,28.43,121.57,Texas Water Development Board,water_level,12110208
8754101,1978-08-23,,,Texas Water Development Board,water_level,12110208
8754104,1984-06-27,21.16,113.84,Texas Water Development Board,water_level,12110208
8754104,1985-02-20,27.22,107.78,Texas Water Development Board,water_level,12110208
8754104,1985-12-04,18.28,116.72,Texas Water Development Board,water_level,12110208
8754104,1987-01-13,21.21,113.79,Texas Water Development Board,water_level,12110208
8754104,1988-01-06,20.17,114.83,Texas Water Development Board,water_level,12110208
8754104,1989-01-09,31.02,103.98,Texas Water Development Board,water_level,12110208
8754104,1990-01-10,,,Texas Water Development Board,water_level,12110208
8754104,1990-11-19,,,Texas Water Development Board,water_level,12110208
8754104,1991-11-13,,,Texas Water Development Board,water_level,12110208
8754104,1992-12-30,,,Texas Water Development Board,water_level,12110208
8754104,1998-07-23,36.44,98.56,Texas Water Development Board,water_level,12110208
8754105,1984-06-07,30,111,Registered Water Well Driller,water_level,12110208
8754105,1997-04-09,28.55,112.45,Texas Water Development Board,water_level,12110208
8754105,2005-08-10,33.28,107.72,Texas Water Development Board,water_level,12110208
8754106,1957-09-16,62.6,81.4,U.S. Geological Survey,water_level,12110208
8754107,1957-03-05,69.3,73.7,U.S. Geological Survey,water_level,12110208
8754108,,22,103,U.S. Geological Survey,water_level,12110208
8754201,1962-06-19,9.29,110.71,Texas Water Development Board,water_level,12110208
8754201,1963-08-13,11.63,108.37,Texas Water Development Board,water_level,12110208
8754201,1964-08-26,13.53,106.47,Texas Water Development Board,water_level,12110208
8754201,1965-08-10,12.89,107.11,Texas Water Development Board,water_level,12110208
8754201,1966-07-26,10.62,109.38,Texas Water Development Board,water_level,12110208
8754201,1967-07-25,9.55,110.45,Texas Water Development Board,water_level,12110208
8754201,1967-10-17,4.55,115.45,Texas Water Development Board,water_level,12110208
8754201,1967-11-14,5.49,114.51,Texas Water Development Board,water_level,12110208
8754201,1968-08-30,6.15,113.85,Texas Water Development Board,water_level,12110208
8754201,1969-08-20,8.02,111.98,Texas Water Development Board,water_level,12110208
8754201,1970-08-12,8.13,111.87,Texas Water Development Board,water_level,12110208
8754201,1971-08-12,9.65,110.35,Texas Water Development Board,water_level,12110208
8754201,1972-08-03,6.35,113.65,Texas Water Development Board,water_level,12110208
8754201,1973-08-22,,,Texas Water Development Board,water_level,12110208
8754201,,22,98,Other or Source of Measurement Unknown,water_level,12110208
8754202,,30,110,U.S. Geological Survey,water_level,12110208
8754203,,49,102,U.S. Geological Survey,water_level,12110208
8754204,,28,105,U.S. Geological Survey,water_level,12110208
8754301,1957-03-05,32.33,97.67,Other or Source of Measurement Unknown,water_level,12110208
8754301,1962-06-20,25.09,104.91,Texas Water Development Board,water_level,12110208
8754301,1963-08-13,28.66,101.34,Texas Water Development Board,water_level,12110208
8754301,1964-08-26,30.85,99.15,Texas Water Development Board,water_level,12110208
8754301,1965-08-10,28.24,101.76,Texas Water Development Board,water_level,12110208
8754301,1966-07-27,22.39,107.61,Texas Water Development Board,water_level,12110208
8754301,1967-10-17,15.64,114.36,Texas Water Development Board,water_level,12110208
8754301,1967-11-14,16.98,113.02,Texas Water Development Board,water_level,12110208
8754301,1968-08-26,19.44,110.56,Texas Water Development Board,water_level,12110208
8754301,1969-08-19,22.31,107.69,Texas Water Development Board,water_level,12110208
8754301,1970-08-12,,,Texas Water Development Board,water_level,12110208
8754302,1998-07-20,10,124,Registered Water Well Driller,water_level,12110208
8754303,1957-03-05,34.6,94.4,U.S. Geological Survey,water_level,12110208
8754304,,39,97,U.S. Geological Survey,water_level,12110208
8754305,1957-03-27,29.2,91.8,U.S. Geological Survey,water_level,12110208
8754401,,24,93,U.S. Geological Survey,water_level,12110208
8754402,1939-09-01,10.9,107.1,U.S. Geological Survey,water_level,12110208
8754403,1945-06-24,18.6,97.4,U.S. Geological Survey,water_level,12110208
8754404,,20,92,U.S. Geological Survey,water_level,12110208
8754501,1951-07-23,11.29,93.71,Other or Source of Measurement Unknown,water_level,12110208
8754501,1962-06-19,11.24,93.76,Texas Water Development Board,water_level,12110208
8754501,1963-08-13,13,92,Texas Water Development Board,water_level,12110208
8754501,1964-08-25,15.16,89.84,Texas Water Development Board,water_level,12110208
8754501,1965-08-10,10.31,94.69,Texas Water Development Board,water_level,12110208
8754501,1966-07-27,8.95,96.05,Texas Water Development Board,water_level,12110208
8754501,1967-07-26,9.98,95.02,Texas Water Development Board,water_level,12110208
8754501,1967-10-18,4.13,100.87,Texas Water Development Board,water_level,12110208
8754501,1967-11-14,5.11,99.89,Texas Water Development Board,water_level,12110208
8754501,1968-08-27,10.84,94.16,Texas Water Development Board,water_level,12110208
8754501,1969-08-19,10.43,94.57,Texas Water Development Board,water_level,12110208
8754501,1970-08-12,11.58,93.42,Texas Water Development Board,water_level,12110208
8754501,1971-08-10,12.3,92.7,Texas Water Development Board,water_level,12110208
8754501,1972-08-03,8.34,96.66,Texas Water Development Board,water_level,12110208
8754501,1973-08-22,,,Texas Water Development Board,water_level,12110208
8754501,1974-08-15,8.55,96.45,Texas Water Development Board,water_level,12110208
8754501,1975-08-15,5.24,99.76,Texas Water Development Board,water_level,12110208
8754501,1976-08-19,6.61,98.39,Texas Water Development Board,water_level,12110208
8754501,1977-08-08,7.42,97.58,Texas Water Development Board,water_level,12110208
8754501,1978-08-23,7.37,97.63,Texas Water Development Board,water_level,12110208
8754501,1979-08-21,3.57,101.43,Texas Water Development Board,water_level,12110208
8754501,1980-09-18,1.49,103.51,Texas Water Development Board,water_level,12110208
8754501,1980-12-11,1.78,103.22,Texas Water Development Board,water_level,12110208
8754501,1982-02-16,1.13,103.87,Texas Water Development Board,water_level,12110208
8754501,1983-02-17,2.45,102.55,Texas Water Development Board,water_level,12110208
8754501,1984-02-14,,,Texas Water Development Board,water_level,12110208
8754501,1985-02-20,,,Texas Water Development Board,water_level,12110208
8754502,1962-06-19,16.88,98.12,Texas Water Development Board,water_level,12110208
8754502,1963-08-13,18.95,96.05,Texas Water Development Board,water_level,12110208
8754502,1964-05-27,19.42,95.58,Texas Water Development Board,water_level,12110208
8754502,1964-07-22,19.45,95.55,Texas Water Development Board,water_level,12110208
8754502,1964-08-26,19.33,95.67,Texas Water Development Board,water_level,12110208
8754502,1964-10-02,19.59,95.41,Texas Water Development Board,water_level,12110208
8754502,1964-11-19,19.97,95.03,Texas Water Development Board,water_level,12110208
8754502,1965-03-26,18.8,96.2,Texas Water Development Board,water_level,12110208
8754502,1965-05-19,17.54,97.46,Texas Water Development Board,water_level,12110208
8754502,1965-07-24,18.78,96.22,Texas Water Development Board,water_level,12110208
8754502,1965-08-10,18.88,96.12,Texas Water Development Board,water_level,12110208
8754502,1965-09-23,19.38,95.62,Texas Water Development Board,water_level,12110208
8754502,1965-11-19,18.25,96.75,Texas Water Development Board,water_level,12110208
8754502,1966-01-26,17.84,97.16,Texas Water Development Board,water_level,12110208
8754502,1966-03-27,17.75,97.25,Texas Water Development Board,water_level,12110208
8754502,1966-05-23,16.38,98.62,Texas Water Development Board,water_level,12110208
8754502,1966-07-27,16.39,98.61,Texas Water Development Board,water_level,12110208
8754502,1966-09-22,16,99,Texas Water Development Board,water_level,12110208
8754502,1966-11-16,19.3,95.7,Texas Water Development Board,water_level,12110208
8754502,1967-01-22,15,100,Texas Water Development Board,water_level,12110208
8754502,1967-03-09,15.31,99.69,Texas Water Development Board,water_level,12110208
8754502,1967-05-24,17.32,97.68,Texas Water Development Board,water_level,12110208
8754502,1967-07-20,17.08,97.92,Texas Water Development Board,water_level,12110208
8754502,1967-10-18,12.22,102.78,Texas Water Development Board,water_level,12110208
8754502,1967-11-14,13.14,101.86,Texas Water Development Board,water_level,12110208
8754502,1968-01-31,13.96,101.04,Texas Water Development Board,water_level,12110208
8754502,1968-03-22,13.88,101.12,Texas Water Development Board,water_level,12110208
8754502,1968-05-24,13.91,101.09,Texas Water Development Board,water_level,12110208
8754502,1968-07-11,13.86,101.14,Texas Water Development Board,water_level,12110208
8754502,1968-11-21,16.12,98.88,Texas Water Development Board,water_level,12110208
8754502,1969-01-25,13.28,101.72,Texas Water Development Board,water_level,12110208
8754502,1969-03-24,13.07,101.93,Texas Water Development Board,water_level,12110208
8754502,1969-05-26,15.56,99.44,Texas Water Development Board,water_level,12110208
8754502,1969-07-25,15.87,99.13,Texas Water Development Board,water_level,12110208
8754502,1969-09-25,12.77,102.23,Texas Water Development Board,water_level,12110208
8754502,1969-10-14,12.73,102.27,Texas Water Development Board,water_level,12110208
8754502,1969-12-10,14.68,100.32,Texas Water Development Board,water_level,12110208
8754502,1970-02-16,14.78,100.22,Texas Water Development Board,water_level,12110208
8754502,1970-08-12,17.1,97.9,Texas Water Development Board,water_level,12110208
8754502,1970-10-19,14.39,100.61,Texas Water Development Board,water_level,12110208
8754502,1970-12-14,15.6,99.4,Texas Water Development Board,water_level,12110208
8754502,1971-08-12,16.26,98.74,Texas Water Development Board,water_level,12110208
8754502,1972-08-03,13.68,101.32,Texas Water Development Board,water_level,12110208
8754502,1973-08-22,13.75,101.25,Texas Water Development Board,water_level,12110208
8754502,1974-08-15,14.7,100.3,Texas Water Development Board,water_level,12110208
8754502,1975-08-15,,,Texas Water Development Board,water_level,12110208
8754502,1976-08-19,14.5,100.5,Texas Water Development Board,water_level,12110208
8754502,1977-08-08,,,Texas Water Development Board,water_level,12110208
8754502,1978-08-23,,,Texas Water Development Board,water_level,12110208
8754502,1979-08-21,,,Texas Water Development Board,water_level,12110208
8754514,1963-08-14,16.79,95.21,Texas Water Development Board,water_level,12110208
8754514,1964-05-27,18.65,93.35,Texas Water Development Board,water_level,12110208
8754514,1964-07-22,22.88,89.12,Texas Water Development Board,water_level,12110208
8754514,1964-08-25,19.75,92.25,Texas Water Development Board,water_level,12110208
8754514,1964-10-02,17.62,94.38,Texas Water Development Board,water_level,12110208
8754514,1964-11-19,,,Texas Water Development Board,water_level,12110208
8754514,1965-03-26,,,Texas Water Development Board,water_level,12110208
8754514,1965-05-19,,,Texas Water Development Board,water_level,12110208
8754514,1965-07-24,17.49,94.51,Texas Water Development Board,water_level,12110208
8754514,1965-08-10,16.54,95.46,Texas Water Development Board,water_level,12110208
8754514,1965-09-23,16.2,95.8,Texas Water Development Board,water_level,12110208
8754514,1965-11-19,15.08,96.92,Texas Water Development Board,water_level,12110208
8754514,1966-01-26,14.63,97.37,Texas Water Development Board,water_level,12110208
8754514,1966-03-27,14.44,97.56,Texas Water Development Board,water_level,12110208
8754514,1966-05-23,11.14,100.86,Texas Water Development Board,water_level,12110208
8754514,1966-07-27,10.49,101.51,Texas Water Development Board,water_level,12110208
8754514,1966-09-22,10.52,101.48,Texas Water Development Board,water_level,12110208
8754514,1966-11-16,9.99,102.01,Texas Water Development Board,water_level,12110208
8754514,1967-01-22,9.68,102.32,Texas Water Development Board,water_level,12110208
8754514,1967-03-09,10.77,101.23,Texas Water Development Board,water_level,12110208
8754514,1967-05-25,11.02,100.98,Texas Water Development Board,water_level,12110208
8754514,1967-07-20,12.53,99.47,Texas Water Development Board,water_level,12110208
8754514,1967-10-18,6.48,105.52,Texas Water Development Board,water_level,12110208
8754514,1967-11-14,7.96,104.04,Texas Water Development Board,water_level,12110208
8754514,1968-01-31,5.9,106.1,Texas Water Development Board,water_level,12110208
8754514,1968-03-22,6.81,105.19,Texas Water Development Board,water_level,12110208
8754514,1968-05-24,5.78,106.22,Texas Water Development Board,water_level,12110208
8754514,1968-07-11,7.43,104.57,Texas Water Development Board,water_level,12110208
8754514,1968-11-21,6.61,105.39,Texas Water Development Board,water_level,12110208
8754514,1969-01-25,7.29,104.71,Texas Water Development Board,water_level,12110208
8754514,1969-03-24,5.99,106.01,Texas Water Development Board,water_level,12110208
8754514,1969-05-26,7.28,104.72,Texas Water Development Board,water_level,12110208
8754514,1969-07-25,9.12,102.88,Texas Water Development Board,water_level,12110208
8754514,1969-09-25,8.41,103.59,Texas Water Development Board,water_level,12110208
8754514,1969-10-14,8.23,103.77,Texas Water Development Board,water_level,12110208
8754514,1969-12-10,8.92,103.08,Texas Water Development Board,water_level,12110208
8754514,1970-02-16,,,Texas Water Development Board,water_level,12110208
8754514,,18,94,Other or Source of Measurement Unknown,water_level,12110208
8754514,,30,82,Other or Source of Measurement Unknown,water_level,12110208
8754517,1997-02-12,13,97,Registered Water Well Driller,water_level,12110208
8754519,,11,94,U.S. Geological Survey,water_level,12110208
8754520,,14,101,U.S. Geological Survey,water_level,12110208
8754521,,19,97,U.S. Geological Survey,water_level,12110208
8754522,,16,91,U.S. Geological Survey,water_level,12110208
8754524,,22,98,U.S. Geological Survey,water_level,12110208
8754525,,12,104,U.S. Geological Survey,water_level,12110208
8754526,1933-08-17,17.5,92.5,U.S. Geological Survey,water_level,12110208
8754527,1957-09-12,34.3,75.7,U.S. Geological Survey,water_level,12110208
8754529,1945-06-15,7.4,94.6,U.S. Geological Survey,water_level,12110208
8754530,,16,88,U.S. Geological Survey,water_level,12110208
8754532,1945-03-24,7.1,122.9,U.S. Geological Survey,water_level,12110208
8754533,2005-10-20,,,Texas Water Development Board,water_level,12110208
8754601,1951-08-08,12,88,Other or Source of Measurement Unknown,water_level,12110208
8754601,1962-06-20,,,Texas Water Development Board,water_level,12110208
8754601,1963-08-13,14.85,85.15,Texas Water Development Board,water_level,12110208
8754601,1964-08-25,15.71,84.29,Texas Water Development Board,water_level,12110208
8754601,1965-08-10,14.12,85.88,Texas Water Development Board,water_level,12110208
8754601,1966-07-27,11.24,88.76,Texas Water Development Board,water_level,12110208
8754601,1967-07-26,12.83,87.17,Texas Water Development Board,water_level,12110208
8754601,1968-08-27,,,Texas Water Development Board,water_level,12110208
8754601,1969-08-19,,,Texas Water Development Board,water_level,12110208
8754601,1970-01-12,,,Texas Water Development Board,water_level,12110208
8754602,1962-06-20,8.47,86.53,Texas Water Development Board,water_level,12110208
8754602,1963-08-13,,,Texas Water Development Board,water_level,12110208
8754602,1964-08-26,,,Texas Water Development Board,water_level,12110208
8754602,1965-08-10,,,Texas Water Development Board,water_level,12110208
8754602,1966-07-27,,,Texas Water Development Board,water_level,12110208
8754602,1967-07-25,,,Texas Water Development Board,water_level,12110208
8754602,1968-08-27,8.46,86.54,Texas Water Development Board,water_level,12110208
8754602,1969-08-19,,,Texas Water Development Board,water_level,12110208
8754602,1970-08-12,,,Texas Water Development Board,water_level,12110208
8754602,1971-08-10,,,Texas Water Development Board,water_level,12110208
8754602,1972-08-03,,,Texas Water Development Board,water_level,12110208
8754602,1973-08-22,10.1,84.9,Texas Water Development Board,water_level,12110208
8754602,1974-08-15,16.16,78.84,Texas Water Development Board,water_level,12110208
8754602,1975-08-15,,,Texas Water Development Board,water_level,12110208
8754602,1976-08-19,,,Texas Water Development Board,water_level,12110208
8754602,1977-08-08,,,Texas Water Development Board,water_level,12110208
8754603,1945-05-23,3.2,96.8,U.S. Geological Survey,water_level,12110208
8754603,,8,92,U.S. Geological Survey,water_level,12110208
8754604,1945-05-23,8.8,96.2,U.S. Geological Survey,water_level,12110208
8754604,,12,93,U.S. Geological Survey,water_level,12110208
8754605,1957-10-31,12,98,U.S. Geological Survey,water_level,12110208
8754606,1945-06-01,6.2,103.8,U.S. Geological Survey,water_level,12110208
8754607,,18,92,U.S. Geological Survey,water_level,12110208
8754609,1951-07-23,11.4,87.6,U.S. Geological Survey,water_level,12110208
8754610,,13,87,U.S. Geological Survey,water_level,12110208
8754611,2009-08-05,177.6,-77.6,Texas Water Development Board,water_level,12110208
8754701,1957-09-11,30.67,79.33,Other or Source of Measurement Unknown,water_level,13090002
8754701,1962-06-19,9.98,100.02,Texas Water Development Board,water_level,13090002
8754701,1963-08-13,6.5,103.5,Texas Water Development Board,water_level,13090002
8754701,1964-08-25,7.34,102.66,Texas Water Development Board,water_level,13090002
8754701,1965-08-10,6.5,103.5,Texas Water Development Board,water_level,13090002
8754701,1966-07-27,4.4,105.6,Texas Water Development Board,water_level,13090002
8754701,1967-07-25,,,Texas Water Development Board,water_level,13090002
8754701,1967-10-17,,,Texas Water Development Board,water_level,13090002
8754701,1967-11-15,,,Texas Water Development Board,water_level,13090002
8754701,1968-08-27,,,Texas Water Development Board,water_level,13090002
8754701,1969-08-20,,,Texas Water Development Board,water_level,13090002
8754810,1962-06-19,8.54,96.46,Texas Water Development Board,water_level,12110208
8754810,1963-08-13,13.74,91.26,Texas Water Development Board,water_level,12110208
8754810,1964-08-25,15.63,89.37,Texas Water Development Board,water_level,12110208
8754810,1965-08-10,10.12,94.88,Texas Water Development Board,water_level,12110208
8754810,1966-07-27,8.78,96.22,Texas Water Development Board,water_level,12110208
8754810,1967-07-25,8.63,96.37,Texas Water Development Board,water_level,12110208
8754810,1967-10-18,3.68,101.32,Texas Water Development Board,water_level,12110208
8754810,1967-11-15,4.72,100.28,Texas Water Development Board,water_level,12110208
8754810,1968-08-28,6.57,98.43,Texas Water Development Board,water_level,12110208
8754810,1969-08-19,8.26,96.74,Texas Water Development Board,water_level,12110208
8754810,1970-08-12,9.22,95.78,Texas Water Development Board,water_level,12110208
8754810,1971-08-11,9.5,95.5,Texas Water Development Board,water_level,12110208
8754810,1972-08-03,4,101,Texas Water Development Board,water_level,12110208
8754810,1973-08-22,4.65,100.35,Texas Water Development Board,water_level,12110208
8754810,1974-08-15,8.58,96.42,Texas Water Development Board,water_level,12110208
8754810,1975-08-15,,,Texas Water Development Board,water_level,12110208
8754810,1976-08-19,5.55,99.45,Texas Water Development Board,water_level,12110208
8754810,1977-08-08,4.55,100.45,Texas Water Development Board,water_level,12110208
8754810,1978-08-23,7.44,97.56,Texas Water Development Board,water_level,12110208
8754810,1979-08-21,6.94,98.06,Texas Water Development Board,water_level,12110208
8754810,1980-09-18,5.19,99.81,Texas Water Development Board,water_level,12110208
8754810,1980-12-11,6.23,98.77,Texas Water Development Board,water_level,12110208
8754810,1983-02-17,7.14,97.86,Texas Water Development Board,water_level,12110208
8754810,1984-02-14,4.26,100.74,Texas Water Development Board,water_level,12110208
8754810,1985-02-20,6.34,98.66,Texas Water Development Board,water_level,12110208
8754810,1985-12-04,7,98,Texas Water Development Board,water_level,12110208
8754810,1987-01-13,,,Texas Water Development Board,water_level,12110208
8754810,1988-01-06,5.62,99.38,Texas Water Development Board,water_level,12110208
8754810,1989-01-09,4.45,100.55,Texas Water Development Board,water_level,12110208
8754810,1990-01-10,4.5,100.5,Texas Water Development Board,water_level,12110208
8754810,1990-11-19,,,Texas Water Development Board,water_level,12110208
8754820,1962-06-20,17.18,82.82,Texas Water Development Board,water_level,12110208
8754820,1963-08-13,27.25,72.75,Texas Water Development Board,water_level,12110208
8754820,1964-08-25,23.23,76.77,Texas Water Development Board,water_level,12110208
8754820,1965-08-10,19.64,80.36,Texas Water Development Board,water_level,12110208
8754820,1966-07-27,17.34,82.66,Texas Water Development Board,water_level,12110208
8754820,1967-07-26,20.62,79.38,Texas Water Development Board,water_level,12110208
8754820,1967-10-18,,,Texas Water Development Board,water_level,12110208
8754820,1967-11-15,16.04,83.96,Texas Water Development Board,water_level,12110208
8754820,1968-08-28,,,Texas Water Development Board,water_level,12110208
8754820,1969-08-19,,,Texas Water Development Board,water_level,12110208
8754820,1970-08-12,19.35,80.65,Texas Water Development Board,water_level,12110208
8754820,1971-08-11,21.44,78.56,Texas Water Development Board,water_level,12110208
8754820,1972-08-03,,,Texas Water Development Board,water_level,12110208
8754820,1973-08-22,29.14,70.86,Texas Water Development Board,water_level,12110208
8754820,1974-08-15,,,Texas Water Development Board,water_level,12110208
8754821,,13.5,97.5,Texas Water Development Board,water_level,13090002
8754823,1945-06-09,11.7,96.3,U.S. Geological Survey,water_level,12110208
8754824,1945-06-15,7.2,98.8,U.S. Geological Survey,water_level,12110208
8754826,,16,89,U.S. Geological Survey,water_level,12110208
8754827,1957-09-11,2.05,107.95,U.S. Geological Survey,water_level,12110208
8754828,,16,90,U.S. Geological Survey,water_level,12110208
8754829,,11,95,U.S. Geological Survey,water_level,12110208
8754830,,26,74,U.S. Geological Survey,water_level,12110208
8754833,1957-09-11,18.7,91.3,U.S. Geological Survey,water_level,13090002
8754834,,47,68,U.S. Geological Survey,water_level,12110208
8754835,1999-06-10,30,74,Registered Water Well Driller,water_level,12110208
8754835,2005-10-19,24.11,79.89,Texas Water Development Board,water_level,12110208
8754836,1999-07-31,12,93,Registered Water Well Driller,water_level,12110208
8754921,1945-06-09,16.15,83.85,Other or Source of Measurement Unknown,water_level,12110208
8754921,1962-06-20,14.79,85.21,Texas Water Development Board,water_level,12110208
8754921,1963-08-13,14.74,85.26,Texas Water Development Board,water_level,12110208
8754921,1964-08-25,15.24,84.76,Texas Water Development Board,water_level,12110208
8754921,1965-08-10,11.94,88.06,Texas Water Development Board,water_level,12110208
8754921,1966-07-27,9.32,90.68,Texas Water Development Board,water_level,12110208
8754921,1967-07-26,12.61,87.39,Texas Water Development Board,water_level,12110208
8754921,1967-10-18,8.02,91.98,Texas Water Development Board,water_level,12110208
8754921,1967-11-15,9.6,90.4,Texas Water Development Board,water_level,12110208
8754921,1968-08-28,,,Texas Water Development Board,water_level,12110208
8754921,1969-08-19,6.72,93.28,Texas Water Development Board,water_level,12110208
8754921,1970-08-12,5.98,94.02,Texas Water Development Board,water_level,12110208
8754921,1971-08-11,6.68,93.32,Texas Water Development Board,water_level,12110208
8754921,1972-08-03,4.7,95.3,Texas Water Development Board,water_level,12110208
8754921,1973-08-22,5.71,94.29,Texas Water Development Board,water_level,12110208
8754921,1974-08-15,6.1,93.9,Texas Water Development Board,water_level,12110208
8754921,1975-08-15,1.98,98.02,Texas Water Development Board,water_level,12110208
8754921,1976-08-19,4,96,Texas Water Development Board,water_level,12110208
8754921,1977-08-08,5.58,94.42,Texas Water Development Board,water_level,12110208
8754921,1978-08-23,6.1,93.9,Texas Water Development Board,water_level,12110208
8754921,1979-08-22,6.98,93.02,Texas Water Development Board,water_level,12110208
8754921,1980-09-19,,,Texas Water Development Board,water_level,12110208
8754924,1951-07-23,12.7,88.3,U.S. Geological Survey,water_level,12110208
8754925,1957-09-12,47.6,55.4,U.S. Geological Survey,water_level,12110208
8754926,1957-09-12,41.9,59.1,U.S. Geological Survey,water_level,12110208
8754927,1945-05-25,18.5,82.5,U.S. Geological Survey,water_level,12110208
8754928,1945-05-19,16.8,81.2,U.S. Geological Survey,water_level,12110208
8754929,,10,88,U.S. Geological Survey,water_level,12110208
8754930,,12,86,U.S. Geological Survey,water_level,12110208
8754931,,20,79,U.S. Geological Survey,water_level,12110208
8754932,,13,84,U.S. Geological Survey,water_level,12110208
8754933,1945-05-23,12.9,85.1,U.S. Geological Survey,water_level,12110208
8754933,,13,85,U.S. Geological Survey,water_level,12110208
8754934,1945-05-28,17.5,79.5,U.S. Geological Survey,water_level,12110208
8754935,,16,81,U.S. Geological Survey,water_level,12110208
8754936,1945-05-18,14.5,80.5,U.S. Geological Survey,water_level,12110208
8754938,,18,84,U.S. Geological Survey,water_level,12110208
8754939,1945-05-24,18.2,86.8,U.S. Geological Survey,water_level,12110208
8754941,1945-06-09,17.9,81.1,U.S. Geological Survey,water_level,12110208
8754942,1945-06-09,18.6,83.4,U.S. Geological Survey,water_level,12110208
8754943,1957-09-12,69.9,35.1,U.S. Geological Survey,water_level,12110208
8754945,1957-09-12,26.6,73.4,U.S. Geological Survey,water_level,12110208
8754946,1957-09-12,24.3,79.7,U.S. Geological Survey,water_level,12110208
8754947,1999-07-24,30,75,Registered Water Well Driller,water_level,13090002
8754947,2000-01-12,53.12,51.88,Texas Water Development Board,water_level,13090002
8754949,2009-08-05,,,Texas Water Development Board,water_level,12110208
8755101,,38,82,U.S. Geological Survey,water_level,12110208
8755102,,19,98,U.S. Geological Survey,water_level,12110208
8755103,1957-03-05,31.4,86.6,U.S. Geological Survey,water_level,12110208
8755104,1945-05-28,14.5,102.5,U.S. Geological Survey,water_level,12110208
8755105,,31,85,U.S. Geological Survey,water_level,12110208
8755106,,46,71,U.S. Geological Survey,water_level,12110208
8755203,1933-06-14,17.5,98.5,U.S. Geological Survey,water_level,12110208
8755203,1945-05-28,16.6,99.4,U.S. Geological Survey,water_level,12110208
8755204,,14,92,U.S. Geological Survey,water_level,12110208
8755205,,21,86,U.S. Geological Survey,water_level,12110208
8755206,,20,84,U.S. Geological Survey,water_level,12110208
8755207,,13,95,U.S. Geological Survey,water_level,12110208
8755301,1981-07-02,9,92,Registered Water Well Driller,water_level,12110208
8755302,,30,74,U.S. Geological Survey,water_level,12110208
8755302,,18,86,U.S. Geological Survey,water_level,12110208
8755303,,12,91,U.S. Geological Survey,water_level,12110208
8755304,,32,68,U.S. Geological Survey,water_level,12110208
8755305,,12,88,U.S. Geological Survey,water_level,12110208
8755306,,8,91,U.S. Geological Survey,water_level,12110208
8755307,2007-08-14,12,91,Registered Water Well Driller,water_level,12110208
8755404,1957-09-09,55.6,74.4,Texas Water Development Board,water_level,12110208
8755404,1999-08-05,44.39,85.61,Texas Water Development Board,water_level,12110208
8755405,1999-01-22,40,84,Registered Water Well Driller,water_level,12110208
8755406,,70,49,U.S. Geological Survey,water_level,12110208
8755407,,69,48,U.S. Geological Survey,water_level,12110208
8755408,1945-05-23,19.2,97.8,U.S. Geological Survey,water_level,12110208
8755409,1945-05-21,21,99,U.S. Geological Survey,water_level,12110208
8755409,,26,94,U.S. Geological Survey,water_level,12110208
8755411,,20,110,U.S. Geological Survey,water_level,12110208
8755412,,22,109,U.S. Geological Survey,water_level,12110208
8755413,,25,106,U.S. Geological Survey,water_level,12110208
8755501,1957-09-17,67.72,47.28,Other or Source of Measurement Unknown,water_level,12110208
8755501,1962-06-29,33.21,81.79,Texas Water Development Board,water_level,12110208
8755501,1963-08-14,44.35,70.65,Texas Water Development Board,water_level,12110208
8755501,1964-08-25,72.28,42.72,Texas Water Development Board,water_level,12110208
8755501,1965-08-10,,,Texas Water Development Board,water_level,12110208
8755501,1966-07-27,,,Texas Water Development Board,water_level,12110208
8755501,1967-07-24,,,Texas Water Development Board,water_level,12110208
8755501,1968-08-28,,,Texas Water Development Board,water_level,12110208
8755501,1969-08-22,,,Texas Water Development Board,water_level,12110208
8755501,1970-08-12,,,Texas Water Development Board,water_level,12110208
8755503,1988-07-25,21.1,86.9,Texas Water Development Board,water_level,12110208
8755503,1998-07-24,24,84,Texas Water Development Board,water_level,12110208
8755504,2005-10-19,,,Private Firm or Industry,water_level,12110208
8755505,,30,86,U.S. Geological Survey,water_level,12110208
8755506,,36,72,U.S. Geological Survey,water_level,12110208
8755507,,30,68,U.S. Geological Survey,water_level,12110208
8755508,2011-09-27,32.7,82.3,Registered Water Well Driller,water_level,12110208
8755601,1962-06-29,37.19,72.81,Texas Water Development Board,water_level,12110208
8755601,1963-08-14,54.57,55.43,Texas Water Development Board,water_level,12110208
8755601,1964-08-25,87.6,22.4,Texas Water Development Board,water_level,12110208
8755601,1965-08-11,40.14,69.86,Texas Water Development Board,water_level,12110208
8755601,1966-07-27,36.44,73.56,Texas Water Development Board,water_level,12110208
8755601,1967-07-24,,,Texas Water Development Board,water_level,12110208
8755601,1968-08-28,,,Texas Water Development Board,water_level,12110208
8755601,1969-08-22,,,Texas Water Development Board,water_level,12110208
8755601,1970-08-11,,,Texas Water Development Board,water_level,12110208
8755601,1971-08-11,42.9,67.1,Texas Water Development Board,water_level,12110208
8755601,1972-08-09,39.42,70.58,Texas Water Development Board,water_level,12110208
8755601,1973-08-23,35.4,74.6,Texas Water Development Board,water_level,12110208
8755601,1974-08-14,37.04,72.96,Texas Water Development Board,water_level,12110208
8755601,1975-08-15,31.73,78.27,Texas Water Development Board,water_level,12110208
8755601,1976-08-19,28.13,81.87,Texas Water Development Board,water_level,12110208
8755601,1977-08-09,29.91,80.09,Texas Water Development Board,water_level,12110208
8755601,1978-08-23,,,Texas Water Development Board,water_level,12110208
8755601,1979-08-22,27.59,82.41,Texas Water Development Board,water_level,12110208
8755601,1980-09-18,23.9,86.1,Texas Water Development Board,water_level,12110208
8755601,1980-12-11,22.5,87.5,Texas Water Development Board,water_level,12110208
8755601,1983-02-17,25.95,84.05,Texas Water Development Board,water_level,12110208
8755601,1984-02-14,28.1,81.9,Texas Water Development Board,water_level,12110208
8755601,1985-02-20,29.9,80.1,Texas Water Development Board,water_level,12110208
8755601,1985-12-04,26.8,83.2,Texas Water Development Board,water_level,12110208
8755601,1987-01-13,28.87,81.13,Texas Water Development Board,water_level,12110208
8755601,1988-01-06,32.78,77.22,Texas Water Development Board,water_level,12110208
8755601,1989-01-06,35.1,74.9,Texas Water Development Board,water_level,12110208
8755601,1989-12-28,,,Texas Water Development Board,water_level,12110208
8755601,1990-11-17,,,Texas Water Development Board,water_level,12110208
8755601,1991-11-13,,,Texas Water Development Board,water_level,12110208
8755602,1997-07-25,34.75,72.25,Texas Water Development Board,water_level,12110208
8755602,1998-02-25,28.8,78.2,Texas Water Development Board,water_level,12110208
8755602,1999-02-25,,,Texas Water Development Board,water_level,12110208
8755602,2000-02-23,28.15,78.85,Texas Water Development Board,water_level,12110208
8755602,2001-02-22,,,Texas Water Development Board,water_level,12110208
8755602,2002-02-27,30.05,76.95,Texas Water Development Board,water_level,12110208
8755602,2003-02-13,23.64,83.36,Texas Water Development Board,water_level,12110208
8755602,2004-02-19,24.88,82.12,Texas Water Development Board,water_level,12110208
8755602,2005-02-17,26.19,80.81,Texas Water Development Board,water_level,12110208
8755602,2005-07-19,25.55,81.45,Texas Water Development Board,water_level,12110208
8755602,2006-02-15,25.69,81.31,Texas Water Development Board,water_level,12110208
8755602,2007-02-28,25.6,81.4,Texas Water Development Board,water_level,12110208
8755602,2008-02-12,27.64,79.36,Texas Water Development Board,water_level,12110208
8755602,2009-03-24,26.76,80.24,Texas Water Development Board,water_level,12110208
8755602,2010-01-26,26.72,80.28,Texas Water Development Board,water_level,12110208
8755602,2011-01-18,25.76,81.24,Texas Water Development Board,water_level,12110208
8755602,2012-01-13,31.25,75.75,Texas Water Development Board,water_level,12110208
8755602,2013-01-17,,,Texas Water Development Board,water_level,12110208
8755602,2014-01-30,,,Texas Water Development Board,water_level,12110208
8755602,2015-01-20,,,Texas Water Development Board,water_level,12110208
8755602,2016-01-26,,,Texas Water Development Board,water_level,12110208
8755602,2017-01-10,28.13,78.87,Texas Water Development Board,water_level,12110208
8755602,2018-01-17,29.46,77.54,Texas Water Development Board,water_level,12110208
8755602,2019-01-22,27.48,79.52,Texas Water Development Board,water_level,12110208
8755602,2020-01-30,29.08,77.92,Texas Water Development Board,water_level,12110208
8755602,2021-02-03,26.22,80.78,Texas Water Development Board,water_level,12110208
8755602,2022-01-27,25.46,81.54,Texas Water Development Board,water_level,12110208
8755602,2023-01-24,27.07,79.93,Texas Water Development Board,water_level,12110208
8755602,2024-02-01,28.1,78.9,Texas Water Development Board,water_level,12110208
8755602,2025-01-28,,,Texas Water Development Board,water_level,12110208
8755602,2026-01-29,26.32,80.68,Texas Water Development Board,water_level,12110208
8755604,,31,70,U.S. Geological Survey,water_level,12110208
8755604,,35,66,U.S. Geological Survey,water_level,12110208
8755607,1999-10-14,15,89,Registered Water Well Driller,water_level,12110208
8755607,2000-06-20,18.8,85.2,Texas Water Development Board,water_level,12110208
8755701,1957-09-17,49.14,45.86,Other or Source of Measurement Unknown,water_level,12110208
8755701,1962-06-20,19.23,75.77,Texas Water Development Board,water_level,12110208
8755701,1963-08-13,27.85,67.15,Texas Water Development Board,water_level,12110208
8755701,1964-08-25,,,Texas Water Development Board,water_level,12110208
8755701,1965-08-10,,,Texas Water Development Board,water_level,12110208
8755701,1966-07-27,,,Texas Water Development Board,water_level,12110208
8755701,1967-07-26,27.17,67.83,Texas Water Development Board,water_level,12110208
8755701,1967-10-18,9.52,85.48,Texas Water Development Board,water_level,12110208
8755701,1967-11-15,13.18,81.82,Texas Water Development Board,water_level,12110208
8755701,1968-08-28,16.45,78.55,Texas Water Development Board,water_level,12110208
8755701,1969-08-22,19.33,75.67,Texas Water Development Board,water_level,12110208
8755701,1970-08-12,24.01,70.99,Texas Water Development Board,water_level,12110208
8755701,1971-08-10,22.64,72.36,Texas Water Development Board,water_level,12110208
8755701,1972-08-03,20.82,74.18,Texas Water Development Board,water_level,12110208
8755701,1973-08-22,14.4,80.6,Texas Water Development Board,water_level,12110208
8755701,1974-08-16,19.18,75.82,Texas Water Development Board,water_level,12110208
8755701,1975-08-15,9.25,85.75,Texas Water Development Board,water_level,12110208
8755701,1976-08-19,9.6,85.4,Texas Water Development Board,water_level,12110208
8755701,1977-08-08,11.95,83.05,Texas Water Development Board,water_level,12110208
8755701,1978-08-23,15.35,79.65,Texas Water Development Board,water_level,12110208
8755701,1979-08-21,11.71,83.29,Texas Water Development Board,water_level,12110208
8755701,1980-09-18,11.5,83.5,Texas Water Development Board,water_level,12110208
8755701,1980-12-11,8.18,86.82,Texas Water Development Board,water_level,12110208
8755701,1983-02-17,12.34,82.66,Texas Water Development Board,water_level,12110208
8755701,1984-02-14,10.87,84.13,Texas Water Development Board,water_level,12110208
8755701,1985-02-20,13.22,81.78,Texas Water Development Board,water_level,12110208
8755701,1985-12-04,11.19,83.81,Texas Water Development Board,water_level,12110208
8755701,1987-01-13,12.32,82.68,Texas Water Development Board,water_level,12110208
8755701,1988-01-06,11.95,83.05,Texas Water Development Board,water_level,12110208
8755701,1989-01-09,12.95,82.05,Texas Water Development Board,water_level,12110208
8755701,1990-01-10,14,81,Texas Water Development Board,water_level,12110208
8755701,1990-11-19,13.2,81.8,Texas Water Development Board,water_level,12110208
8755701,1991-11-13,13.1,81.9,Texas Water Development Board,water_level,12110208
8755701,1992-12-30,12.9,82.1,Texas Water Development Board,water_level,12110208
8755701,1993-11-02,14.3,80.7,Texas Water Development Board,water_level,12110208
8755701,1994-11-30,14,81,Texas Water Development Board,water_level,12110208
8755701,1996-02-14,12.75,82.25,Texas Water Development Board,water_level,12110208
8755701,1997-02-10,15.8,79.2,Texas Water Development Board,water_level,12110208
8755701,1998-02-25,13.8,81.2,Texas Water Development Board,water_level,12110208
8755701,1999-02-25,14.9,80.1,Texas Water Development Board,water_level,12110208
8755701,2000-02-23,,,Texas Water Development Board,water_level,12110208
8755701,2001-02-22,19.03,75.97,Texas Water Development Board,water_level,12110208
8755701,2002-02-27,19.35,75.65,Texas Water Development Board,water_level,12110208
8755701,2003-02-13,16.49,78.51,Texas Water Development Board,water_level,12110208
8755701,2004-02-19,15.67,79.33,Texas Water Development Board,water_level,12110208
8755701,2005-02-17,16.18,78.82,Texas Water Development Board,water_level,12110208
8755701,2006-02-15,19.59,75.41,Texas Water Development Board,water_level,12110208
8755701,2007-02-28,15.18,79.82,Texas Water Development Board,water_level,12110208
8755701,2008-02-12,,,Texas Water Development Board,water_level,12110208
8755703,1998-07-24,23.76,67.24,Texas Water Development Board,water_level,12110208
8755704,1998-07-24,28.45,63.55,Texas Water Development Board,water_level,12110208
8755705,1957-09-17,53.6,41.4,U.S. Geological Survey,water_level,12110208
8755707,,10,80,U.S. Geological Survey,water_level,12110208
8755708,1957-09-17,15.1,78.9,U.S. Geological Survey,water_level,12110208
8755801,1957-09-17,47.1,37.9,Other or Source of Measurement Unknown,water_level,12110208
8755801,1962-06-29,16.39,68.61,Texas Water Development Board,water_level,12110208
8755801,1963-08-14,33.15,51.85,Texas Water Development Board,water_level,12110208
8755801,1964-08-25,60.29,24.71,Texas Water Development Board,water_level,12110208
8755801,1965-08-10,19.6,65.4,Texas Water Development Board,water_level,12110208
8755801,1966-07-27,,,Texas Water Development Board,water_level,12110208
8755801,1967-07-24,,,Texas Water Development Board,water_level,12110208
8755801,1968-08-28,11.79,73.21,Texas Water Development Board,water_level,12110208
8755801,1969-08-22,14.44,70.56,Texas Water Development Board,water_level,12110208
8755801,1970-08-11,24.9,60.1,Texas Water Development Board,water_level,12110208
8755801,1971-08-11,26.3,58.7,Texas Water Development Board,water_level,12110208
8755801,1972-08-04,11.28,73.72,Texas Water Development Board,water_level,12110208
8755801,1973-08-23,7.45,77.55,Texas Water Development Board,water_level,12110208
8755801,1974-08-14,7.58,77.42,Texas Water Development Board,water_level,12110208
8755801,1975-08-15,5.2,79.8,Texas Water Development Board,water_level,12110208
8755801,1976-08-19,4.43,80.57,Texas Water Development Board,water_level,12110208
8755801,1977-08-09,7.65,77.35,Texas Water Development Board,water_level,12110208
8755801,1978-08-23,7.69,77.31,Texas Water Development Board,water_level,12110208
8755801,1979-08-22,,,Texas Water Development Board,water_level,12110208
8755801,1980-09-18,,,Texas Water Development Board,water_level,12110208
8755801,1980-12-11,,,Texas Water Development Board,water_level,12110208
8755801,1982-02-16,5.3,79.7,Texas Water Development Board,water_level,12110208
8755801,1983-02-17,,,Texas Water Development Board,water_level,12110208
8755801,1984-02-14,,,Texas Water Development Board,water_level,12110208
8755801,1985-02-20,6.2,78.8,Texas Water Development Board,water_level,12110208
8755801,1985-12-04,5.44,79.56,Texas Water Development Board,water_level,12110208
8755801,1987-01-13,,,Texas Water Development Board,water_level,12110208
8755801,1988-01-06,,,Texas Water Development Board,water_level,12110208
8755801,1989-01-06,7.8,77.2,Texas Water Development Board,water_level,12110208
8755801,1989-12-28,,,Texas Water Development Board,water_level,12110208
8755801,1990-11-17,10.1,74.9,Texas Water Development Board,water_level,12110208
8755801,1991-11-13,8.3,76.7,Texas Water Development Board,water_level,12110208
8755801,1992-12-30,6.7,78.3,Texas Water Development Board,water_level,12110208
8755801,1993-10-26,10.2,74.8,Texas Water Development Board,water_level,12110208
8755801,1994-11-30,9.9,75.1,Texas Water Development Board,water_level,12110208
8755801,1996-02-14,8.75,76.25,Texas Water Development Board,water_level,12110208
8755801,1997-02-10,10.25,74.75,Texas Water Development Board,water_level,12110208
8755801,1998-02-25,10,75,Texas Water Development Board,water_level,12110208
8755801,1998-07-21,12.7,72.3,Texas Water Development Board,water_level,12110208
8755801,1999-02-25,11.6,73.4,Texas Water Development Board,water_level,12110208
8755801,2000-02-23,9.52,75.48,Texas Water Development Board,water_level,12110208
8755801,2001-02-22,9.67,75.33,Texas Water Development Board,water_level,12110208
8755801,2002-02-27,10.1,74.9,Texas Water Development Board,water_level,12110208
8755801,2003-02-13,8.4,76.6,Texas Water Development Board,water_level,12110208
8755801,2004-02-19,9.12,75.88,Texas Water Development Board,water_level,12110208
8755801,2005-02-17,7.62,77.38,Texas Water Development Board,water_level,12110208
8755801,2006-02-15,10.87,74.13,Texas Water Development Board,water_level,12110208
8755801,2007-02-28,7.53,77.47,Texas Water Development Board,water_level,12110208
8755801,2008-02-12,6.97,78.03,Texas Water Development Board,water_level,12110208
8755801,2009-03-24,7.28,77.72,Texas Water Development Board,water_level,12110208
8755801,2010-01-26,8.01,76.99,Texas Water Development Board,water_level,12110208
8755801,2011-01-18,,,Texas Water Development Board,water_level,12110208
8755801,2012-01-13,8.93,76.07,Texas Water Development Board,water_level,12110208
8755801,2013-01-17,,,Texas Water Development Board,water_level,12110208
8755801,2014-01-28,,,Texas Water Development Board,water_level,12110208
8755801,2015-01-20,,,Texas Water Development Board,water_level,12110208
8755801,2016-01-25,,,Texas Water Development Board,water_level,12110208
8755801,2017-01-10,,,Texas Water Development Board,water_level,12110208
8755803,,7,88,U.S. Geological Survey,water_level,12110208
8755804,,15,71,U.S. Geological Survey,water_level,12110208
8755805,,19,73,U.S. Geological Survey,water_level,12110208
8755806,1957-09-17,23.6,66.4,U.S. Geological Survey,water_level,12110208
8755807,,5,83,U.S. Geological Survey,water_level,12110208
8755901,,50,61,U.S. Geological Survey,water_level,12110208
8755902,,10,76,U.S. Geological Survey,water_level,12110208
8755903,1957-07-07,58.9,47.1,U.S. Geological Survey,water_level,12110208
8755904,,5,82,U.S. Geological Survey,water_level,12110208
8755905,,17,86,U.S. Geological Survey,water_level,12110208
8755908,,12,87,U.S. Geological Survey,water_level,12110208
8755909,1957-10-24,22.8,57.2,U.S. Geological Survey,water_level,12110208
8755910,,12,74,U.S. Geological Survey,water_level,12110208
8755911,,29,57,U.S. Geological Survey,water_level,12110208
8755912,,56,45,U.S. Geological Survey,water_level,12110208
8756101,1962-06-29,20.08,79.92,Texas Water Development Board,water_level,12110208
8756101,1963-08-14,32.45,67.55,Texas Water Development Board,water_level,12110208
8756101,1964-08-25,,,Texas Water Development Board,water_level,12110208
8756101,1965-08-11,24.31,75.69,Texas Water Development Board,water_level,12110208
8756101,1966-07-27,19.95,80.05,Texas Water Development Board,water_level,12110208
8756101,1967-07-25,22,78,Texas Water Development Board,water_level,12110208
8756101,1968-08-28,19.32,80.68,Texas Water Development Board,water_level,12110208
8756101,1969-08-21,20.18,79.82,Texas Water Development Board,water_level,12110208
8756101,1970-08-11,,,Texas Water Development Board,water_level,12110208
8756101,1971-08-11,,,Texas Water Development Board,water_level,12110208
8756101,1972-08-09,17.74,82.26,Texas Water Development Board,water_level,12110208
8756101,1973-08-23,,,Texas Water Development Board,water_level,12110208
8756101,1974-08-14,,,Texas Water Development Board,water_level,12110208
8756101,1975-08-15,,,Texas Water Development Board,water_level,12110208
8756101,1976-08-19,,,Texas Water Development Board,water_level,12110208
8756101,1977-08-09,13.45,86.55,Texas Water Development Board,water_level,12110208
8756101,1978-08-23,,,Texas Water Development Board,water_level,12110208
8756102,1957-09-10,23.3,64.7,U.S. Geological Survey,water_level,12110208
8756201,1962-06-28,,,Texas Water Development Board,water_level,12110208
8756201,1963-08-14,15.49,69.51,Texas Water Development Board,water_level,12110208
8756201,1964-08-25,29.2,55.8,Texas Water Development Board,water_level,12110208
8756201,1965-08-11,10.03,74.97,Texas Water Development Board,water_level,12110208
8756201,1966-07-28,4.68,80.32,Texas Water Development Board,water_level,12110208
8756201,1967-07-25,7.38,77.62,Texas Water Development Board,water_level,12110208
8756201,1968-08-28,5.4,79.6,Texas Water Development Board,water_level,12110208
8756201,1969-08-22,5.82,79.18,Texas Water Development Board,water_level,12110208
8756201,1970-08-11,9.62,75.38,Texas Water Development Board,water_level,12110208
8756201,1971-08-11,10.46,74.54,Texas Water Development Board,water_level,12110208
8756201,1972-08-09,3.3,81.7,Texas Water Development Board,water_level,12110208
8756201,1973-08-23,3.7,81.3,Texas Water Development Board,water_level,12110208
8756201,1974-08-14,4.72,80.28,Texas Water Development Board,water_level,12110208
8756201,1975-08-18,3.3,81.7,Texas Water Development Board,water_level,12110208
8756201,1976-08-20,2.13,82.87,Texas Water Development Board,water_level,12110208
8756201,1977-08-09,4.2,80.8,Texas Water Development Board,water_level,12110208
8756201,1978-08-23,5.18,79.82,Texas Water Development Board,water_level,12110208
8756201,1979-08-22,,,Texas Water Development Board,water_level,12110208
8756202,1957-09-10,22.9,62.1,U.S. Geological Survey,water_level,12110208
8756301,1933-08-25,2.5,76.5,U.S. Geological Survey,water_level,12110208
8756302,,8,65,U.S. Geological Survey,water_level,12110208
8756401,1985-03-05,30,68,Registered Water Well Driller,water_level,12110208
8756402,1985-03-04,27,68,Registered Water Well Driller,water_level,12110208
8756403,1996-05-27,10,86,Registered Water Well Driller,water_level,12110208
8756403,2005-10-20,14,82,Texas Water Development Board,water_level,12110208
8756404,1997-01-20,12,84,Registered Water Well Driller,water_level,12110208
8756405,,5,90,U.S. Geological Survey,water_level,12110208
8756406,,60,38,U.S. Geological Survey,water_level,12110208
8756407,2005-08-11,20.18,79.82,Texas Water Development Board,water_level,12110208
8756501,1962-06-29,21.68,73.32,Texas Water Development Board,water_level,12110208
8756501,1963-08-14,42.16,52.84,Texas Water Development Board,water_level,12110208
8756501,1964-08-25,,,Texas Water Development Board,water_level,12110208
8756501,1965-08-11,26.3,68.7,Texas Water Development Board,water_level,12110208
8756501,1966-07-28,18.68,76.32,Texas Water Development Board,water_level,12110208
8756501,1967-07-25,23.99,71.01,Texas Water Development Board,water_level,12110208
8756501,1968-08-28,11.73,83.27,Texas Water Development Board,water_level,12110208
8756501,1969-08-22,17.31,77.69,Texas Water Development Board,water_level,12110208
8756501,1970-08-11,14.83,80.17,Texas Water Development Board,water_level,12110208
8756501,1971-08-11,16.22,78.78,Texas Water Development Board,water_level,12110208
8756501,1972-08-09,14.14,80.86,Texas Water Development Board,water_level,12110208
8756501,1973-08-23,14.44,80.56,Texas Water Development Board,water_level,12110208
8756501,1974-08-14,18.35,76.65,Texas Water Development Board,water_level,12110208
8756501,1975-08-18,18.05,76.95,Texas Water Development Board,water_level,12110208
8756501,1976-08-20,,,Texas Water Development Board,water_level,12110208
8756501,1977-08-09,22.25,72.75,Texas Water Development Board,water_level,12110208
8756501,1978-08-23,14.15,80.85,Texas Water Development Board,water_level,12110208
8756501,1979-08-22,,,Texas Water Development Board,water_level,12110208
8756501,1980-09-18,11.15,83.85,Texas Water Development Board,water_level,12110208
8756501,1980-12-10,11.32,83.68,Texas Water Development Board,water_level,12110208
8756501,1982-02-16,10.38,84.62,Texas Water Development Board,water_level,12110208
8756501,1983-02-17,10.95,84.05,Texas Water Development Board,water_level,12110208
8756501,1984-02-14,10.82,84.18,Texas Water Development Board,water_level,12110208
8756501,1985-02-20,12.72,82.28,Texas Water Development Board,water_level,12110208
8756501,1985-12-04,11.79,83.21,Texas Water Development Board,water_level,12110208
8756501,1987-01-13,,,Texas Water Development Board,water_level,12110208
8756501,1988-01-06,12.93,82.07,Texas Water Development Board,water_level,12110208
8756501,1989-01-06,12.4,82.6,Texas Water Development Board,water_level,12110208
8756501,1989-12-28,14,81,Texas Water Development Board,water_level,12110208
8756501,1990-11-17,13.5,81.5,Texas Water Development Board,water_level,12110208
8756501,1991-11-19,11.5,83.5,Texas Water Development Board,water_level,12110208
8756501,1992-12-30,,,Texas Water Development Board,water_level,12110208
8756501,1993-10-26,11.1,83.9,Texas Water Development Board,water_level,12110208
8756501,1994-11-30,11.65,83.35,Texas Water Development Board,water_level,12110208
8756501,1996-02-15,11.5,83.5,Texas Water Development Board,water_level,12110208
8756501,1997-02-10,,,Texas Water Development Board,water_level,12110208
8756501,1998-02-25,,,Texas Water Development Board,water_level,12110208
8756501,1999-02-25,,,Texas Water Development Board,water_level,12110208
8756501,,43,52,Other or Source of Measurement Unknown,water_level,12110208
8756502,1997-06-28,17,79,Registered Water Well Driller,water_level,12110208
8756504,1933-08-25,7.5,74.5,U.S. Geological Survey,water_level,12110208
8756601,1998-07-11,25,61,Registered Water Well Driller,water_level,12110208
8756602,1999-03-28,12,73,Registered Water Well Driller,water_level,12110208
8756603,1933-08-25,14.5,65.5,U.S. Geological Survey,water_level,12110208
8756604,2005-10-20,12.5,62.5,Texas Water Development Board,water_level,12110208
8756604,2013-09-11,18.72,56.28,Texas Water Development Board,water_level,12110208
8756604,2014-01-28,15.8,59.2,Texas Water Development Board,water_level,12110208
8756604,2015-01-20,13.35,61.65,Texas Water Development Board,water_level,12110208
8756604,2016-01-26,10.92,64.08,Texas Water Development Board,water_level,12110208
8756604,2017-01-10,12.26,62.74,Texas Water Development Board,water_level,12110208
8756604,2018-01-17,13.28,61.72,Texas Water Development Board,water_level,12110208
8756604,2019-01-22,12.04,62.96,Texas Water Development Board,water_level,12110208
8756604,2020-01-29,13.28,61.72,Texas Water Development Board,water_level,12110208
8756604,2021-02-05,,,Texas Water Development Board,water_level,12110208
8756604,2022-01-27,10.58,64.42,Texas Water Development Board,water_level,12110208
8756604,2023-01-24,12.17,62.83,Texas Water Development Board,water_level,12110208
8756604,2024-02-01,15.65,59.35,Texas Water Development Board,water_level,12110208
8756604,2025-01-28,14.09,60.91,Texas Water Development Board,water_level,12110208
8756604,2026-01-29,16.23,58.77,Texas Water Development Board,water_level,12110208
8756701,1962-06-29,23.4,70.6,Texas Water Development Board,water_level,12110208
8756701,1963-08-14,,,Texas Water Development Board,water_level,12110208
8756701,1964-08-26,86.85,7.15,Texas Water Development Board,water_level,12110208
8756701,1965-08-11,28.34,65.66,Texas Water Development Board,water_level,12110208
8756701,1966-07-27,24.65,69.35,Texas Water Development Board,water_level,12110208
8756701,1967-07-24,26.72,67.28,Texas Water Development Board,water_level,12110208
8756701,1968-08-29,19,75,Texas Water Development Board,water_level,12110208
8756701,1969-08-21,22.49,71.51,Texas Water Development Board,water_level,12110208
8756701,1970-08-11,34.58,59.42,Texas Water Development Board,water_level,12110208
8756701,1971-08-11,,,Texas Water Development Board,water_level,12110208
8756701,1972-08-09,,,Texas Water Development Board,water_level,12110208
8756701,1973-08-23,23.5,70.5,Texas Water Development Board,water_level,12110208
8756701,1974-08-14,26.01,67.99,Texas Water Development Board,water_level,12110208
8756701,1975-08-18,19.78,74.22,Texas Water Development Board,water_level,12110208
8756701,1976-08-20,14.8,79.2,Texas Water Development Board,water_level,12110208
8756701,1977-08-09,16.4,77.6,Texas Water Development Board,water_level,12110208
8756701,1978-08-23,16.92,77.08,Texas Water Development Board,water_level,12110208
8756701,1979-08-22,24.82,69.18,Texas Water Development Board,water_level,12110208
8756701,1980-09-18,14,80,Texas Water Development Board,water_level,12110208
8756701,1980-12-11,,,Texas Water Development Board,water_level,12110208
8756701,1982-02-16,14.38,79.62,Texas Water Development Board,water_level,12110208
8756701,1983-02-17,,,Texas Water Development Board,water_level,12110208
8756701,1984-02-14,,,Texas Water Development Board,water_level,12110208
8756701,1985-02-20,16.5,77.5,Texas Water Development Board,water_level,12110208
8756701,1985-12-04,15.75,78.25,Texas Water Development Board,water_level,12110208
8756701,1987-01-13,18.04,75.96,Texas Water Development Board,water_level,12110208
8756701,1988-01-06,17.02,76.98,Texas Water Development Board,water_level,12110208
8756701,1989-01-06,18.7,75.3,Texas Water Development Board,water_level,12110208
8756701,1989-12-28,21.5,72.5,Texas Water Development Board,water_level,12110208
8756701,1990-11-17,21.8,72.2,Texas Water Development Board,water_level,12110208
8756701,1991-11-13,18,76,Texas Water Development Board,water_level,12110208
8756701,1992-12-30,12.2,81.8,Texas Water Development Board,water_level,12110208
8756701,1993-10-26,17.9,76.1,Texas Water Development Board,water_level,12110208
8756701,1994-11-30,15.5,78.5,Texas Water Development Board,water_level,12110208
8756701,1996-02-15,14.2,79.8,Texas Water Development Board,water_level,12110208
8756701,1997-02-10,,,Texas Water Development Board,water_level,12110208
8756701,1998-02-25,15.9,78.1,Texas Water Development Board,water_level,12110208
8756701,1999-02-25,,,Texas Water Development Board,water_level,12110208
8756701,2000-02-23,,,Texas Water Development Board,water_level,12110208
8756701,2001-02-22,,,Texas Water Development Board,water_level,12110208
8756702,,100,-2,U.S. Geological Survey,water_level,12110208
8756703,,124,-26,U.S. Geological Survey,water_level,12110208
8756704,,12,84,U.S. Geological Survey,water_level,12110208
8756705,,15,79,U.S. Geological Survey,water_level,12110208
8756801,1962-06-28,,,Texas Water Development Board,water_level,12110208
8756801,1963-08-14,,,Texas Water Development Board,water_level,12110208
8756801,1964-08-25,,,Texas Water Development Board,water_level,12110208
8756802,,100,-5,U.S. Geological Survey,water_level,12110208
8756901,1962-06-28,22.3,57.7,Texas Water Development Board,water_level,12110208
8756901,1963-08-14,,,Texas Water Development Board,water_level,12110208
8756901,1964-08-26,47.47,32.53,Texas Water Development Board,water_level,12110208
8756901,1965-08-10,28.13,51.87,Texas Water Development Board,water_level,12110208
8756901,1966-07-27,24.18,55.82,Texas Water Development Board,water_level,12110208
8756901,1967-07-26,23.02,56.98,Texas Water Development Board,water_level,12110208
8756901,1968-08-29,18.23,61.77,Texas Water Development Board,water_level,12110208
8756901,1969-08-22,20.64,59.36,Texas Water Development Board,water_level,12110208
8756901,1970-08-11,25.64,54.36,Texas Water Development Board,water_level,12110208
8756901,1971-08-11,26.46,53.54,Texas Water Development Board,water_level,12110208
8756901,1972-08-09,21.41,58.59,Texas Water Development Board,water_level,12110208
8756901,1973-08-23,19.84,60.16,Texas Water Development Board,water_level,12110208
8756901,1974-08-14,,,Texas Water Development Board,water_level,12110208
8762301,1962-06-20,62.9,37.1,Texas Water Development Board,water_level,13090002
8762301,1963-08-13,57.55,42.45,Texas Water Development Board,water_level,13090002
8762301,1964-08-25,72.9,27.1,Texas Water Development Board,water_level,13090002
8762301,1965-08-10,47.78,52.22,Texas Water Development Board,water_level,13090002
8762301,1966-07-27,37.88,62.12,Texas Water Development Board,water_level,13090002
8762301,1967-07-26,66.96,33.04,Texas Water Development Board,water_level,13090002
8762301,1968-08-29,59.34,40.66,Texas Water Development Board,water_level,13090002
8762301,1969-08-19,45.1,54.9,Texas Water Development Board,water_level,13090002
8762301,1970-08-11,55.72,44.28,Texas Water Development Board,water_level,13090002
8762301,1971-08-11,50.83,49.17,Texas Water Development Board,water_level,13090002
8762301,1972-08-04,30.63,69.37,Texas Water Development Board,water_level,13090002
8762301,1973-08-22,37.89,62.11,Texas Water Development Board,water_level,13090002
8762301,1974-08-15,44.2,55.8,Texas Water Development Board,water_level,13090002
8762301,1975-08-15,37.55,62.45,Texas Water Development Board,water_level,13090002
8762301,1976-08-19,30.44,69.56,Texas Water Development Board,water_level,13090002
8762301,1977-08-09,28.23,71.77,Texas Water Development Board,water_level,13090002
8762301,1978-08-23,,,Texas Water Development Board,water_level,13090002
8762301,1979-08-21,,,Texas Water Development Board,water_level,13090002
8762301,1998-07-23,31.07,68.93,Texas Water Development Board,water_level,13090002
8762301,,35,65,Other or Source of Measurement Unknown,water_level,13090002
8762302,1972-05-30,28.95,74.05,Registered Water Well Driller,water_level,12110208
8762304,1984-03-16,24,76,Registered Water Well Driller,water_level,12110208
8763101,1962-06-20,39.03,58.97,Texas Water Development Board,water_level,12110208
8763101,1963-08-14,44.89,53.11,Texas Water Development Board,water_level,12110208
8763101,1964-08-25,,,Texas Water Development Board,water_level,12110208
8763101,1965-08-10,,,Texas Water Development Board,water_level,12110208
8763101,1966-07-27,22.6,75.4,Texas Water Development Board,water_level,12110208
8763101,1967-07-26,,,Texas Water Development Board,water_level,12110208
8763101,1968-08-29,,,Texas Water Development Board,water_level,12110208
8763101,1969-08-21,,,Texas Water Development Board,water_level,12110208
8763101,1970-08-12,40.14,57.86,Texas Water Development Board,water_level,12110208
8763101,1971-08-11,40.5,57.5,Texas Water Development Board,water_level,12110208
8763101,1972-08-04,21.75,76.25,Texas Water Development Board,water_level,12110208
8763101,1973-08-22,22.65,75.35,Texas Water Development Board,water_level,12110208
8763101,1974-08-15,29.1,68.9,Texas Water Development Board,water_level,12110208
8763101,1975-08-15,19.6,78.4,Texas Water Development Board,water_level,12110208
8763101,1976-08-19,20.7,77.3,Texas Water Development Board,water_level,12110208
8763101,1977-08-09,,,Texas Water Development Board,water_level,12110208
8763102,1957-09-17,21.3,71.7,Other or Source of Measurement Unknown,water_level,12110208
8763102,1962-06-20,16.62,76.38,Texas Water Development Board,water_level,12110208
8763102,1963-08-14,11.27,81.73,Texas Water Development Board,water_level,12110208
8763102,1964-08-25,12.97,80.03,Texas Water Development Board,water_level,12110208
8763102,1965-08-10,9.9,83.1,Texas Water Development Board,water_level,12110208
8763102,1966-07-27,6.97,86.03,Texas Water Development Board,water_level,12110208
8763102,1967-07-26,13.34,79.66,Texas Water Development Board,water_level,12110208
8763102,1967-10-18,3.18,89.82,Texas Water Development Board,water_level,12110208
8763102,1967-11-15,5.78,87.22,Texas Water Development Board,water_level,12110208
8763102,1968-08-29,6.29,86.71,Texas Water Development Board,water_level,12110208
8763102,1969-08-21,5.41,87.59,Texas Water Development Board,water_level,12110208
8763102,1970-08-12,10.1,82.9,Texas Water Development Board,water_level,12110208
8763102,1971-08-11,9.23,83.77,Texas Water Development Board,water_level,12110208
8763102,1972-08-04,5.62,87.38,Texas Water Development Board,water_level,12110208
8763102,1973-08-22,5.79,87.21,Texas Water Development Board,water_level,12110208
8763102,1974-08-15,6.8,86.2,Texas Water Development Board,water_level,12110208
8763102,1975-08-15,4.36,88.64,Texas Water Development Board,water_level,12110208
8763102,1976-08-19,5.25,87.75,Texas Water Development Board,water_level,12110208
8763102,1977-08-09,5.7,87.3,Texas Water Development Board,water_level,12110208
8763102,1978-08-23,7.35,85.65,Texas Water Development Board,water_level,12110208
8763102,1979-08-21,,,Texas Water Development Board,water_level,12110208
8763104,1986-10-15,35,56,Registered Water Well Driller,water_level,12110208
8763105,1998-07-22,9.1,81.9,Texas Water Development Board,water_level,12110208
8763107,1997-06-03,14,84,Registered Water Well Driller,water_level,12110208
8763108,,12,82,U.S. Geological Survey,water_level,12110208
8763109,,9,87,U.S. Geological Survey,water_level,12110208
8763110,,12,86,U.S. Geological Survey,water_level,12110208
8763113,,11,88,U.S. Geological Survey,water_level,12110208
8763114,1945-05-09,6.8,94.2,U.S. Geological Survey,water_level,12110208
8763115,,13,88,U.S. Geological Survey,water_level,12110208
8763116,,13,88,U.S. Geological Survey,water_level,12110208
8763201,1945-05-26,51,37,Texas Commission on Environmental Quality,water_level,12110208
8763206,1957-09-17,23.4,70.6,U.S. Geological Survey,water_level,12110208
8763208,1933-08-09,8.5,84.5,U.S. Geological Survey,water_level,12110208
8763209,,17,81,U.S. Geological Survey,water_level,12110208
8763211,,10,86,U.S. Geological Survey,water_level,13090002
8763301,1962-06-29,11.29,73.71,Texas Water Development Board,water_level,12110208
8763301,1963-08-14,16.75,68.25,Texas Water Development Board,water_level,12110208
8763301,1964-08-25,22.65,62.35,Texas Water Development Board,water_level,12110208
8763301,1965-08-10,14.95,70.05,Texas Water Development Board,water_level,12110208
8763301,1966-07-27,9.38,75.62,Texas Water Development Board,water_level,12110208
8763301,1967-07-25,11.76,73.24,Texas Water Development Board,water_level,12110208
8763301,1967-10-18,5.39,79.61,Texas Water Development Board,water_level,12110208
8763301,1967-11-15,7.08,77.92,Texas Water Development Board,water_level,12110208
8763301,1968-08-29,9.2,75.8,Texas Water Development Board,water_level,12110208
8763301,1969-08-21,9.38,75.62,Texas Water Development Board,water_level,12110208
8763301,1970-08-11,13.61,71.39,Texas Water Development Board,water_level,12110208
8763301,1971-08-11,14.3,70.7,Texas Water Development Board,water_level,12110208
8763301,1972-08-04,9.23,75.77,Texas Water Development Board,water_level,12110208
8763301,1973-08-23,7.95,77.05,Texas Water Development Board,water_level,12110208
8763301,1974-08-14,13.07,71.93,Texas Water Development Board,water_level,12110208
8763301,1975-08-15,7.78,77.22,Texas Water Development Board,water_level,12110208
8763301,1976-08-19,6.85,78.15,Texas Water Development Board,water_level,12110208
8763301,1977-08-09,8.07,76.93,Texas Water Development Board,water_level,12110208
8763301,1978-08-23,,,Texas Water Development Board,water_level,12110208
8763301,1979-08-21,,,Texas Water Development Board,water_level,12110208
8763304,,30,55,U.S. Geological Survey,water_level,12110208
8763305,,15,66,U.S. Geological Survey,water_level,12110208
8763306,,20,66,U.S. Geological Survey,water_level,12110208
8763307,,9,73,U.S. Geological Survey,water_level,12110208
8763308,,21,63,U.S. Geological Survey,water_level,12110208
8763503,1962-06-29,26.04,68.96,Texas Water Development Board,water_level,13090002
8763503,1963-08-14,28.76,66.24,Texas Water Development Board,water_level,13090002
8763503,1964-08-25,32.21,62.79,Texas Water Development Board,water_level,13090002
8763503,1965-08-10,25.9,69.1,Texas Water Development Board,water_level,13090002
8763503,1966-07-27,22.82,72.18,Texas Water Development Board,water_level,13090002
8763503,1967-07-25,24.88,70.12,Texas Water Development Board,water_level,13090002
8763503,1968-08-29,,,Texas Water Development Board,water_level,13090002
8763503,1969-08-21,20.71,74.29,Texas Water Development Board,water_level,13090002
8763503,1970-08-11,24.38,70.62,Texas Water Development Board,water_level,13090002
8763503,1971-08-11,25.8,69.2,Texas Water Development Board,water_level,13090002
8763503,1972-08-04,21.9,73.1,Texas Water Development Board,water_level,13090002
8763503,1973-08-23,16.3,78.7,Texas Water Development Board,water_level,13090002
8763503,1974-08-14,,,Texas Water Development Board,water_level,13090002
8763503,1975-08-18,18.45,76.55,Texas Water Development Board,water_level,13090002
8763503,1976-08-19,14.78,80.22,Texas Water Development Board,water_level,13090002
8763503,1977-08-09,16.43,78.57,Texas Water Development Board,water_level,13090002
8763503,1978-08-23,20.06,74.94,Texas Water Development Board,water_level,13090002
8763503,1979-08-21,16.75,78.25,Texas Water Development Board,water_level,13090002
8763503,1980-09-18,18.25,76.75,Texas Water Development Board,water_level,13090002
8763503,1980-12-11,18.8,76.2,Texas Water Development Board,water_level,13090002
8763503,1983-02-17,18.78,76.22,Texas Water Development Board,water_level,13090002
8763503,1984-02-14,20.78,74.22,Texas Water Development Board,water_level,13090002
8763503,1985-02-19,19.6,75.4,Texas Water Development Board,water_level,13090002
8763503,1985-12-04,19.83,75.17,Texas Water Development Board,water_level,13090002
8763503,1987-01-13,,,Texas Water Development Board,water_level,13090002
8763503,1988-01-05,18.98,76.02,Texas Water Development Board,water_level,13090002
8763503,1989-01-06,16.01,78.99,Texas Water Development Board,water_level,13090002
8763503,1989-12-28,20.9,74.1,Texas Water Development Board,water_level,13090002
8763503,1990-11-17,,,Texas Water Development Board,water_level,13090002
8763503,1991-11-13,,,Texas Water Development Board,water_level,13090002
8763601,1962-06-29,26.01,60.99,Texas Water Development Board,water_level,12110208
8763601,1963-08-14,,,Texas Water Development Board,water_level,12110208
8763601,1964-08-25,,,Texas Water Development Board,water_level,12110208
8763601,1965-08-10,28.92,58.08,Texas Water Development Board,water_level,12110208
8763601,1966-07-27,,,Texas Water Development Board,water_level,12110208
8763601,1967-07-25,,,Texas Water Development Board,water_level,12110208
8763601,1968-08-29,29.96,57.04,Texas Water Development Board,water_level,12110208
8763601,1969-08-21,29.83,57.17,Texas Water Development Board,water_level,12110208
8763601,1970-08-11,,,Texas Water Development Board,water_level,12110208
8763601,1971-08-13,33.13,53.87,Texas Water Development Board,water_level,12110208
8763601,1972-08-04,20.6,66.4,Texas Water Development Board,water_level,12110208
8763601,1973-08-23,,,Texas Water Development Board,water_level,12110208
8763601,1974-08-14,,,Texas Water Development Board,water_level,12110208
8763601,1975-08-18,19.98,67.02,Texas Water Development Board,water_level,12110208
8763601,1976-08-19,,,Texas Water Development Board,water_level,12110208
8763601,1977-08-09,28.4,58.6,Texas Water Development Board,water_level,12110208
8763601,1978-08-22,32.32,54.68,Texas Water Development Board,water_level,12110208
8763601,1979-08-21,20.9,66.1,Texas Water Development Board,water_level,12110208
8763601,1980-09-18,,,Texas Water Development Board,water_level,12110208
8763601,1980-12-11,18.89,68.11,Texas Water Development Board,water_level,12110208
8763601,1982-02-16,19.4,67.6,Texas Water Development Board,water_level,12110208
8763601,1983-02-17,19.13,67.87,Texas Water Development Board,water_level,12110208
8763601,1984-02-14,18.58,68.42,Texas Water Development Board,water_level,12110208
8763601,1985-02-19,20.26,66.74,Texas Water Development Board,water_level,12110208
8763601,1985-12-04,19.64,67.36,Texas Water Development Board,water_level,12110208
8763601,1987-01-13,,,Texas Water Development Board,water_level,12110208
8763601,1988-01-05,17.59,69.41,Texas Water Development Board,water_level,12110208
8763601,1989-01-06,16.45,70.55,Texas Water Development Board,water_level,12110208
8763601,1989-12-28,20,67,Texas Water Development Board,water_level,12110208
8763601,1990-11-17,18.1,68.9,Texas Water Development Board,water_level,12110208
8763601,1991-11-13,16.7,70.3,Texas Water Development Board,water_level,12110208
8763601,1992-12-30,18.5,68.5,Texas Water Development Board,water_level,12110208
8763601,1993-10-26,18.9,68.1,Texas Water Development Board,water_level,12110208
8763601,1994-11-30,18.1,68.9,Texas Water Development Board,water_level,12110208
8763601,1996-02-14,18.28,68.72,Texas Water Development Board,water_level,12110208
8763601,1997-02-10,23.05,63.95,Texas Water Development Board,water_level,12110208
8763601,1998-02-25,21.6,65.4,Texas Water Development Board,water_level,12110208
8763601,1999-02-25,,,Texas Water Development Board,water_level,12110208
8763601,,36,51,Other or Source of Measurement Unknown,water_level,12110208
8763602,2005-08-17,,,Texas Water Development Board,water_level,13090002
8763603,1980-03-03,32,58,Registered Water Well Driller,water_level,13090002
8763604,1979-12-08,32,58,Registered Water Well Driller,water_level,13090002
8764101,1957-10-24,19.7,61.3,Other or Source of Measurement Unknown,water_level,12110208
8764101,1962-06-29,18.98,62.02,Texas Water Development Board,water_level,12110208
8764101,1963-08-14,28.09,52.91,Texas Water Development Board,water_level,12110208
8764101,1964-08-25,29.08,51.92,Texas Water Development Board,water_level,12110208
8764101,1965-08-11,19.11,61.89,Texas Water Development Board,water_level,12110208
8764101,1966-07-27,13.7,67.3,Texas Water Development Board,water_level,12110208
8764101,1967-07-25,15.7,65.3,Texas Water Development Board,water_level,12110208
8764101,1968-08-29,10.66,70.34,Texas Water Development Board,water_level,12110208
8764101,1969-08-21,12.39,68.61,Texas Water Development Board,water_level,12110208
8764101,1970-08-11,15.49,65.51,Texas Water Development Board,water_level,12110208
8764101,1971-08-13,,,Texas Water Development Board,water_level,12110208
8764101,1972-08-09,,,Texas Water Development Board,water_level,12110208
8764101,1973-08-23,8.2,72.8,Texas Water Development Board,water_level,12110208
8764101,1974-08-14,8.96,72.04,Texas Water Development Board,water_level,12110208
8764101,1975-08-18,8.45,72.55,Texas Water Development Board,water_level,12110208
8764101,1976-08-20,7.9,73.1,Texas Water Development Board,water_level,12110208
8764101,1977-08-09,8.45,72.55,Texas Water Development Board,water_level,12110208
8764101,1978-08-23,,,Texas Water Development Board,water_level,12110208
8764101,1979-08-21,8.5,72.5,Texas Water Development Board,water_level,12110208
8764101,1980-09-18,9.2,71.8,Texas Water Development Board,water_level,12110208
8764101,1980-12-11,8.5,72.5,Texas Water Development Board,water_level,12110208
8764101,1983-02-17,9.94,71.06,Texas Water Development Board,water_level,12110208
8764101,1984-02-14,7.43,73.57,Texas Water Development Board,water_level,12110208
8764101,1985-02-19,9.24,71.76,Texas Water Development Board,water_level,12110208
8764101,1985-12-04,9.94,71.06,Texas Water Development Board,water_level,12110208
8764101,1987-01-13,,,Texas Water Development Board,water_level,12110208
8764101,1988-01-05,,,Texas Water Development Board,water_level,12110208
8764101,1989-01-06,9.03,71.97,Texas Water Development Board,water_level,12110208
8764101,1989-12-28,10,71,Texas Water Development Board,water_level,12110208
8764101,1990-11-17,10.8,70.2,Texas Water Development Board,water_level,12110208
8764101,1991-11-13,8.5,72.5,Texas Water Development Board,water_level,12110208
8764101,1992-12-30,9.95,71.05,Texas Water Development Board,water_level,12110208
8764101,1993-10-26,10.9,70.1,Texas Water Development Board,water_level,12110208
8764101,1994-11-30,10.95,70.05,Texas Water Development Board,water_level,12110208
8764101,1996-02-14,10.15,70.85,Texas Water Development Board,water_level,12110208
8764101,1997-02-10,13.98,67.02,Texas Water Development Board,water_level,12110208
8764101,1998-02-25,12.05,68.95,Texas Water Development Board,water_level,12110208
8764101,1999-02-25,,,Texas Water Development Board,water_level,12110208
8764101,2000-02-23,,,Texas Water Development Board,water_level,12110208
8764101,2001-02-22,,,Texas Water Development Board,water_level,12110208
8764101,,15,66,Other or Source of Measurement Unknown,water_level,12110208
8764104,1998-07-22,16.95,69.05,Texas Water Development Board,water_level,12110208
8764201,1962-06-28,,,Texas Water Development Board,water_level,12110208
8764201,1963-08-14,26.63,53.37,Texas Water Development Board,water_level,12110208
8764201,1964-08-25,28.39,51.61,Texas Water Development Board,water_level,12110208
8764201,1965-08-11,23.49,56.51,Texas Water Development Board,water_level,12110208
8764201,1966-07-27,25.36,54.64,Texas Water Development Board,water_level,12110208
8764201,1967-07-25,20.73,59.27,Texas Water Development Board,water_level,12110208
8764201,1968-08-29,14.94,65.06,Texas Water Development Board,water_level,12110208
8764201,1969-08-21,18.61,61.39,Texas Water Development Board,water_level,12110208
8764201,1970-08-11,19.48,60.52,Texas Water Development Board,water_level,12110208
8764201,1971-08-13,19.26,60.74,Texas Water Development Board,water_level,12110208
8764201,1972-08-09,17.54,62.46,Texas Water Development Board,water_level,12110208
8764201,1973-08-23,12.4,67.6,Texas Water Development Board,water_level,12110208
8764201,1974-08-14,12.87,67.13,Texas Water Development Board,water_level,12110208
8764201,1975-08-18,12.07,67.93,Texas Water Development Board,water_level,12110208
8764201,1976-08-20,,,Texas Water Development Board,water_level,12110208
8764203,,21,61,U.S. Geological Survey,water_level,12110208
8764204,1945-06-22,14,62,U.S. Geological Survey,water_level,12110208
8764205,1945-06-22,13.4,65.6,U.S. Geological Survey,water_level,12110208
8764303,,32,49,U.S. Geological Survey,water_level,12110208
8764402,,14,72,U.S. Geological Survey,water_level,13090002
8764403,1945-05-29,21.9,70.1,U.S. Geological Survey,water_level,13090002
8764404,,25,61,U.S. Geological Survey,water_level,12110208
8764405,1962-06-28,27.02,57.98,Texas Water Development Board,water_level,12110208
8764405,1963-08-14,42.62,42.38,Texas Water Development Board,water_level,12110208
8764405,1964-08-25,46.03,38.97,Texas Water Development Board,water_level,12110208
8764405,1965-01-11,26.25,58.75,Texas Water Development Board,water_level,12110208
8764405,1966-07-27,27.34,57.66,Texas Water Development Board,water_level,12110208
8764405,1967-07-25,32.32,52.68,Texas Water Development Board,water_level,12110208
8764405,1968-08-29,20.55,64.45,Texas Water Development Board,water_level,12110208
8764405,1969-08-21,27.87,57.13,Texas Water Development Board,water_level,12110208
8764405,1970-08-11,30.44,54.56,Texas Water Development Board,water_level,12110208
8764405,1971-08-11,26.25,58.75,Texas Water Development Board,water_level,12110208
8764405,1972-08-04,15.7,69.3,Texas Water Development Board,water_level,12110208
8764405,1973-08-23,17.72,67.28,Texas Water Development Board,water_level,12110208
8764405,1974-08-14,21.14,63.86,Texas Water Development Board,water_level,12110208
8764405,1975-08-18,16,69,Texas Water Development Board,water_level,12110208
8764405,1976-08-20,14.8,70.2,Texas Water Development Board,water_level,12110208
8764405,1977-08-09,12.18,72.82,Texas Water Development Board,water_level,12110208
8764405,1978-08-23,20.18,64.82,Texas Water Development Board,water_level,12110208
8764405,1979-08-21,20.46,64.54,Texas Water Development Board,water_level,12110208
8764405,1980-09-18,16.34,68.66,Texas Water Development Board,water_level,12110208
8764405,1982-02-16,21,64,Texas Water Development Board,water_level,12110208
8764405,1983-02-17,20.45,64.55,Texas Water Development Board,water_level,12110208
8764405,1984-02-14,17,68,Texas Water Development Board,water_level,12110208
8764405,1985-02-19,18.52,66.48,Texas Water Development Board,water_level,12110208
8764405,1985-12-04,19.29,65.71,Texas Water Development Board,water_level,12110208
8764405,1987-01-13,,,Texas Water Development Board,water_level,12110208
8764405,1988-01-05,16.05,68.95,Texas Water Development Board,water_level,12110208
8764405,1989-01-06,14.1,70.9,Texas Water Development Board,water_level,12110208
8764405,1989-12-28,16.9,68.1,Texas Water Development Board,water_level,12110208
8764405,1990-11-17,19.2,65.8,Texas Water Development Board,water_level,12110208
8764405,1991-11-13,14,71,Texas Water Development Board,water_level,12110208
8764405,1992-12-30,18,67,Texas Water Development Board,water_level,12110208
8764405,1993-10-26,,,Texas Water Development Board,water_level,12110208
8764405,1994-11-30,,,Texas Water Development Board,water_level,12110208
8764405,1996-02-14,18.05,66.95,Texas Water Development Board,water_level,12110208
8764405,1997-02-10,,,Texas Water Development Board,water_level,12110208
8764405,1998-02-25,,,Texas Water Development Board,water_level,12110208
8764405,1999-02-25,14.7,70.3,Texas Water Development Board,water_level,12110208
8764405,2000-02-23,22,63,Texas Water Development Board,water_level,12110208
8764405,2001-02-22,23.54,61.46,Texas Water Development Board,water_level,12110208
8764405,2002-02-27,27.5,57.5,Texas Water Development Board,water_level,12110208
8764405,2003-02-13,29.8,55.2,Texas Water Development Board,water_level,12110208
8764405,2004-02-19,18.56,66.44,Texas Water Development Board,water_level,12110208
8764405,2005-02-17,17.05,67.95,Texas Water Development Board,water_level,12110208
8764405,2006-02-15,16.34,68.66,Texas Water Development Board,water_level,12110208
8764405,2007-02-28,15.1,69.9,Texas Water Development Board,water_level,12110208
8764405,2008-02-13,15.09,69.91,Texas Water Development Board,water_level,12110208
8764405,2009-03-24,14.36,70.64,Texas Water Development Board,water_level,12110208
8764405,2010-01-26,14.32,70.68,Texas Water Development Board,water_level,12110208
8764405,2011-01-18,9.09,75.91,Texas Water Development Board,water_level,12110208
8764405,2012-01-13,15.14,69.86,Texas Water Development Board,water_level,12110208
8764405,2013-01-17,,,Texas Water Development Board,water_level,12110208
8764405,2014-01-28,,,Texas Water Development Board,water_level,12110208
8764405,2015-01-20,,,Texas Water Development Board,water_level,12110208
8764405,2016-01-25,,,Texas Water Development Board,water_level,12110208
8764405,2017-01-10,,,Texas Water Development Board,water_level,12110208
8764405,,38,47,Other or Source of Measurement Unknown,water_level,12110208
8764504,1997-05-02,25,60,Registered Water Well Driller,water_level,13090002
8764507,1945-06-22,15.6,67.4,U.S. Geological Survey,water_level,12110208
8764507,,16,67,U.S. Geological Survey,water_level,12110208
8764509,,15,66,U.S. Geological Survey,water_level,12110208
8764511,1999-07-15,25,58,Registered Water Well Driller,water_level,13090002
8764512,2000-06-17,25,62,Registered Water Well Driller,water_level,13090002
8764601,1962-06-28,34.48,45.52,Texas Water Development Board,water_level,12110208
8764601,1963-08-14,,,Texas Water Development Board,water_level,12110208
8764601,,44,36,Other or Source of Measurement Unknown,water_level,12110208
8764604,1998-06-16,25,52,Registered Water Well Driller,water_level,13090002
8764604,1999-09-22,28.59,48.41,Texas Water Development Board,water_level,13090002
8764607,1999-10-07,28.4,52.6,Texas Water Development Board,water_level,13090002
8764610,,30,48,U.S. Geological Survey,water_level,12110208
8764611,,22,56,U.S. Geological Survey,water_level,12110208
8825501,1957-08-14,5.6,29.4,U.S. Geological Survey,water_level,12110208
8825502,1957-08-14,16.1,28.9,U.S. Geological Survey,water_level,12110208
8825701,,10,29,Well Owner or Operator,water_level,12110208
8825702,,123,-82,U.S. Geological Survey,water_level,12110208
8826501,1957-07-07,34.2,9.8,U.S. Geological Survey,water_level,12110208
8826502,1957-07-07,34.7,2.3,U.S. Geological Survey,water_level,12110208
8826602,1957-10-18,24.4,10.6,U.S. Geological Survey,water_level,12110208
8826702,1957-08-12,7.4,28.6,U.S. Geological Survey,water_level,12110208
8826703,1957-08-20,2.6,28.4,U.S. Geological Survey,water_level,12110208
8826801,1957-08-06,35,-1,U.S. Geological Survey,water_level,12110208
8826901,1957-08-21,45.9,-14.9,U.S. Geological Survey,water_level,12110208
8826904,,22,7,Well Owner or Operator,water_level,12110208
8827502,1957-10-18,4.7,20.3,U.S. Geological Survey,water_level,12110208
8827701,,22,8,U.S. Geological Survey,water_level,12110208
8827801,1964-08-01,165,-140,Registered Water Well Driller,water_level,12110208
8827801,1970-02-16,0.25,24.75,Texas Water Development Board,water_level,12110208
8827801,1971-08-18,,,Texas Water Development Board,water_level,12110208
8827801,1972-03-13,,,Texas Water Development Board,water_level,12110208
8827801,1973-08-29,,,Texas Water Development Board,water_level,12110208
8827801,1974-08-13,53.5,-28.5,Texas Water Development Board,water_level,12110208
8827801,1975-08-12,,,Texas Water Development Board,water_level,12110208
8827801,1976-08-17,2.7,22.3,Texas Water Development Board,water_level,12110208
8827801,1977-08-02,-1.04,26.04,Texas Water Development Board,water_level,12110208
8827801,1978-08-21,,,Texas Water Development Board,water_level,12110208
8827801,1979-08-14,,,Texas Water Development Board,water_level,12110208
8827801,1980-09-16,,,Texas Water Development Board,water_level,12110208
8827801,1980-12-13,,,Texas Water Development Board,water_level,12110208
8827801,1982-02-15,,,Texas Water Development Board,water_level,12110208
8827801,1983-02-14,,,Texas Water Development Board,water_level,12110208
8827801,1984-02-07,,,Texas Water Development Board,water_level,12110208
8827801,1985-02-19,,,Texas Water Development Board,water_level,12110208
8827901,1957-07-01,,,Other or Source of Measurement Unknown,water_level,12110208
8827901,1970-08-13,,,Texas Water Development Board,water_level,12110208
8827901,1971-08-18,,,Texas Water Development Board,water_level,12110208
8827901,1972-03-13,,,Texas Water Development Board,water_level,12110208
8833101,1957-11-07,14.4,37.6,U.S. Geological Survey,water_level,12110208
8833102,1957-08-05,15.6,43.4,U.S. Geological Survey,water_level,12110208
8833302,2005-03-04,15,25,Registered Water Well Driller,water_level,12110208
8833402,1957-08-03,11.8,43.2,U.S. Geological Survey,water_level,12110208
8833501,,10,37,U.S. Geological Survey,water_level,12110208
8833601,,17,22,U.S. Geological Survey,water_level,12110208
8833602,,17,24,U.S. Geological Survey,water_level,12110208
8833701,,60,2,U.S. Geological Survey,water_level,12110208
8833702,1953-05-05,81.1,-16.1,U.S. Geological Survey,water_level,12110208
8833705,,10,55,U.S. Geological Survey,water_level,12110208
8833706,,20,41,U.S. Geological Survey,water_level,12110208
8833801,,25,29,U.S. Geological Survey,water_level,12110208
8833802,,40,11,U.S. Geological Survey,water_level,12110208
8833803,,69,-23,U.S. Geological Survey,water_level,12110208
8833804,,20,34,U.S. Geological Survey,water_level,12110208
8833901,1933-08-24,17.2,23.8,U.S. Geological Survey,water_level,12110208
8833902,,34,18,U.S. Geological Survey,water_level,12110208
8834101,1957-10-15,7.6,32.4,U.S. Geological Survey,water_level,12110208
8834101,1979-08-14,-1.25,41.25,Texas Water Development Board,water_level,12110208
8834101,1980-09-16,0.25,39.75,Texas Water Development Board,water_level,12110208
8834101,1980-12-13,-1.29,41.29,Texas Water Development Board,water_level,12110208
8834101,1982-02-15,-1.68,41.68,Texas Water Development Board,water_level,12110208
8834101,1983-02-14,-1.72,41.72,Texas Water Development Board,water_level,12110208
8834101,1984-02-07,-1.33,41.33,Texas Water Development Board,water_level,12110208
8834101,1985-02-19,-1.43,41.43,Texas Water Development Board,water_level,12110208
8834101,1985-12-05,-1.15,41.15,Texas Water Development Board,water_level,12110208
8834101,1987-01-14,-1.65,41.65,Texas Water Development Board,water_level,12110208
8834101,1988-05-04,0.19,39.81,Texas Water Development Board,water_level,12110208
8834101,1989-01-05,-1.35,41.35,Texas Water Development Board,water_level,12110208
8834101,1990-01-04,-1,41,Texas Water Development Board,water_level,12110208
8834101,1990-12-10,-0.7,40.7,Texas Water Development Board,water_level,12110208
8834101,1991-12-10,-1,41,Texas Water Development Board,water_level,12110208
8834101,1992-12-17,-1.32,41.32,Texas Water Development Board,water_level,12110208
8834101,1994-01-11,-1.4,41.4,Texas Water Development Board,water_level,12110208
8834101,1994-11-16,-0.97,40.97,Texas Water Development Board,water_level,12110208
8834101,1996-02-15,-1.38,41.38,Texas Water Development Board,water_level,12110208
8834101,1997-02-08,-0.91,40.91,Texas Water Development Board,water_level,12110208
8834101,1998-02-24,-0.6,40.6,Texas Water Development Board,water_level,12110208
8834101,1999-02-24,-0.15,40.15,Texas Water Development Board,water_level,12110208
8834101,2000-02-24,-0.22,40.22,Texas Water Development Board,water_level,12110208
8834101,2001-02-28,-0.69,40.69,Texas Water Development Board,water_level,12110208
8834101,2002-02-26,2.3,37.7,Texas Water Development Board,water_level,12110208
8834101,2003-02-13,2.95,37.05,Texas Water Development Board,water_level,12110208
8834101,2004-02-18,3.04,36.96,Texas Water Development Board,water_level,12110208
8834101,2005-02-16,14.54,25.46,Texas Water Development Board,water_level,12110208
8834101,2006-02-16,34.6,5.4,Texas Water Development Board,water_level,12110208
8834101,2007-02-28,41.11,-1.11,Texas Water Development Board,water_level,12110208
8834101,2008-02-13,51.11,-11.11,Texas Water Development Board,water_level,12110208
8834101,2009-03-10,51.54,-11.54,Texas Water Development Board,water_level,12110208
8834101,2010-01-27,54.19,-14.19,Texas Water Development Board,water_level,12110208
8834101,2011-01-19,46.75,-6.75,Texas Water Development Board,water_level,12110208
8834101,2012-01-13,52.58,-12.58,Texas Water Development Board,water_level,12110208
8834101,2013-01-18,47.9,-7.9,Texas Water Development Board,water_level,12110208
8834101,2014-01-28,,,Texas Water Development Board,water_level,12110208
8834101,2015-01-21,53.2,-13.2,Texas Water Development Board,water_level,12110208
8834101,2016-02-01,38.37,1.63,Texas Water Development Board,water_level,12110208
8834101,2017-01-31,60.19,-20.19,Texas Water Development Board,water_level,12110208
8834101,2018-02-01,34.27,5.73,Texas Water Development Board,water_level,12110208
8834101,2019-02-19,25.84,14.16,Texas Water Development Board,water_level,12110208
8834101,2020-02-18,39.88,0.12,Texas Water Development Board,water_level,12110208
8834101,2021-02-03,63.89,-23.89,Texas Water Development Board,water_level,12110208
8834101,2022-02-21,,,Texas Water Development Board,water_level,12110208
8834101,2023-02-06,74.61,-34.61,Texas Water Development Board,water_level,12110208
8834101,2024-02-26,67.19,-27.19,Texas Water Development Board,water_level,12110208
8834101,2025-04-01,78.62,-38.62,Texas Water Development Board,water_level,12110208
8834101,2026-01-06,81.47,-41.47,Texas Water Development Board,water_level,12110208
8834102,1957-11-07,8.8,27.2,U.S. Geological Survey,water_level,12110208
8834102,1979-08-14,0.35,35.65,Texas Water Development Board,water_level,12110208
8834102,1980-09-16,1.42,34.58,Texas Water Development Board,water_level,12110208
8834102,1980-12-13,0.3,35.7,Texas Water Development Board,water_level,12110208
8834102,1982-02-15,0.12,35.88,Texas Water Development Board,water_level,12110208
8834102,1983-02-14,0.04,35.96,Texas Water Development Board,water_level,12110208
8834102,1984-02-07,0.04,35.96,Texas Water Development Board,water_level,12110208
8834102,1985-02-19,0.15,35.85,Texas Water Development Board,water_level,12110208
8834102,1985-12-05,0.2,35.8,Texas Water Development Board,water_level,12110208
8834102,1987-01-14,0.2,35.8,Texas Water Development Board,water_level,12110208
8834102,1988-05-04,-1.54,37.54,Texas Water Development Board,water_level,12110208
8834102,1989-01-05,0.16,35.84,Texas Water Development Board,water_level,12110208
8834102,1990-01-04,0.6,35.4,Texas Water Development Board,water_level,12110208
8834102,1990-12-10,0.4,35.6,Texas Water Development Board,water_level,12110208
8834102,1991-12-10,0.2,35.8,Texas Water Development Board,water_level,12110208
8834102,1992-12-17,0.54,35.46,Texas Water Development Board,water_level,12110208
8834102,1994-01-11,0.5,35.5,Texas Water Development Board,water_level,12110208
8834102,1994-11-16,0.67,35.33,Texas Water Development Board,water_level,12110208
8834102,1996-02-15,0.45,35.55,Texas Water Development Board,water_level,12110208
8834102,1997-02-08,0.68,35.32,Texas Water Development Board,water_level,12110208
8834102,1997-02-20,,,Texas Water Development Board,water_level,12110208
8834104,1953-04-16,34,-4,Other or Source of Measurement Unknown,water_level,12110208
8834104,1957-08-07,15.5,14.5,U.S. Geological Survey,water_level,12110208
8834104,1970-08-14,,,Texas Water Development Board,water_level,12110208
8834104,1971-08-18,,,Texas Water Development Board,water_level,12110208
8834104,1972-03-13,,,Texas Water Development Board,water_level,12110208
8834104,1973-08-29,,,Texas Water Development Board,water_level,12110208
8834104,1974-08-13,,,Texas Water Development Board,water_level,12110208
8834104,1975-08-11,,,Texas Water Development Board,water_level,12110208
8834104,1976-08-17,,,Texas Water Development Board,water_level,12110208
8834104,1977-08-02,,,Texas Water Development Board,water_level,12110208
8834105,,26,14,U.S. Geological Survey,water_level,12110208
8834106,,10,27,U.S. Geological Survey,water_level,12110208
8834301,1954-05-16,16,17,U.S. Geological Survey,water_level,12110208
8834301,1997-07-25,10,23,Registered Water Well Driller,water_level,12110208
8834301,2013-09-12,31.5,1.5,Texas Water Development Board,water_level,12110208
8834301,2014-01-28,30.15,2.85,Texas Water Development Board,water_level,12110208
8834301,2015-01-21,30.33,2.67,Texas Water Development Board,water_level,12110208
8834301,2016-02-01,27.22,5.78,Texas Water Development Board,water_level,12110208
8834301,2017-01-31,36.97,-3.97,Texas Water Development Board,water_level,12110208
8834301,2018-02-01,29.63,3.37,Texas Water Development Board,water_level,12110208
8834301,2019-02-19,23.51,9.49,Texas Water Development Board,water_level,12110208
8834301,2020-02-18,,,Texas Water Development Board,water_level,12110208
8834301,2021-02-03,14.63,18.37,Texas Water Development Board,water_level,12110208
8834301,2022-02-21,,,Texas Water Development Board,water_level,12110208
8834301,2023-02-06,,,Texas Water Development Board,water_level,12110208
8834301,,31,2,U.S. Geological Survey,water_level,12110208
8834401,,22,17,U.S. Geological Survey,water_level,12110208
8834501,1999-09-22,,,Texas Water Development Board,water_level,12110208
8834502,1997-01-24,8,31,Registered Water Well Driller,water_level,12110208
8834601,1970-08-14,-1,36,Texas Water Development Board,water_level,12110208
8834601,1971-08-18,-3,38,Texas Water Development Board,water_level,12110208
8834601,1972-03-13,-3.95,38.95,Texas Water Development Board,water_level,12110208
8834601,1973-08-29,-3.85,38.85,Texas Water Development Board,water_level,12110208
8834601,1974-08-13,-3.2,38.2,Texas Water Development Board,water_level,12110208
8834601,1975-08-12,-4,39,Texas Water Development Board,water_level,12110208
8834601,1977-08-02,-4.22,39.22,Texas Water Development Board,water_level,12110208
8834601,1978-08-21,-4.41,39.41,Texas Water Development Board,water_level,12110208
8834601,1979-08-14,-4.88,39.88,Texas Water Development Board,water_level,12110208
8834601,1980-09-16,-4.3,39.3,Texas Water Development Board,water_level,12110208
8834601,1980-12-13,-4.67,39.67,Texas Water Development Board,water_level,12110208
8834601,1982-02-15,-4.72,39.72,Texas Water Development Board,water_level,12110208
8834601,1983-02-14,-5.5,40.5,Texas Water Development Board,water_level,12110208
8834601,1984-02-07,-6.15,41.15,Texas Water Development Board,water_level,12110208
8834601,1985-02-19,-5.65,40.65,Texas Water Development Board,water_level,12110208
8834601,1985-12-05,-5.32,40.32,Texas Water Development Board,water_level,12110208
8834601,1987-01-14,-5.65,40.65,Texas Water Development Board,water_level,12110208
8834601,1988-05-04,-5.6,40.6,Texas Water Development Board,water_level,12110208
8834601,1989-01-05,-5.46,40.46,Texas Water Development Board,water_level,12110208
8834601,1990-01-04,-5.2,40.2,Texas Water Development Board,water_level,12110208
8834601,1990-12-10,-5.8,40.8,Texas Water Development Board,water_level,12110208
8834601,1991-12-10,-5.8,40.8,Texas Water Development Board,water_level,12110208
8834601,1992-12-17,-5.4,40.4,Texas Water Development Board,water_level,12110208
8834601,1994-01-11,-5.3,40.3,Texas Water Development Board,water_level,12110208
8834601,1994-11-16,-5.2,40.2,Texas Water Development Board,water_level,12110208
8834601,1996-02-15,-5.8,40.8,Texas Water Development Board,water_level,12110208
8834601,1997-02-08,-5.37,40.37,Texas Water Development Board,water_level,12110208
8834601,1998-02-24,-5.29,40.29,Texas Water Development Board,water_level,12110208
8834601,1999-02-24,-5.55,40.55,Texas Water Development Board,water_level,12110208
8834601,2000-02-24,-4.72,39.72,Texas Water Development Board,water_level,12110208
8834601,2001-02-28,-5.5,40.5,Texas Water Development Board,water_level,12110208
8834601,2002-02-26,-3.3,38.3,Texas Water Development Board,water_level,12110208
8834601,2003-02-13,-2.82,37.82,Texas Water Development Board,water_level,12110208
8834601,2004-02-18,-2.58,37.58,Texas Water Development Board,water_level,12110208
8834601,2005-02-16,-0.81,35.81,Texas Water Development Board,water_level,12110208
8834601,2006-02-16,,,Texas Water Development Board,water_level,12110208
8834601,2007-02-28,,,Texas Water Development Board,water_level,12110208
8834601,2008-02-13,,,Texas Water Development Board,water_level,12110208
8834601,2009-03-10,,,Texas Water Development Board,water_level,12110208
8834601,2010-01-27,22.5,12.5,Texas Water Development Board,water_level,12110208
8834601,2011-01-19,19.47,15.53,Texas Water Development Board,water_level,12110208
8834601,2012-01-13,23.2,11.8,Texas Water Development Board,water_level,12110208
8834601,2013-01-18,21.2,13.8,Texas Water Development Board,water_level,12110208
8834601,2014-01-28,22.4,12.6,Texas Water Development Board,water_level,12110208
8834601,2015-01-21,22.01,12.99,Texas Water Development Board,water_level,12110208
8834601,2016-02-01,22.47,12.53,Texas Water Development Board,water_level,12110208
8834601,2017-01-31,25.97,9.03,Texas Water Development Board,water_level,12110208
8834601,2018-02-01,20.37,14.63,Texas Water Development Board,water_level,12110208
8834601,2019-02-19,18.59,16.41,Texas Water Development Board,water_level,12110208
8834601,2020-02-18,18.03,16.97,Texas Water Development Board,water_level,12110208
8834601,2021-02-03,30.84,4.16,Texas Water Development Board,water_level,12110208
8834601,2022-02-21,19.85,15.15,Texas Water Development Board,water_level,12110208
8834601,2023-02-06,8.3,26.7,Texas Water Development Board,water_level,12110208
8834601,2024-02-26,17.53,17.47,Texas Water Development Board,water_level,12110208
8834601,2025-04-01,,,Texas Water Development Board,water_level,12110208
8834601,2026-01-06,,,Texas Water Development Board,water_level,12110208
8834701,,10,31,U.S. Geological Survey,water_level,12110208
8834702,,35,6,U.S. Geological Survey,water_level,12110208
8834704,,25,20,U.S. Geological Survey,water_level,12110208
8834801,,11,29,U.S. Geological Survey,water_level,12110208
8835201,1974-09-20,18,7,Registered Water Well Driller,water_level,12110208
8835201,1999-05-12,0.1,24.9,Texas Water Development Board,water_level,12110208
8835601,1957-08-20,3.2,20.8,Texas Water Development Board,water_level,12110208
8835801,1957-07-01,29,1,Other or Source of Measurement Unknown,water_level,12110208
8835801,1970-08-13,,,Texas Water Development Board,water_level,12110208
8835801,1971-08-18,,,Texas Water Development Board,water_level,12110208
8835801,1972-03-13,10,20,Texas Water Development Board,water_level,12110208
8835801,1973-08-29,10,20,Texas Water Development Board,water_level,12110208
8835801,1974-08-13,,,Texas Water Development Board,water_level,12110208
8835801,1975-08-12,,,Texas Water Development Board,water_level,12110208
8835801,1976-08-17,,,Texas Water Development Board,water_level,12110208
8835801,1977-08-02,,,Texas Water Development Board,water_level,12110208
8835801,1978-08-21,,,Texas Water Development Board,water_level,12110208
8835801,1979-08-14,,,Texas Water Development Board,water_level,12110208
8835801,1980-09-16,,,Texas Water Development Board,water_level,12110208
8835801,1980-12-13,,,Texas Water Development Board,water_level,12110208
8835801,1983-02-14,,,Texas Water Development Board,water_level,12110208
8835801,1984-02-07,,,Texas Water Development Board,water_level,12110208
8835801,1985-02-19,,,Texas Water Development Board,water_level,12110208
8835801,1985-12-05,,,Texas Water Development Board,water_level,12110208
8836102,1933-08-13,8.8,10.2,U.S. Geological Survey,water_level,12110208
8836404,1957-08-21,0.3,17.7,U.S. Geological Survey,water_level,12110208
8836701,1957-08-12,3.6,15.4,U.S. Geological Survey,water_level,12110208
8841101,1933-08-23,16.5,37.5,U.S. Geological Survey,water_level,12110208
8841201,,31,29,U.S. Geological Survey,water_level,12110208
8841202,1933-08-23,30.5,34.5,U.S. Geological Survey,water_level,12110208
8841203,,95,-43,U.S. Geological Survey,water_level,12110208
8841204,,26,24,U.S. Geological Survey,water_level,12110208
8841301,,6,44,U.S. Geological Survey,water_level,12110208
8841302,,17,35,U.S. Geological Survey,water_level,12110208
8841303,,25,24,U.S. Geological Survey,water_level,12110208
8841304,,50,-1,U.S. Geological Survey,water_level,12110208
8841305,,27,21,U.S. Geological Survey,water_level,12110208
8841307,,35,10,U.S. Geological Survey,water_level,12110208
8841402,,16,49,U.S. Geological Survey,water_level,12110208
8841403,,20,42,U.S. Geological Survey,water_level,12110208
8841501,,22,38,U.S. Geological Survey,water_level,12110208
8841502,,29,31,U.S. Geological Survey,water_level,12110208
8841503,1957-10-25,20.9,39.1,U.S. Geological Survey,water_level,12110208
8841504,,20,38,U.S. Geological Survey,water_level,12110208
8841601,1933-08-24,17.5,32.5,U.S. Geological Survey,water_level,12110208
8841701,,20,38,U.S. Geological Survey,water_level,12110208
8841802,1933-08-18,9.5,48.5,U.S. Geological Survey,water_level,12110208
8841803,,20,38,U.S. Geological Survey,water_level,12110208
8841901,,16,42,U.S. Geological Survey,water_level,12110208
8841902,1933-08-18,12.5,46.5,U.S. Geological Survey,water_level,12110208
8841903,,30,27,U.S. Geological Survey,water_level,12110208
8842101,,12,30,U.S. Geological Survey,water_level,12110208
8842102,,25,17,U.S. Geological Survey,water_level,12110208
8842103,1957-10-25,10.2,33.8,U.S. Geological Survey,water_level,12110208
8842104,,18,23,U.S. Geological Survey,water_level,12110208
8842104,,18,23,U.S. Geological Survey,water_level,12110208
8842105,,12,30,U.S. Geological Survey,water_level,12110208
8842201,1957-09-09,14.38,25.62,Other or Source of Measurement Unknown,water_level,12110208
8842201,1959-02-17,4.93,35.07,Other or Source of Measurement Unknown,water_level,12110208
8842201,1960-08-30,8.51,31.49,Other or Source of Measurement Unknown,water_level,12110208
8842201,1962-06-27,,,Texas Water Development Board,water_level,12110208
8842203,,12,25,U.S. Geological Survey,water_level,12110208
8842204,,14,24,U.S. Geological Survey,water_level,12110208
8842207,,12,30,U.S. Geological Survey,water_level,12110208
8842401,1957-09-09,17.28,27.72,Other or Source of Measurement Unknown,water_level,12110208
8842401,1959-02-17,7.67,37.33,Other or Source of Measurement Unknown,water_level,12110208
8842401,1960-08-30,10.22,34.78,Other or Source of Measurement Unknown,water_level,12110208
8842401,1962-06-27,9,36,Texas Water Development Board,water_level,12110208
8842401,1963-08-14,10.06,34.94,Texas Water Development Board,water_level,12110208
8842401,1964-08-26,12.62,32.38,Texas Water Development Board,water_level,12110208
8842401,1965-08-11,10.55,34.45,Texas Water Development Board,water_level,12110208
8842401,1966-07-28,6.45,38.55,Texas Water Development Board,water_level,12110208
8842401,1967-07-27,10.98,34.02,Texas Water Development Board,water_level,12110208
8842401,1968-08-30,6.4,38.6,Texas Water Development Board,water_level,12110208
8842401,1969-08-20,9.37,35.63,Texas Water Development Board,water_level,12110208
8842401,1970-08-20,11.04,33.96,Texas Water Development Board,water_level,12110208
8842401,1971-08-17,,,Texas Water Development Board,water_level,12110208
8842401,1972-08-08,7.64,37.36,Texas Water Development Board,water_level,12110208
8842401,1973-08-29,8.02,36.98,Texas Water Development Board,water_level,12110208
8842401,1974-08-20,9.32,35.68,Texas Water Development Board,water_level,12110208
8842401,1975-08-12,,,Texas Water Development Board,water_level,12110208
8842401,1976-08-17,,,Texas Water Development Board,water_level,12110208
8842401,1977-08-02,4.61,40.39,Texas Water Development Board,water_level,12110208
8842401,1978-08-24,6.37,38.63,Texas Water Development Board,water_level,12110208
8842401,1979-08-15,,,Texas Water Development Board,water_level,12110208
8842402,1952-09-11,22.3,22.7,Other or Source of Measurement Unknown,water_level,12110208
8842402,1957-09-09,13.06,31.94,Other or Source of Measurement Unknown,water_level,12110208
8842402,1959-02-17,4.92,40.08,Other or Source of Measurement Unknown,water_level,12110208
8842402,1960-08-30,7.35,37.65,Other or Source of Measurement Unknown,water_level,12110208
8842402,1962-06-27,,,Texas Water Development Board,water_level,12110208
8842403,,10,34,U.S. Geological Survey,water_level,12110208
8842501,1957-09-09,15.37,39.63,Other or Source of Measurement Unknown,water_level,12110208
8842501,1959-02-17,7.41,47.59,Other or Source of Measurement Unknown,water_level,12110208
8842501,1960-08-30,9.37,45.63,Other or Source of Measurement Unknown,water_level,12110208
8842501,1962-06-27,,,Texas Water Development Board,water_level,12110208
8842504,,12,33,U.S. Geological Survey,water_level,12110208
8842505,,40,5,U.S. Geological Survey,water_level,12110208
8842507,,11,35,U.S. Geological Survey,water_level,12110208
8842508,2011-11-01,10,34,Registered Water Well Driller,water_level,12110208
8842601,1957-09-09,14.6,27.4,Other or Source of Measurement Unknown,water_level,12110208
8842601,1959-02-17,8.43,33.57,Other or Source of Measurement Unknown,water_level,12110208
8842601,1960-08-30,8.95,33.05,Other or Source of Measurement Unknown,water_level,12110208
8842601,1962-06-27,,,Texas Water Development Board,water_level,12110208
8842601,1963-08-14,,,Texas Water Development Board,water_level,12110208
8842601,1980-12-15,3.9,38.1,Texas Water Development Board,water_level,12110208
8842602,,18,27,U.S. Geological Survey,water_level,12110208
8842603,,20,20,U.S. Geological Survey,water_level,12110208
8842604,,9,31,U.S. Geological Survey,water_level,12110208
8842605,,16,29,U.S. Geological Survey,water_level,12110208
8842606,,18,26,U.S. Geological Survey,water_level,12110208
8842801,1968-08-01,15,36,Registered Water Well Driller,water_level,12110208
8842901,1957-09-09,16.22,25.78,Other or Source of Measurement Unknown,water_level,12110208
8842901,1959-02-17,10.13,31.87,Other or Source of Measurement Unknown,water_level,12110208
8842901,1960-08-30,9.83,32.17,Other or Source of Measurement Unknown,water_level,12110208
8842901,1962-06-27,,,Texas Water Development Board,water_level,12110208
8842901,1963-08-14,13.85,28.15,Texas Water Development Board,water_level,12110208
8842901,1964-08-26,,,Texas Water Development Board,water_level,12110208
8842901,1965-08-11,,,Texas Water Development Board,water_level,12110208
8842903,,30,11,U.S. Geological Survey,water_level,12110208
8842906,,12,28,U.S. Geological Survey,water_level,12110208
8843101,,8,25,U.S. Geological Survey,water_level,12110208
8843201,,10,21,U.S. Geological Survey,water_level,12110208
8843401,1952-07-23,14,19,U.S. Geological Survey,water_level,12110208
8843901,,10,17,U.S. Geological Survey,water_level,12110208
8843902,,7,20,U.S. Geological Survey,water_level,12110208
8844201,1957-10-28,8,8,U.S. Geological Survey,water_level,12110208
8844202,1957-10-28,6,11,U.S. Geological Survey,water_level,12110208
8844203,2012-08-14,11,5,Registered Water Well Driller,water_level,12110208
8844203,2013-01-18,11.12,4.88,Texas Water Development Board,water_level,12110208
8844203,2014-01-28,5.1,10.9,Texas Water Development Board,water_level,12110208
8844203,2015-01-21,3.09,12.91,Texas Water Development Board,water_level,12110208
8844203,2016-02-01,3.91,12.09,Texas Water Development Board,water_level,12110208
8844203,2017-01-31,10.41,5.59,Texas Water Development Board,water_level,12110208
8844203,2018-02-01,11.93,4.07,Texas Water Development Board,water_level,12110208
8844203,2019-02-19,13.79,2.21,Texas Water Development Board,water_level,12110208
8844203,2020-02-18,9.6,6.4,Texas Water Development Board,water_level,12110208
8844203,2021-02-05,8.13,7.87,Texas Water Development Board,water_level,12110208
8844203,2022-02-21,,,Texas Water Development Board,water_level,12110208
8844203,2023-02-06,,,Texas Water Development Board,water_level,12110208
8845701,1945-07-30,10.3,5.7,U.S. Geological Survey,water_level,12110208
8849101,,9,60,U.S. Geological Survey,water_level,12110208
8849201,,6,55,U.S. Geological Survey,water_level,12110208
8849304,,20,46,U.S. Geological Survey,water_level,12110208
8849401,1998-07-23,16.43,64.57,Texas Water Development Board,water_level,12110208
8849402,1933-07-27,11.5,57.5,U.S. Geological Survey,water_level,12110208
8849403,,10,59,U.S. Geological Survey,water_level,12110208
8849404,,18,53,U.S. Geological Survey,water_level,12110208
8849405,1999-09-14,25,52,Texas Water Development Board,water_level,12110208
8849405,2000-06-21,15.33,61.67,Registered Water Well Driller,water_level,12110208
8849406,2002-08-14,25,53,Registered Water Well Driller,water_level,12110208
8849501,,5,61,U.S. Geological Survey,water_level,12110208
8849502,1933-08-03,6.5,57.5,U.S. Geological Survey,water_level,12110208
8849503,,30,36,U.S. Geological Survey,water_level,12110208
8849601,1962-06-28,9.1,49.9,Texas Water Development Board,water_level,12110208
8849601,1963-08-14,9.89,49.11,Texas Water Development Board,water_level,12110208
8849601,1964-08-26,11.65,47.35,Texas Water Development Board,water_level,12110208
8849601,1965-08-11,9.24,49.76,Texas Water Development Board,water_level,12110208
8849601,1966-07-28,7.04,51.96,Texas Water Development Board,water_level,12110208
8849601,1967-07-26,8.86,50.14,Texas Water Development Board,water_level,12110208
8849601,1968-08-29,7.84,51.16,Texas Water Development Board,water_level,12110208
8849601,1969-08-21,8.61,50.39,Texas Water Development Board,water_level,12110208
8849601,1970-08-11,,,Texas Water Development Board,water_level,12110208
8849603,,20,42,U.S. Geological Survey,water_level,12110208
8849604,1933-08-09,10.5,57.5,U.S. Geological Survey,water_level,12110208
8849605,,20,41,U.S. Geological Survey,water_level,12110208
8849701,1962-06-28,28.31,50.69,Texas Water Development Board,water_level,12110208
8849701,1963-08-14,34.63,44.37,Texas Water Development Board,water_level,12110208
8849701,1964-08-26,39.4,39.6,Texas Water Development Board,water_level,12110208
8849701,1965-08-11,28.94,50.06,Texas Water Development Board,water_level,12110208
8849701,1966-07-28,28.61,50.39,Texas Water Development Board,water_level,12110208
8849701,1967-07-26,36.25,42.75,Texas Water Development Board,water_level,12110208
8849701,1968-08-29,,,Texas Water Development Board,water_level,12110208
8849701,1969-08-21,,,Texas Water Development Board,water_level,12110208
8849701,1970-08-11,,,Texas Water Development Board,water_level,12110208
8849701,1971-08-13,,,Texas Water Development Board,water_level,12110208
8849701,1972-08-09,26.1,52.9,Texas Water Development Board,water_level,12110208
8849701,1973-08-23,18.6,60.4,Texas Water Development Board,water_level,12110208
8849701,1974-08-14,24.8,54.2,Texas Water Development Board,water_level,12110208
8849701,1975-08-18,18.25,60.75,Texas Water Development Board,water_level,12110208
8849701,1976-08-20,17.79,61.21,Texas Water Development Board,water_level,12110208
8849701,1977-08-09,,,Texas Water Development Board,water_level,12110208
8849701,1978-08-23,17.74,61.26,Texas Water Development Board,water_level,12110208
8849701,1979-08-22,17.23,61.77,Texas Water Development Board,water_level,12110208
8849701,1980-09-18,16.07,62.93,Texas Water Development Board,water_level,12110208
8849701,1980-12-12,16.92,62.08,Texas Water Development Board,water_level,12110208
8849701,1983-02-17,17.98,61.02,Texas Water Development Board,water_level,12110208
8849701,1984-02-14,15.74,63.26,Texas Water Development Board,water_level,12110208
8849701,1985-02-19,16.19,62.81,Texas Water Development Board,water_level,12110208
8849701,1985-12-04,16.1,62.9,Texas Water Development Board,water_level,12110208
8849701,1987-01-13,16.75,62.25,Texas Water Development Board,water_level,12110208
8849701,1988-01-06,16.41,62.59,Texas Water Development Board,water_level,12110208
8849701,1989-01-06,16.15,62.85,Texas Water Development Board,water_level,12110208
8849701,1989-12-27,18,61,Texas Water Development Board,water_level,12110208
8849701,1990-11-17,17.7,61.3,Texas Water Development Board,water_level,12110208
8849701,1991-11-12,15.7,63.3,Texas Water Development Board,water_level,12110208
8849701,1992-12-29,13.9,65.1,Texas Water Development Board,water_level,12110208
8849701,1993-10-26,15.5,63.5,Texas Water Development Board,water_level,12110208
8849701,1994-11-29,16.65,62.35,Texas Water Development Board,water_level,12110208
8849701,1996-02-14,,,Texas Water Development Board,water_level,12110208
8849702,1986-02-18,22,55,Registered Water Well Driller,water_level,12110208
8849705,1997-04-08,14.45,65.55,Texas Water Development Board,water_level,12110208
8849707,1933-08-19,11.5,68.5,U.S. Geological Survey,water_level,12110208
8849708,,42,33,U.S. Geological Survey,water_level,12110208
8849709,,14,60,U.S. Geological Survey,water_level,12110208
8849802,1989-08-30,30,40,Registered Water Well Driller,water_level,12110208
8849803,,6,63,U.S. Geological Survey,water_level,12110208
8849901,,38,32,Texas Commission on Environmental Quality,water_level,12110208
8849902,1996-05-30,32,33,Registered Water Well Driller,water_level,12110208
8849902,2005-08-16,,,Texas Water Development Board,water_level,12110208
8849904,1933-08-10,13.5,50.5,U.S. Geological Survey,water_level,12110208
8849905,1933-08-10,11.5,49.5,U.S. Geological Survey,water_level,12110208
8850101,1952-10-13,23.1,36.9,U.S. Geological Survey,water_level,12110208
8850101,1959-02-17,14.02,45.98,Other or Source of Measurement Unknown,water_level,12110208
8850101,1962-06-27,,,Texas Water Development Board,water_level,12110208
8850101,1963-08-14,,,Texas Water Development Board,water_level,12110208
8850201,1983-07-28,4,44,Registered Water Well Driller,water_level,12110208
8850202,1945-07-15,7.1,40.9,U.S. Geological Survey,water_level,12110208
8850301,1963-08-14,14.7,34.3,Texas Water Development Board,water_level,12110208
8850301,1964-08-26,16.58,32.42,Texas Water Development Board,water_level,12110208
8850301,1965-08-11,15.57,33.43,Texas Water Development Board,water_level,12110208
8850301,1966-07-28,12.42,36.58,Texas Water Development Board,water_level,12110208
8850301,1967-07-27,15.17,33.83,Texas Water Development Board,water_level,12110208
8850301,1968-08-30,,,Texas Water Development Board,water_level,12110208
8850301,1969-08-20,18.58,30.42,Texas Water Development Board,water_level,12110208
8850301,1970-08-20,23.6,25.4,Texas Water Development Board,water_level,12110208
8850301,1971-08-17,13.15,35.85,Texas Water Development Board,water_level,12110208
8850301,1972-08-08,12.9,36.1,Texas Water Development Board,water_level,12110208
8850301,1973-08-29,13.24,35.76,Texas Water Development Board,water_level,12110208
8850301,1974-08-20,14.44,34.56,Texas Water Development Board,water_level,12110208
8850301,1975-08-12,11.9,37.1,Texas Water Development Board,water_level,12110208
8850301,1976-08-17,12.4,36.6,Texas Water Development Board,water_level,12110208
8850301,1977-08-02,13.84,35.16,Texas Water Development Board,water_level,12110208
8850301,1978-08-24,19.9,29.1,Texas Water Development Board,water_level,12110208
8850301,1979-08-15,14.5,34.5,Texas Water Development Board,water_level,12110208
8850301,1980-09-17,12.4,36.6,Texas Water Development Board,water_level,12110208
8850301,1980-12-13,12.48,36.52,Texas Water Development Board,water_level,12110208
8850301,1983-02-15,13.02,35.98,Texas Water Development Board,water_level,12110208
8850301,1984-02-07,,,Texas Water Development Board,water_level,12110208
8850301,1985-02-19,,,Texas Water Development Board,water_level,12110208
8850303,,22,26,U.S. Geological Survey,water_level,12110208
8850305,2005-09-01,22.85,20.15,Registered Water Well Driller,water_level,12110208
8850401,1952-07-02,8,50,U.S. Geological Survey,water_level,12110208
8850401,1957-09-09,22.6,35.4,Other or Source of Measurement Unknown,water_level,12110208
8850401,1959-02-17,12.87,45.13,Other or Source of Measurement Unknown,water_level,12110208
8850401,1960-08-30,11.74,46.26,Other or Source of Measurement Unknown,water_level,12110208
8850401,1962-06-27,8.84,49.16,Texas Water Development Board,water_level,12110208
8850401,1963-08-14,14.9,43.1,Texas Water Development Board,water_level,12110208
8850401,1964-08-26,24.78,33.22,Texas Water Development Board,water_level,12110208
8850401,1965-08-11,12.08,45.92,Texas Water Development Board,water_level,12110208
8850401,1966-07-28,,,Texas Water Development Board,water_level,12110208
8850401,1967-07-27,11.53,46.47,Texas Water Development Board,water_level,12110208
8850401,1968-08-30,8.92,49.08,Texas Water Development Board,water_level,12110208
8850401,1969-08-20,11.87,46.13,Texas Water Development Board,water_level,12110208
8850401,1970-08-20,14.32,43.68,Texas Water Development Board,water_level,12110208
8850401,1971-08-17,14.01,43.99,Texas Water Development Board,water_level,12110208
8850401,1972-08-08,7.6,50.4,Texas Water Development Board,water_level,12110208
8850401,1973-08-29,8.11,49.89,Texas Water Development Board,water_level,12110208
8850401,1974-08-20,10.61,47.39,Texas Water Development Board,water_level,12110208
8850401,1975-08-12,,,Texas Water Development Board,water_level,12110208
8850401,1976-08-17,,,Texas Water Development Board,water_level,12110208
8850401,1977-08-02,,,Texas Water Development Board,water_level,12110208
8850401,1978-08-24,,,Texas Water Development Board,water_level,12110208
8850401,1979-08-15,,,Texas Water Development Board,water_level,12110208
8850402,1957-09-09,19.02,40.98,Other or Source of Measurement Unknown,water_level,12110208
8850402,1959-02-17,12.23,47.77,Other or Source of Measurement Unknown,water_level,12110208
8850402,1960-08-30,10.37,49.63,Other or Source of Measurement Unknown,water_level,12110208
8850402,1962-06-27,10.59,49.41,Texas Water Development Board,water_level,12110208
8850402,1963-08-14,,,Texas Water Development Board,water_level,12110208
8850402,1964-08-25,,,Texas Water Development Board,water_level,12110208
8850402,1998-07-21,13.6,46.4,Texas Water Development Board,water_level,12110208
8850403,1983-08-26,5.5,52.5,Registered Water Well Driller,water_level,12110208
8850404,1998-07-21,12.76,44.24,Texas Water Development Board,water_level,12110208
8850501,1998-07-29,50,7,Registered Water Well Driller,water_level,12110208
8850502,1945-09-08,8.4,47.6,U.S. Geological Survey,water_level,12110208
8850503,1945-07-19,8.3,48.7,U.S. Geological Survey,water_level,12110208
8850601,,11,46,Other or Source of Measurement Unknown,water_level,12110208
8850701,1998-07-21,20,40,Texas Water Development Board,water_level,12110208
8850702,,8,51,U.S. Geological Survey,water_level,12110208
8850704,2005-08-18,,,Texas Water Development Board,water_level,12110208
8850705,1971-05-28,15,42,Registered Water Well Driller,water_level,12110208
8850801,1977-04-10,6,45,Registered Water Well Driller,water_level,12110208
8850802,1998-07-22,14.75,41.25,Texas Water Development Board,water_level,12110208
8850803,1998-07-22,32.35,23.65,Texas Water Development Board,water_level,12110208
8850804,1996-07-29,40,13,Registered Water Well Driller,water_level,12110208
8850805,1999-06-29,32,28,Registered Water Well Driller,water_level,12110208
8850805,1999-08-03,17.9,42.1,Texas Water Development Board,water_level,12110208
8850806,1945-07-15,5.8,47.2,U.S. Geological Survey,water_level,12110208
8850807,,20,35,Municipal Water Agency or PWS Corporation,water_level,12110208
8850807,,12,43,U.S. Geological Survey,water_level,12110208
8850808,,14,41,Registered Water Well Driller,water_level,12110208
8850809,,8,50,Registered Water Well Driller,water_level,12110208
8850811,1999-10-26,25,35,Registered Water Well Driller,water_level,12110208
8850811,2000-06-21,20.28,39.72,Texas Water Development Board,water_level,12110208
8850812,2005-08-18,,,Texas Water Development Board,water_level,12110208
8850813,2002-06-14,32,28,Registered Water Well Driller,water_level,12110208
8850901,1952-07-07,28.5,22.5,Other or Source of Measurement Unknown,water_level,12110208
8850901,1957-09-10,24.61,26.39,Other or Source of Measurement Unknown,water_level,12110208
8850901,1959-03-02,14.1,36.9,Other or Source of Measurement Unknown,water_level,12110208
8850901,1960-08-30,13.62,37.38,Other or Source of Measurement Unknown,water_level,12110208
8850901,1962-06-27,,,Texas Water Development Board,water_level,12110208
8850901,1998-07-22,26.52,24.48,Texas Water Development Board,water_level,12110208
8850902,1957-09-10,21.51,22.49,Other or Source of Measurement Unknown,water_level,12110208
8850902,1960-08-30,16.16,27.84,Other or Source of Measurement Unknown,water_level,12110208
8850902,1962-06-26,11.02,32.98,Texas Water Development Board,water_level,12110208
8850902,1963-08-14,13.05,30.95,Texas Water Development Board,water_level,12110208
8850902,1964-08-26,30.78,13.22,Texas Water Development Board,water_level,12110208
8850902,1965-08-11,12.55,31.45,Texas Water Development Board,water_level,12110208
8850902,1966-07-28,10.89,33.11,Texas Water Development Board,water_level,12110208
8850902,1967-07-27,13.08,30.92,Texas Water Development Board,water_level,12110208
8850902,1968-08-30,10.1,33.9,Texas Water Development Board,water_level,12110208
8850902,1969-08-20,,,Texas Water Development Board,water_level,12110208
8850902,1970-08-20,13.2,30.8,Texas Water Development Board,water_level,12110208
8850902,1971-08-17,14.75,29.25,Texas Water Development Board,water_level,12110208
8850902,1972-08-07,13.23,30.77,Texas Water Development Board,water_level,12110208
8850902,1973-08-28,,,Texas Water Development Board,water_level,12110208
8850902,1974-08-20,15.61,28.39,Texas Water Development Board,water_level,12110208
8850902,1975-08-12,9.65,34.35,Texas Water Development Board,water_level,12110208
8850902,1976-08-17,9.06,34.94,Texas Water Development Board,water_level,12110208
8850902,1977-08-02,8.86,35.14,Texas Water Development Board,water_level,12110208
8850902,1978-08-24,,,Texas Water Development Board,water_level,12110208
8850902,1979-08-15,,,Texas Water Development Board,water_level,12110208
8850902,1980-09-17,9.56,34.44,Texas Water Development Board,water_level,12110208
8850902,1980-12-13,,,Texas Water Development Board,water_level,12110208
8850902,1982-02-16,10.12,33.88,Texas Water Development Board,water_level,12110208
8850902,1983-02-15,,,Texas Water Development Board,water_level,12110208
8850902,1984-02-07,9.88,34.12,Texas Water Development Board,water_level,12110208
8850902,1985-02-19,10.54,33.46,Texas Water Development Board,water_level,12110208
8850902,1985-12-06,11.33,32.67,Texas Water Development Board,water_level,12110208
8850902,1987-01-14,11.29,32.71,Texas Water Development Board,water_level,12110208
8850902,1988-01-05,11.4,32.6,Texas Water Development Board,water_level,12110208
8850902,1989-01-03,11.21,32.79,Texas Water Development Board,water_level,12110208
8850902,1989-11-29,11.3,32.7,Texas Water Development Board,water_level,12110208
8850902,1990-12-07,13.8,30.2,Texas Water Development Board,water_level,12110208
8850902,1991-11-12,13.1,30.9,Texas Water Development Board,water_level,12110208
8850902,1992-12-29,14.2,29.8,Texas Water Development Board,water_level,12110208
8850902,1993-10-07,12.5,31.5,Texas Water Development Board,water_level,12110208
8850902,1994-11-29,13.3,30.7,Texas Water Development Board,water_level,12110208
8850902,1995-09-22,,,Texas Water Development Board,water_level,12110208
8850902,1996-02-14,,,Texas Water Development Board,water_level,12110208
8850902,1997-02-08,13.6,30.4,Texas Water Development Board,water_level,12110208
8850902,1997-02-20,,,Texas Water Development Board,water_level,12110208
8850904,,20,30,U.S. Geological Survey,water_level,12110208
8850905,,10,34,Registered Water Well Driller,water_level,12110208
8851101,1952-01-14,14,27,U.S. Geological Survey,water_level,12110208
8851102,1945-07-13,9.6,29.4,U.S. Geological Survey,water_level,12110208
8851201,1945-08-05,8.7,21.3,Other or Source of Measurement Unknown,water_level,12110208
8851502,,18,24,U.S. Geological Survey,water_level,12110208
8851503,,17,23,U.S. Geological Survey,water_level,12110208
8851701,,26,19,Other or Source of Measurement Unknown,water_level,12110208
8851702,,18,31,U.S. Geological Survey,water_level,12110208
8851704,,25,21,U.S. Geological Survey,water_level,12110208
8851705,1945-07-29,4.5,40.5,U.S. Geological Survey,water_level,12110208
8851801,1959-03-02,19.53,26.47,Other or Source of Measurement Unknown,water_level,12110208
8851801,1962-06-26,23.52,22.48,Texas Water Development Board,water_level,12110208
8851801,1963-08-15,25.71,20.29,Texas Water Development Board,water_level,12110208
8851801,1964-08-26,26.26,19.74,Texas Water Development Board,water_level,12110208
8851801,1965-08-11,,,Texas Water Development Board,water_level,12110208
8851801,1966-07-28,,,Texas Water Development Board,water_level,12110208
8851801,1967-07-27,,,Texas Water Development Board,water_level,12110208
8851801,1968-08-29,,,Texas Water Development Board,water_level,12110208
8851801,1969-08-20,,,Texas Water Development Board,water_level,12110208
8851802,1957-09-30,28.4,17.6,Other or Source of Measurement Unknown,water_level,12110208
8851802,1962-06-27,,,Texas Water Development Board,water_level,12110208
8851803,1945-07-05,5.5,34.5,U.S. Geological Survey,water_level,12110208
8851901,1997-06-12,12,28,Registered Water Well Driller,water_level,12110208
8851907,1952-06-04,11,28,Registered Water Well Driller,water_level,12110208
8851908,1952-06-30,17,22,Registered Water Well Driller,water_level,12110208
8851909,1952-07-29,19,21,Registered Water Well Driller,water_level,12110208
8851909,1952-07-29,154,-114,Registered Water Well Driller,water_level,12110208
8851910,1952-08-26,19,19,Registered Water Well Driller,water_level,12110208
8851910,1952-08-26,100,-62,Registered Water Well Driller,water_level,12110208
8851912,,15,24,Texas Water Development Board,water_level,12110208
8851913,1953-09-08,47,-13,U.S. Geological Survey,water_level,12110208
8852701,1952-06-26,8.3,21.7,Other or Source of Measurement Unknown,water_level,12110208
8852701,1957-09-30,9.3,20.7,Other or Source of Measurement Unknown,water_level,12110208
8852701,1959-03-02,5.03,24.97,Other or Source of Measurement Unknown,water_level,12110208
8852701,1960-08-30,7.29,22.71,Other or Source of Measurement Unknown,water_level,12110208
8852701,1962-06-27,5.97,24.03,Texas Water Development Board,water_level,12110208
8852701,1963-08-15,7.7,22.3,Texas Water Development Board,water_level,12110208
8852701,1964-08-26,7.8,22.2,Texas Water Development Board,water_level,12110208
8852701,1965-08-11,7.37,22.63,Texas Water Development Board,water_level,12110208
8852701,1966-07-28,5.47,24.53,Texas Water Development Board,water_level,12110208
8852701,1967-07-26,7.22,22.78,Texas Water Development Board,water_level,12110208
8852701,1968-08-29,6.42,23.58,Texas Water Development Board,water_level,12110208
8852701,1969-08-19,6.11,23.89,Texas Water Development Board,water_level,12110208
8852701,1970-08-19,,,Texas Water Development Board,water_level,12110208
8852701,1971-08-16,4.7,25.3,Texas Water Development Board,water_level,12110208
8852701,1972-08-08,4.42,25.58,Texas Water Development Board,water_level,12110208
8852701,1973-08-28,4.62,25.38,Texas Water Development Board,water_level,12110208
8852701,1974-08-19,6.38,23.62,Texas Water Development Board,water_level,12110208
8852701,1975-08-12,4.5,25.5,Texas Water Development Board,water_level,12110208
8852701,1976-08-17,,,Texas Water Development Board,water_level,12110208
8852701,1977-08-03,,,Texas Water Development Board,water_level,12110208
8852702,1952-07-17,9,18,Other or Source of Measurement Unknown,water_level,12110208
8852702,1957-09-30,11.97,15.03,Other or Source of Measurement Unknown,water_level,12110208
8852702,1959-03-02,4.37,22.63,Other or Source of Measurement Unknown,water_level,12110208
8852702,1960-08-30,9.51,17.49,Other or Source of Measurement Unknown,water_level,12110208
8852702,1962-06-27,,,Texas Water Development Board,water_level,12110208
8852702,1963-08-14,,,Texas Water Development Board,water_level,12110208
8852704,1952-06-25,9.4,17.6,U.S. Geological Survey,water_level,12110208
8852901,1998-07-15,15,15,Registered Water Well Driller,water_level,12110208
8852901,1999-08-04,11.48,18.52,Texas Water Development Board,water_level,12110208
8852903,,9,19,Registered Water Well Driller,water_level,12110208
8855801,1996-11-20,10,-5,Texas Water Development Board,water_level,12110208
8855802,1996-11-19,10,-5,Texas Water Development Board,water_level,12110208
8857101,1962-06-28,34.75,41.25,Texas Water Development Board,water_level,12110208
8857101,1963-08-14,33.95,42.05,Texas Water Development Board,water_level,12110208
8857101,1964-08-26,44.35,31.65,Texas Water Development Board,water_level,12110208
8857101,1965-08-11,29.83,46.17,Texas Water Development Board,water_level,12110208
8857101,1966-07-27,28.02,47.98,Texas Water Development Board,water_level,12110208
8857101,1967-07-26,28.22,47.78,Texas Water Development Board,water_level,12110208
8857101,1968-08-29,15.47,60.53,Texas Water Development Board,water_level,12110208
8857101,1969-08-20,24.61,51.39,Texas Water Development Board,water_level,12110208
8857101,1970-08-11,26.08,49.92,Texas Water Development Board,water_level,12110208
8857101,1971-08-13,27.16,48.84,Texas Water Development Board,water_level,12110208
8857101,1972-08-09,14.6,61.4,Texas Water Development Board,water_level,12110208
8857101,1973-08-23,14.3,61.7,Texas Water Development Board,water_level,12110208
8857101,1974-08-14,21.45,54.55,Texas Water Development Board,water_level,12110208
8857101,1975-08-18,,,Texas Water Development Board,water_level,12110208
8857101,1976-08-20,,,Texas Water Development Board,water_level,12110208
8857101,1977-08-09,,,Texas Water Development Board,water_level,12110208
8857102,1980-11-08,33,39,Registered Water Well Driller,water_level,12110208
8857102,1998-07-23,59.4,12.6,Texas Water Development Board,water_level,12110208
8857104,1962-06-28,30.95,46.05,Texas Water Development Board,water_level,12110208
8857104,1963-08-14,44.53,32.47,Texas Water Development Board,water_level,12110208
8857104,1964-08-26,,,Texas Water Development Board,water_level,12110208
8857104,1965-08-11,37.99,39.01,Texas Water Development Board,water_level,12110208
8857104,1966-07-27,41.94,35.06,Texas Water Development Board,water_level,12110208
8857104,1967-07-26,37.07,39.93,Texas Water Development Board,water_level,12110208
8857104,1968-08-29,26.08,50.92,Texas Water Development Board,water_level,12110208
8857104,1969-08-20,30.12,46.88,Texas Water Development Board,water_level,12110208
8857104,1970-08-11,,,Texas Water Development Board,water_level,12110208
8857104,1971-08-11,,,Texas Water Development Board,water_level,12110208
8857104,1972-08-04,,,Texas Water Development Board,water_level,12110208
8857104,1973-08-23,,,Texas Water Development Board,water_level,12110208
8857108,1998-07-22,51.75,22.25,Texas Water Development Board,water_level,12110208
8857110,1986-01-22,30,43,Registered Water Well Driller,water_level,12110208
8857112,1998-12-28,38,33,Registered Water Well Driller,water_level,12110208
8857113,1999-03-12,32,39,Registered Water Well Driller,water_level,12110208
8857114,,85,-14,U.S. Geological Survey,water_level,12110208
8857115,,40,30,U.S. Geological Survey,water_level,12110208
8857116,,69,3,U.S. Geological Survey,water_level,12110208
8857117,1945-08-04,19.8,58.2,U.S. Geological Survey,water_level,12110208
8857118,2009-09-01,18,54,Municipal Water Agency or PWS Corporation,water_level,12110208
8857201,1945-07-13,11.18,54.82,Other or Source of Measurement Unknown,water_level,12110208
8857201,1962-06-28,44.12,21.88,Texas Water Development Board,water_level,12110208
8857201,1963-08-14,31.55,34.45,Texas Water Development Board,water_level,12110208
8857201,1964-08-26,,,Texas Water Development Board,water_level,12110208
8857201,1965-08-11,32.33,33.67,Texas Water Development Board,water_level,12110208
8857201,1966-07-27,44.76,21.24,Texas Water Development Board,water_level,12110208
8857201,1967-07-26,,,Texas Water Development Board,water_level,12110208
8857201,1968-08-29,,,Texas Water Development Board,water_level,12110208
8857201,1969-08-20,,,Texas Water Development Board,water_level,12110208
8857201,1970-08-11,34.17,31.83,Texas Water Development Board,water_level,12110208
8857201,1971-08-13,,,Texas Water Development Board,water_level,12110208
8857201,1972-08-09,,,Texas Water Development Board,water_level,12110208
8857202,1994-04-18,23.7,47.3,Texas Water Development Board,water_level,12110208
8857202,1998-07-23,54.6,16.4,Texas Water Development Board,water_level,12110208
8857205,1988-04-04,30,37,Registered Water Well Driller,water_level,12110208
8857206,1990-12-28,35,35,Registered Water Well Driller,water_level,12110208
8857206,2005-08-17,,,Texas Water Development Board,water_level,12110208
8857207,,15,52,U.S. Geological Survey,water_level,12110208
8857208,,17,52,U.S. Geological Survey,water_level,12110208
8857209,1945-06-14,13.2,59.8,U.S. Geological Survey,water_level,12110208
8857301,1951-06-20,12,49,Other or Source of Measurement Unknown,water_level,12110208
8857301,1957-09-10,46.47,14.53,Other or Source of Measurement Unknown,water_level,12110208
8857301,1962-06-28,51.62,9.38,Texas Water Development Board,water_level,12110208
8857301,1963-08-14,34.5,26.5,Texas Water Development Board,water_level,12110208
8857301,1964-08-26,43.01,17.99,Texas Water Development Board,water_level,12110208
8857301,1965-08-11,37.16,23.84,Texas Water Development Board,water_level,12110208
8857301,1966-07-27,45.9,15.1,Texas Water Development Board,water_level,12110208
8857301,1967-07-26,42.15,18.85,Texas Water Development Board,water_level,12110208
8857301,1968-08-29,19.08,41.92,Texas Water Development Board,water_level,12110208
8857301,1969-08-20,35.13,25.87,Texas Water Development Board,water_level,12110208
8857301,1970-08-11,43.05,17.95,Texas Water Development Board,water_level,12110208
8857301,1971-08-13,29.52,31.48,Texas Water Development Board,water_level,12110208
8857301,1972-08-09,20.9,40.1,Texas Water Development Board,water_level,12110208
8857301,1973-08-28,19.46,41.54,Texas Water Development Board,water_level,12110208
8857301,1974-08-14,19.1,41.9,Texas Water Development Board,water_level,12110208
8857301,1975-08-18,19.3,41.7,Texas Water Development Board,water_level,12110208
8857301,1976-08-20,14,47,Texas Water Development Board,water_level,12110208
8857301,1977-08-09,26.86,34.14,Texas Water Development Board,water_level,12110208
8857301,1978-08-24,,,Texas Water Development Board,water_level,12110208
8857301,1979-08-21,18.17,42.83,Texas Water Development Board,water_level,12110208
8857301,1980-09-18,16.9,44.1,Texas Water Development Board,water_level,12110208
8857301,1980-12-12,12.06,48.94,Texas Water Development Board,water_level,12110208
8857301,1982-02-16,15.98,45.02,Texas Water Development Board,water_level,12110208
8857301,1983-02-17,14.7,46.3,Texas Water Development Board,water_level,12110208
8857301,1984-02-14,11.19,49.81,Texas Water Development Board,water_level,12110208
8857301,1985-02-19,11.7,49.3,Texas Water Development Board,water_level,12110208
8857301,1985-12-04,11.98,49.02,Texas Water Development Board,water_level,12110208
8857301,1987-01-13,13.62,47.38,Texas Water Development Board,water_level,12110208
8857301,1988-01-05,11.75,49.25,Texas Water Development Board,water_level,12110208
8857301,1989-01-06,12.3,48.7,Texas Water Development Board,water_level,12110208
8857301,1989-12-27,13,48,Texas Water Development Board,water_level,12110208
8857301,1990-11-17,12.2,48.8,Texas Water Development Board,water_level,12110208
8857301,1991-11-12,10.8,50.2,Texas Water Development Board,water_level,12110208
8857301,1992-12-29,11.6,49.4,Texas Water Development Board,water_level,12110208
8857301,1993-10-07,12.5,48.5,Texas Water Development Board,water_level,12110208
8857301,1994-11-29,13.02,47.98,Texas Water Development Board,water_level,12110208
8857301,1996-02-14,13.91,47.09,Texas Water Development Board,water_level,12110208
8857301,1997-02-10,49.11,11.89,Texas Water Development Board,water_level,12110208
8857301,1998-02-24,14.2,46.8,Texas Water Development Board,water_level,12110208
8857301,1999-02-25,29.1,31.9,Texas Water Development Board,water_level,12110208
8857301,2000-02-23,35.23,25.77,Texas Water Development Board,water_level,12110208
8857301,2001-02-22,,,Texas Water Development Board,water_level,12110208
8857301,2002-02-27,,,Texas Water Development Board,water_level,12110208
8857301,2003-02-13,23.92,37.08,Texas Water Development Board,water_level,12110208
8857301,2004-02-19,18.68,42.32,Texas Water Development Board,water_level,12110208
8857301,2005-02-17,8.47,52.53,Texas Water Development Board,water_level,12110208
8857301,2006-02-15,16.05,44.95,Texas Water Development Board,water_level,12110208
8857301,2007-02-28,11.5,49.5,Texas Water Development Board,water_level,12110208
8857301,2008-02-13,7.7,53.3,Texas Water Development Board,water_level,12110208
8857301,2009-03-24,9.82,51.18,Texas Water Development Board,water_level,12110208
8857301,2010-01-26,6.47,54.53,Texas Water Development Board,water_level,12110208
8857301,2011-01-18,4.9,56.1,Texas Water Development Board,water_level,12110208
8857301,2012-01-13,9.15,51.85,Texas Water Development Board,water_level,12110208
8857301,2013-01-17,10.16,50.84,Texas Water Development Board,water_level,12110208
8857301,2014-01-28,12.7,48.3,Texas Water Development Board,water_level,12110208
8857301,2015-01-20,5.75,55.25,Texas Water Development Board,water_level,12110208
8857301,2016-01-25,7.06,53.94,Texas Water Development Board,water_level,12110208
8857301,2017-01-10,9.3,51.7,Texas Water Development Board,water_level,12110208
8857301,2018-01-17,8.59,52.41,Texas Water Development Board,water_level,12110208
8857301,2019-01-22,8.95,52.05,Texas Water Development Board,water_level,12110208
8857301,2020-01-29,8.93,52.07,Texas Water Development Board,water_level,12110208
8857301,2021-02-03,9,52,Texas Water Development Board,water_level,12110208
8857301,2022-01-27,7.92,53.08,Texas Water Development Board,water_level,12110208
8857301,2023-01-23,9.46,51.54,Texas Water Development Board,water_level,12110208
8857301,2024-02-01,11.19,49.81,Texas Water Development Board,water_level,12110208
8857301,2025-01-28,8.91,52.09,Texas Water Development Board,water_level,12110208
8857301,2026-01-29,8.67,52.33,Texas Water Development Board,water_level,12110208
8857304,1999-10-07,22.84,39.16,Texas Water Development Board,water_level,12110208
8857304,,26,36,Registered Water Well Driller,water_level,12110208
8857305,,12,49,U.S. Geological Survey,water_level,12110208
8857306,,20,41,U.S. Geological Survey,water_level,12110208
8857307,,12,48,U.S. Geological Survey,water_level,12110208
8857308,1957-09-10,44.4,18.6,U.S. Geological Survey,water_level,12110208
8857309,,12,48,U.S. Geological Survey,water_level,12110208
8857311,,40,27,U.S. Geological Survey,water_level,12110208
8857402,1946-06-17,58.4,16.6,U.S. Geological Survey,water_level,12110208
8857402,1946-06-21,58.4,16.6,U.S. Geological Survey,water_level,12110208
8857402,1946-06-22,58.4,16.6,U.S. Geological Survey,water_level,12110208
8857402,1946-06-23,58.7,16.3,U.S. Geological Survey,water_level,12110208
8857402,1946-06-24,58.8,16.2,U.S. Geological Survey,water_level,12110208
8857402,1946-06-25,58.7,16.3,U.S. Geological Survey,water_level,12110208
8857402,1946-06-26,58.8,16.2,U.S. Geological Survey,water_level,12110208
8857402,1946-06-27,59.1,15.9,U.S. Geological Survey,water_level,12110208
8857402,1946-06-28,59.1,15.9,U.S. Geological Survey,water_level,12110208
8857402,1946-06-29,58.7,16.3,U.S. Geological Survey,water_level,12110208
8857402,1946-06-30,58.5,16.5,U.S. Geological Survey,water_level,12110208
8857402,1946-07-01,58.4,16.6,U.S. Geological Survey,water_level,12110208
8857402,1946-07-02,58.4,16.6,U.S. Geological Survey,water_level,12110208
8857402,1946-07-03,58.4,16.6,U.S. Geological Survey,water_level,12110208
8857402,1946-07-04,58.5,16.5,U.S. Geological Survey,water_level,12110208
8857402,1946-07-05,58.5,16.5,U.S. Geological Survey,water_level,12110208
8857402,1946-07-06,58.4,16.6,U.S. Geological Survey,water_level,12110208
8857402,1946-07-07,58.4,16.6,U.S. Geological Survey,water_level,12110208
8857402,1946-07-08,58.4,16.6,U.S. Geological Survey,water_level,12110208
8857402,1946-07-09,58.4,16.6,U.S. Geological Survey,water_level,12110208
8857402,1946-07-10,58.3,16.7,U.S. Geological Survey,water_level,12110208
8857402,1946-07-11,58.2,16.8,U.S. Geological Survey,water_level,12110208
8857402,1946-07-12,58.1,16.9,U.S. Geological Survey,water_level,12110208
8857402,1946-07-13,58,17,U.S. Geological Survey,water_level,12110208
8857402,1946-07-14,57.9,17.1,U.S. Geological Survey,water_level,12110208
8857402,1946-07-15,57.8,17.2,U.S. Geological Survey,water_level,12110208
8857402,1946-07-16,57.7,17.3,U.S. Geological Survey,water_level,12110208
8857402,1946-07-17,57.6,17.4,U.S. Geological Survey,water_level,12110208
8857402,1946-07-18,57.5,17.5,U.S. Geological Survey,water_level,12110208
8857402,1946-07-19,57.4,17.6,U.S. Geological Survey,water_level,12110208
8857402,1946-07-20,57.4,17.6,U.S. Geological Survey,water_level,12110208
8857402,1946-07-21,57.3,17.7,U.S. Geological Survey,water_level,12110208
8857402,1946-07-22,57.3,17.7,U.S. Geological Survey,water_level,12110208
8857402,1946-07-23,57.3,17.7,U.S. Geological Survey,water_level,12110208
8857402,1946-07-24,57.3,17.7,U.S. Geological Survey,water_level,12110208
8857402,1946-07-25,57.3,17.7,U.S. Geological Survey,water_level,12110208
8857402,1946-07-26,57.3,17.7,U.S. Geological Survey,water_level,12110208
8857402,1946-07-27,57.3,17.7,U.S. Geological Survey,water_level,12110208
8857402,1946-07-28,57.3,17.7,U.S. Geological Survey,water_level,12110208
8857402,1946-07-29,57.3,17.7,U.S. Geological Survey,water_level,12110208
8857402,1946-07-30,57.3,17.7,U.S. Geological Survey,water_level,12110208
8857402,1946-07-31,57.2,17.8,U.S. Geological Survey,water_level,12110208
8857402,1946-08-01,57.2,17.8,U.S. Geological Survey,water_level,12110208
8857402,1946-08-02,57.1,17.9,U.S. Geological Survey,water_level,12110208
8857402,1946-08-03,57,18,U.S. Geological Survey,water_level,12110208
8857402,1946-08-04,57,18,U.S. Geological Survey,water_level,12110208
8857402,1946-08-05,57,18,U.S. Geological Survey,water_level,12110208
8857402,1946-08-06,57,18,U.S. Geological Survey,water_level,12110208
8857402,1946-08-07,56.9,18.1,U.S. Geological Survey,water_level,12110208
8857402,1946-08-08,56.9,18.1,U.S. Geological Survey,water_level,12110208
8857402,1946-08-09,56.9,18.1,U.S. Geological Survey,water_level,12110208
8857402,1946-08-10,56.8,18.2,U.S. Geological Survey,water_level,12110208
8857402,1946-08-11,56.7,18.3,U.S. Geological Survey,water_level,12110208
8857402,1946-08-12,56.7,18.3,U.S. Geological Survey,water_level,12110208
8857402,1946-08-13,56.7,18.3,U.S. Geological Survey,water_level,12110208
8857402,1946-08-14,56.6,18.4,U.S. Geological Survey,water_level,12110208
8857402,1946-08-15,56.6,18.4,U.S. Geological Survey,water_level,12110208
8857402,1946-08-16,56.5,18.5,U.S. Geological Survey,water_level,12110208
8857402,1946-08-17,56.6,18.4,U.S. Geological Survey,water_level,12110208
8857402,1946-08-18,56.6,18.4,U.S. Geological Survey,water_level,12110208
8857402,1946-08-19,56.5,18.5,U.S. Geological Survey,water_level,12110208
8857402,1946-08-20,56.6,18.4,U.S. Geological Survey,water_level,12110208
8857402,1946-08-21,56.5,18.5,U.S. Geological Survey,water_level,12110208
8857402,1946-08-22,56.7,18.3,U.S. Geological Survey,water_level,12110208
8857402,1946-08-23,56.7,18.3,U.S. Geological Survey,water_level,12110208
8857402,1946-08-24,56.7,18.3,U.S. Geological Survey,water_level,12110208
8857402,1946-08-25,56.7,18.3,U.S. Geological Survey,water_level,12110208
8857402,1946-08-26,56.7,18.3,U.S. Geological Survey,water_level,12110208
8857402,1946-08-27,56.7,18.3,U.S. Geological Survey,water_level,12110208
8857402,1946-08-28,56.7,18.3,U.S. Geological Survey,water_level,12110208
8857402,1946-08-29,56.7,18.3,U.S. Geological Survey,water_level,12110208
8857402,1946-08-30,56.7,18.3,U.S. Geological Survey,water_level,12110208
8857402,1946-09-01,57.3,17.7,U.S. Geological Survey,water_level,12110208
8857402,1946-09-15,56.6,18.4,U.S. Geological Survey,water_level,12110208
8857402,1946-09-30,58,17,U.S. Geological Survey,water_level,12110208
8857402,1946-10-01,58.1,16.9,U.S. Geological Survey,water_level,12110208
8857402,1946-10-15,58.9,16.1,U.S. Geological Survey,water_level,12110208
8857402,1946-10-30,58.7,16.3,U.S. Geological Survey,water_level,12110208
8857402,1946-11-01,58.7,16.3,U.S. Geological Survey,water_level,12110208
8857402,1946-11-15,57.8,17.2,U.S. Geological Survey,water_level,12110208
8857402,1946-11-30,57.7,17.3,U.S. Geological Survey,water_level,12110208
8857402,1946-12-01,57.6,17.4,U.S. Geological Survey,water_level,12110208
8857402,1946-12-12,57.3,17.7,U.S. Geological Survey,water_level,12110208
8857402,1947-03-01,57.4,17.6,U.S. Geological Survey,water_level,12110208
8857402,1947-03-15,56.8,18.2,U.S. Geological Survey,water_level,12110208
8857402,1947-03-30,56.4,18.6,U.S. Geological Survey,water_level,12110208
8857402,1947-04-01,56.6,18.4,U.S. Geological Survey,water_level,12110208
8857402,1947-04-15,56.8,18.2,U.S. Geological Survey,water_level,12110208
8857402,1947-04-30,57.2,17.8,U.S. Geological Survey,water_level,12110208
8857402,1947-05-04,57.3,17.7,U.S. Geological Survey,water_level,12110208
8857402,1947-05-15,56.5,18.5,U.S. Geological Survey,water_level,12110208
8857402,1947-05-30,57.4,17.6,U.S. Geological Survey,water_level,12110208
8857402,1947-06-01,57.4,17.6,U.S. Geological Survey,water_level,12110208
8857402,1947-06-15,56.6,18.4,U.S. Geological Survey,water_level,12110208
8857402,1947-06-30,56.3,18.7,U.S. Geological Survey,water_level,12110208
8857402,1947-07-01,56.3,18.7,U.S. Geological Survey,water_level,12110208
8857402,1947-10-30,56.7,18.3,U.S. Geological Survey,water_level,12110208
8857402,1947-11-01,56.6,18.4,U.S. Geological Survey,water_level,12110208
8857402,1947-11-15,56.4,18.6,U.S. Geological Survey,water_level,12110208
8857402,1948-07-06,54.6,20.4,U.S. Geological Survey,water_level,12110208
8857402,1948-07-15,56.4,18.6,U.S. Geological Survey,water_level,12110208
8857402,1948-07-30,56.5,18.5,U.S. Geological Survey,water_level,12110208
8857402,1948-08-01,56.6,18.4,U.S. Geological Survey,water_level,12110208
8857402,1948-08-28,55.9,19.1,U.S. Geological Survey,water_level,12110208
8857402,1948-09-02,56.3,18.7,U.S. Geological Survey,water_level,12110208
8857402,1948-09-15,59.1,15.9,U.S. Geological Survey,water_level,12110208
8857402,1948-09-30,59.2,15.8,U.S. Geological Survey,water_level,12110208
8857402,1948-10-01,59.2,15.8,U.S. Geological Survey,water_level,12110208
8857402,1948-10-15,58.7,16.3,U.S. Geological Survey,water_level,12110208
8857402,1948-10-30,59.7,15.3,U.S. Geological Survey,water_level,12110208
8857402,1948-11-01,59.8,15.2,U.S. Geological Survey,water_level,12110208
8857402,1948-11-15,58.2,16.8,U.S. Geological Survey,water_level,12110208
8857402,1948-11-30,58.1,16.9,U.S. Geological Survey,water_level,12110208
8857402,1948-12-01,58,17,U.S. Geological Survey,water_level,12110208
8857402,1948-12-15,58.3,16.7,U.S. Geological Survey,water_level,12110208
8857402,1949-01-01,58.2,16.8,U.S. Geological Survey,water_level,12110208
8857402,1949-01-15,58.7,16.3,U.S. Geological Survey,water_level,12110208
8857402,1949-01-25,58.9,16.1,U.S. Geological Survey,water_level,12110208
8857402,1949-02-15,58,17,U.S. Geological Survey,water_level,12110208
8857402,1949-02-28,58.2,16.8,U.S. Geological Survey,water_level,12110208
8857402,1949-03-15,59.5,15.5,U.S. Geological Survey,water_level,12110208
8857402,1949-03-30,58.3,16.7,U.S. Geological Survey,water_level,12110208
8857402,1949-04-01,58.1,16.9,U.S. Geological Survey,water_level,12110208
8857402,1949-04-15,58.5,16.5,U.S. Geological Survey,water_level,12110208
8857402,1949-04-26,59.6,15.4,U.S. Geological Survey,water_level,12110208
8857402,1949-05-30,57.7,17.3,U.S. Geological Survey,water_level,12110208
8857402,1949-06-01,57.6,17.4,U.S. Geological Survey,water_level,12110208
8857402,1949-06-15,57.9,17.1,U.S. Geological Survey,water_level,12110208
8857402,1949-06-28,57.5,17.5,U.S. Geological Survey,water_level,12110208
8857402,1949-07-30,58.4,16.6,U.S. Geological Survey,water_level,12110208
8857402,1949-08-01,57.9,17.1,U.S. Geological Survey,water_level,12110208
8857402,1949-08-30,57.2,17.8,U.S. Geological Survey,water_level,12110208
8857402,1962-06-28,44,31,Texas Water Development Board,water_level,12110208
8857402,1963-08-14,41.44,33.56,Texas Water Development Board,water_level,12110208
8857402,1964-05-27,41.89,33.11,Texas Water Development Board,water_level,12110208
8857402,1964-07-22,,,Texas Water Development Board,water_level,12110208
8857402,1964-08-26,,,Texas Water Development Board,water_level,12110208
8857402,1964-10-02,,,Texas Water Development Board,water_level,12110208
8857402,1964-11-20,,,Texas Water Development Board,water_level,12110208
8857402,1965-03-26,,,Texas Water Development Board,water_level,12110208
8857402,1965-05-19,51.5,23.5,Texas Water Development Board,water_level,12110208
8857402,1965-07-24,55.22,19.78,Texas Water Development Board,water_level,12110208
8857402,1965-08-11,35.73,39.27,Texas Water Development Board,water_level,12110208
8857402,1965-09-23,,,Texas Water Development Board,water_level,12110208
8857402,1965-11-19,33.57,41.43,Texas Water Development Board,water_level,12110208
8857402,1966-01-26,,,Texas Water Development Board,water_level,12110208
8857402,1966-03-28,32.59,42.41,Texas Water Development Board,water_level,12110208
8857402,1966-05-23,32.19,42.81,Texas Water Development Board,water_level,12110208
8857402,1966-07-27,41.44,33.56,Texas Water Development Board,water_level,12110208
8857402,1966-09-22,29.73,45.27,Texas Water Development Board,water_level,12110208
8857402,1966-11-16,38.56,36.44,Texas Water Development Board,water_level,12110208
8857402,1967-01-22,36.45,38.55,Texas Water Development Board,water_level,12110208
8857402,1967-03-09,36.02,38.98,Texas Water Development Board,water_level,12110208
8857402,1967-05-25,42.84,32.16,Texas Water Development Board,water_level,12110208
8857402,1967-07-20,46.94,28.06,Texas Water Development Board,water_level,12110208
8857402,1967-10-18,36.16,38.84,Texas Water Development Board,water_level,12110208
8857402,1967-11-15,37.46,37.54,Texas Water Development Board,water_level,12110208
8857402,1968-01-31,23.96,51.04,Texas Water Development Board,water_level,12110208
8857402,1968-03-22,30.19,44.81,Texas Water Development Board,water_level,12110208
8857402,1968-05-24,29.61,45.39,Texas Water Development Board,water_level,12110208
8857402,1968-07-11,,,Texas Water Development Board,water_level,12110208
8857402,1968-08-29,,,Texas Water Development Board,water_level,12110208
8857405,,56,19,U.S. Geological Survey,water_level,13090002
8857407,,67,19,U.S. Geological Survey,water_level,13090002
8857408,,35,51,U.S. Geological Survey,water_level,13090002
8857409,1997-09-19,25,50,Registered Water Well Driller,water_level,12110208
8857501,1998-07-23,45.4,27.6,Texas Water Development Board,water_level,12110208
8857503,1998-05-14,25,48,Registered Water Well Driller,water_level,12110208
8857503,1999-09-22,30.63,42.37,Texas Water Development Board,water_level,12110208
8857505,1995-08-04,25,49,Registered Water Well Driller,water_level,13090002
8857506,1998-04-24,25,48,Registered Water Well Driller,water_level,13090002
8857506,1999-09-22,30.14,42.86,Texas Water Development Board,water_level,13090002
8857601,1962-06-28,51.58,18.42,Texas Water Development Board,water_level,12110208
8857601,1963-08-14,,,Texas Water Development Board,water_level,12110208
8857601,1964-08-26,55.17,14.83,Texas Water Development Board,water_level,12110208
8857601,1965-08-11,42.23,27.77,Texas Water Development Board,water_level,12110208
8857601,1966-07-27,,,Texas Water Development Board,water_level,12110208
8857601,1967-07-26,,,Texas Water Development Board,water_level,12110208
8857601,1968-08-29,27.52,42.48,Texas Water Development Board,water_level,12110208
8857601,1969-05-28,,,Texas Water Development Board,water_level,12110208
8857604,1997-03-16,30,40,Registered Water Well Driller,water_level,12110208
8857605,,18,53,U.S. Geological Survey,water_level,12110208
8857606,,52,19,U.S. Geological Survey,water_level,12110208
8857607,1957-09-10,51.1,23.9,U.S. Geological Survey,water_level,13090002
8858101,1952-06-18,19.5,44.5,Other or Source of Measurement Unknown,water_level,12110208
8858101,1957-09-10,32.44,31.56,Other or Source of Measurement Unknown,water_level,12110208
8858101,1959-03-02,16.36,47.64,Other or Source of Measurement Unknown,water_level,12110208
8858101,1960-08-30,15.53,48.47,Other or Source of Measurement Unknown,water_level,12110208
8858101,1962-06-26,34.19,29.81,Texas Water Development Board,water_level,12110208
8858101,1963-08-14,34.38,29.62,Texas Water Development Board,water_level,12110208
8858101,1964-08-26,34.6,29.4,Texas Water Development Board,water_level,12110208
8858101,1965-08-11,25.6,38.4,Texas Water Development Board,water_level,12110208
8858101,1966-07-28,28.14,35.86,Texas Water Development Board,water_level,12110208
8858101,1967-07-27,29.26,34.74,Texas Water Development Board,water_level,12110208
8858101,1968-08-28,15.43,48.57,Texas Water Development Board,water_level,12110208
8858101,1969-08-20,21.58,42.42,Texas Water Development Board,water_level,12110208
8858101,1970-08-18,22.61,41.39,Texas Water Development Board,water_level,12110208
8858101,1971-08-17,21.15,42.85,Texas Water Development Board,water_level,12110208
8858101,1972-08-08,17.5,46.5,Texas Water Development Board,water_level,12110208
8858101,1973-08-28,14.42,49.58,Texas Water Development Board,water_level,12110208
8858101,1974-08-16,19.15,44.85,Texas Water Development Board,water_level,12110208
8858101,1975-08-13,10.13,53.87,Texas Water Development Board,water_level,12110208
8858101,1976-08-17,13.6,50.4,Texas Water Development Board,water_level,12110208
8858101,1977-08-02,15.14,48.86,Texas Water Development Board,water_level,12110208
8858101,1978-08-24,18.73,45.27,Texas Water Development Board,water_level,12110208
8858101,1979-08-15,16.17,47.83,Texas Water Development Board,water_level,12110208
8858101,1980-09-17,15.9,48.1,Texas Water Development Board,water_level,12110208
8858101,1980-12-15,14.72,49.28,Texas Water Development Board,water_level,12110208
8858101,1982-02-16,14.22,49.78,Texas Water Development Board,water_level,12110208
8858101,1983-02-15,12,52,Texas Water Development Board,water_level,12110208
8858101,1984-02-07,13.8,50.2,Texas Water Development Board,water_level,12110208
8858101,1985-02-19,14.7,49.3,Texas Water Development Board,water_level,12110208
8858101,1985-12-06,16.61,47.39,Texas Water Development Board,water_level,12110208
8858101,1987-01-14,14.25,49.75,Texas Water Development Board,water_level,12110208
8858101,1988-01-05,14.8,49.2,Texas Water Development Board,water_level,12110208
8858101,1989-01-03,16.12,47.88,Texas Water Development Board,water_level,12110208
8858101,1989-11-29,15.8,48.2,Texas Water Development Board,water_level,12110208
8858101,1990-11-12,16.8,47.2,Texas Water Development Board,water_level,12110208
8858101,1991-11-12,15,49,Texas Water Development Board,water_level,12110208
8858101,1992-12-29,13,51,Texas Water Development Board,water_level,12110208
8858101,1993-10-07,13.9,50.1,Texas Water Development Board,water_level,12110208
8858101,1994-11-29,,,Texas Water Development Board,water_level,12110208
8858101,1995-09-22,13.7,50.3,Texas Water Development Board,water_level,12110208
8858101,1996-02-14,14.18,49.82,Texas Water Development Board,water_level,12110208
8858101,1997-02-10,,,Texas Water Development Board,water_level,12110208
8858101,1998-02-24,16.05,47.95,Texas Water Development Board,water_level,12110208
8858101,1999-02-25,30.2,33.8,Texas Water Development Board,water_level,12110208
8858101,2000-02-23,34,30,Texas Water Development Board,water_level,12110208
8858101,2001-02-23,25.27,38.73,Texas Water Development Board,water_level,12110208
8858101,2002-02-27,,,Texas Water Development Board,water_level,12110208
8858101,2003-02-14,24.89,39.11,Texas Water Development Board,water_level,12110208
8858101,2004-02-19,26.22,37.78,Texas Water Development Board,water_level,12110208
8858101,2005-02-17,15.51,48.49,Texas Water Development Board,water_level,12110208
8858101,2006-02-16,15.88,48.12,Texas Water Development Board,water_level,12110208
8858101,2007-02-28,13.08,50.92,Texas Water Development Board,water_level,12110208
8858101,2008-02-13,12.13,51.87,Texas Water Development Board,water_level,12110208
8858101,2009-03-10,13.53,50.47,Texas Water Development Board,water_level,12110208
8858101,2010-01-27,,,Texas Water Development Board,water_level,12110208
8858101,2011-01-19,9.41,54.59,Texas Water Development Board,water_level,12110208
8858101,2012-01-13,10.28,53.72,Texas Water Development Board,water_level,12110208
8858101,2013-01-17,11.5,52.5,Texas Water Development Board,water_level,12110208
8858101,2014-01-28,9.88,54.12,Texas Water Development Board,water_level,12110208
8858101,2015-01-21,8.9,55.1,Texas Water Development Board,water_level,12110208
8858101,2016-01-25,9.57,54.43,Texas Water Development Board,water_level,12110208
8858101,2017-01-10,12.94,51.06,Texas Water Development Board,water_level,12110208
8858101,2018-01-17,14.39,49.61,Texas Water Development Board,water_level,12110208
8858101,2019-01-21,,,Texas Water Development Board,water_level,12110208
8858101,2020-01-29,11.05,52.95,Texas Water Development Board,water_level,12110208
8858101,2021-01-31,,,Texas Water Development Board,water_level,12110208
8858101,2022-01-27,8.98,55.02,Texas Water Development Board,water_level,12110208
8858101,2023-01-23,14.91,49.09,Texas Water Development Board,water_level,12110208
8858101,2024-02-01,13.95,50.05,Texas Water Development Board,water_level,12110208
8858101,2025-01-28,12.98,51.02,Texas Water Development Board,water_level,12110208
8858101,2026-01-29,,,Texas Water Development Board,water_level,12110208
8858103,1962-06-28,36.69,30.31,Texas Water Development Board,water_level,12110208
8858103,1963-08-14,32.22,34.78,Texas Water Development Board,water_level,12110208
8858103,1964-08-26,37.86,29.14,Texas Water Development Board,water_level,12110208
8858103,1965-08-12,35.77,31.23,Texas Water Development Board,water_level,12110208
8858103,1966-07-27,33.95,33.05,Texas Water Development Board,water_level,12110208
8858103,1967-07-26,,,Texas Water Development Board,water_level,12110208
8858103,1968-08-29,,,Texas Water Development Board,water_level,12110208
8858103,1969-08-20,,,Texas Water Development Board,water_level,12110208
8858103,1970-08-11,,,Texas Water Development Board,water_level,12110208
8858103,1971-08-11,32.67,34.33,Texas Water Development Board,water_level,12110208
8858103,1972-08-04,30.89,36.11,Texas Water Development Board,water_level,12110208
8858103,1973-08-23,,,Texas Water Development Board,water_level,12110208
8858103,1974-08-16,23.53,43.47,Texas Water Development Board,water_level,12110208
8858103,1975-08-18,21.45,45.55,Texas Water Development Board,water_level,12110208
8858103,1976-08-20,17.39,49.61,Texas Water Development Board,water_level,12110208
8858103,1977-08-09,19.64,47.36,Texas Water Development Board,water_level,12110208
8858103,1978-08-22,21.74,45.26,Texas Water Development Board,water_level,12110208
8858103,1979-08-21,19.98,47.02,Texas Water Development Board,water_level,12110208
8858103,1980-09-18,19.92,47.08,Texas Water Development Board,water_level,12110208
8858103,1980-12-12,18.45,48.55,Texas Water Development Board,water_level,12110208
8858103,1983-02-17,21.22,45.78,Texas Water Development Board,water_level,12110208
8858103,1984-02-14,16.36,50.64,Texas Water Development Board,water_level,12110208
8858103,1985-02-19,18.16,48.84,Texas Water Development Board,water_level,12110208
8858103,1985-12-04,19.1,47.9,Texas Water Development Board,water_level,12110208
8858103,1987-01-13,20.65,46.35,Texas Water Development Board,water_level,12110208
8858103,1988-01-05,18.17,48.83,Texas Water Development Board,water_level,12110208
8858103,1989-01-06,18.43,48.57,Texas Water Development Board,water_level,12110208
8858103,1989-12-27,20.5,46.5,Texas Water Development Board,water_level,12110208
8858103,1990-11-16,,,Texas Water Development Board,water_level,12110208
8858103,1991-11-12,,,Texas Water Development Board,water_level,12110208
8858103,1992-12-29,,,Texas Water Development Board,water_level,12110208
8858103,1994-11-29,,,Texas Water Development Board,water_level,12110208
8858103,1996-02-14,20.63,46.37,Texas Water Development Board,water_level,12110208
8858103,1997-02-10,,,Texas Water Development Board,water_level,12110208
8858103,1998-02-24,20.48,46.52,Texas Water Development Board,water_level,12110208
8858103,1999-02-25,24.84,42.16,Texas Water Development Board,water_level,12110208
8858103,2000-02-23,,,Texas Water Development Board,water_level,12110208
8858103,2001-02-22,,,Texas Water Development Board,water_level,12110208
8858103,2002-02-27,,,Texas Water Development Board,water_level,12110208
8858104,1999-08-04,23.42,32.58,Texas Water Development Board,water_level,12110208
8858105,,21,33,Registered Water Well Driller,water_level,12110208
8858106,,20,48,U.S. Geological Survey,water_level,12110208
8858107,1952-08-19,18.9,37.1,U.S. Geological Survey,water_level,12110208
8858109,,16,45,U.S. Geological Survey,water_level,12110208
8858201,1952-10-05,23.1,31.9,Other or Source of Measurement Unknown,water_level,12110208
8858201,1955-06-27,26.46,28.54,Other or Source of Measurement Unknown,water_level,12110208
8858201,1957-09-10,31.7,23.3,Other or Source of Measurement Unknown,water_level,12110208
8858201,1959-03-02,16.72,38.28,Other or Source of Measurement Unknown,water_level,12110208
8858201,1960-08-30,14.84,40.16,Other or Source of Measurement Unknown,water_level,12110208
8858201,1962-06-26,,,Texas Water Development Board,water_level,12110208
8858201,1963-08-14,,,Texas Water Development Board,water_level,12110208
8858202,1952-01-22,19,37,Other or Source of Measurement Unknown,water_level,12110208
8858202,1955-06-27,17.08,38.92,Other or Source of Measurement Unknown,water_level,12110208
8858202,1960-08-30,14.93,41.07,Other or Source of Measurement Unknown,water_level,12110208
8858202,1962-06-26,,,Texas Water Development Board,water_level,12110208
8858202,1963-08-14,13.5,42.5,Texas Water Development Board,water_level,12110208
8858202,1964-08-26,19.46,36.54,Texas Water Development Board,water_level,12110208
8858202,1965-08-11,13.73,42.27,Texas Water Development Board,water_level,12110208
8858202,1966-07-28,12.2,43.8,Texas Water Development Board,water_level,12110208
8858202,1967-07-27,,,Texas Water Development Board,water_level,12110208
8858202,1968-08-28,8.88,47.12,Texas Water Development Board,water_level,12110208
8858202,1969-08-20,10.21,45.79,Texas Water Development Board,water_level,12110208
8858202,1970-08-18,10.6,45.4,Texas Water Development Board,water_level,12110208
8858202,1971-08-17,10.9,45.1,Texas Water Development Board,water_level,12110208
8858202,1972-08-08,6.7,49.3,Texas Water Development Board,water_level,12110208
8858202,1973-08-28,,,Texas Water Development Board,water_level,12110208
8858202,1974-08-16,10.24,45.76,Texas Water Development Board,water_level,12110208
8858202,1975-08-13,,,Texas Water Development Board,water_level,12110208
8858202,1976-08-17,,,Texas Water Development Board,water_level,12110208
8858202,1977-08-03,,,Texas Water Development Board,water_level,12110208
8858202,1978-08-24,,,Texas Water Development Board,water_level,12110208
8858204,1999-06-17,29.15,25.85,Texas Water Development Board,water_level,12110208
8858205,1952-10-02,18.2,37.8,Registered Water Well Driller,water_level,12110208
8858205,1999-06-17,23.15,32.85,Texas Water Development Board,water_level,12110208
8858206,,25,33,Registered Water Well Driller,water_level,12110208
8858208,1973-08-19,18,43,Registered Water Well Driller,water_level,12110208
8858210,1998-07-31,38,18,Registered Water Well Driller,water_level,12110208
8858210,1999-07-12,19,37,Texas Water Development Board,water_level,12110208
8858211,1945-07-27,14.5,39.5,U.S. Geological Survey,water_level,12110208
8858214,1952-07-24,31.9,21.1,U.S. Geological Survey,water_level,12110208
8858215,,19,34,Registered Water Well Driller,water_level,12110208
8858216,,19,35,U.S. Geological Survey,water_level,12110208
8858217,1945-07-27,13.6,42.4,U.S. Geological Survey,water_level,12110208
8858218,,19,35,Registered Water Well Driller,water_level,12110208
8858219,,18,34,Registered Water Well Driller,water_level,12110208
8858221,,60,0,Registered Water Well Driller,water_level,12110208
8858222,1952-01-18,19.8,39.2,U.S. Geological Survey,water_level,12110208
8858223,,17,41,U.S. Geological Survey,water_level,12110208
8858301,1953-09-16,23.91,26.09,Other or Source of Measurement Unknown,water_level,12110208
8858301,1957-07-17,24.71,25.29,Other or Source of Measurement Unknown,water_level,12110208
8858301,1959-03-02,10.46,39.54,Other or Source of Measurement Unknown,water_level,12110208
8858301,1962-06-26,,,Texas Water Development Board,water_level,12110208
8858302,1953-09-16,29.65,25.35,Other or Source of Measurement Unknown,water_level,12110208
8858302,1957-07-17,32.63,22.37,Other or Source of Measurement Unknown,water_level,12110208
8858302,1957-09-24,31.9,23.1,Other or Source of Measurement Unknown,water_level,12110208
8858302,1957-09-25,31.3,23.7,Texas Water Development Board,water_level,12110208
8858302,1957-09-30,31.9,23.1,Texas Water Development Board,water_level,12110208
8858302,1957-10-05,33.6,21.4,Texas Water Development Board,water_level,12110208
8858302,1957-10-10,38.2,16.8,Texas Water Development Board,water_level,12110208
8858302,1957-10-15,37.1,17.9,Texas Water Development Board,water_level,12110208
8858302,1957-11-10,32.6,22.4,Texas Water Development Board,water_level,12110208
8858302,1957-11-15,28.9,26.1,Texas Water Development Board,water_level,12110208
8858302,1957-11-20,28.3,26.7,Texas Water Development Board,water_level,12110208
8858302,1957-11-25,26,29,Texas Water Development Board,water_level,12110208
8858302,1957-11-30,25,30,Texas Water Development Board,water_level,12110208
8858302,1957-12-05,24.7,30.3,Texas Water Development Board,water_level,12110208
8858302,1957-12-10,25.1,29.9,Texas Water Development Board,water_level,12110208
8858302,1957-12-15,29.2,25.8,Texas Water Development Board,water_level,12110208
8858302,1958-01-05,28,27,Texas Water Development Board,water_level,12110208
8858302,1958-01-10,25.4,29.6,Texas Water Development Board,water_level,12110208
8858302,1958-01-15,23.8,31.2,Texas Water Development Board,water_level,12110208
8858302,1958-01-20,22.7,32.3,Texas Water Development Board,water_level,12110208
8858302,1958-01-25,22.4,32.6,Texas Water Development Board,water_level,12110208
8858302,1958-01-30,21.3,33.7,Texas Water Development Board,water_level,12110208
8858302,1958-02-05,22.4,32.6,Texas Water Development Board,water_level,12110208
8858302,1958-02-10,23.4,31.6,Texas Water Development Board,water_level,12110208
8858302,1958-02-15,22.4,32.6,Texas Water Development Board,water_level,12110208
8858302,1958-02-20,21.1,33.9,Texas Water Development Board,water_level,12110208
8858302,1958-03-30,21.7,33.3,Texas Water Development Board,water_level,12110208
8858302,1958-04-05,25.7,29.3,Texas Water Development Board,water_level,12110208
8858302,1958-04-10,27.6,27.4,Texas Water Development Board,water_level,12110208
8858302,1958-04-15,25.8,29.2,Texas Water Development Board,water_level,12110208
8858302,1958-04-20,23.5,31.5,Texas Water Development Board,water_level,12110208
8858302,1958-04-25,24.2,30.8,Texas Water Development Board,water_level,12110208
8858302,1958-04-30,25.6,29.4,Texas Water Development Board,water_level,12110208
8858302,1958-05-05,24.7,30.3,Texas Water Development Board,water_level,12110208
8858302,1958-05-10,26.2,28.8,Texas Water Development Board,water_level,12110208
8858302,1958-05-15,28.8,26.2,Texas Water Development Board,water_level,12110208
8858302,1958-05-20,25.5,29.5,Texas Water Development Board,water_level,12110208
8858302,1958-05-25,30.8,24.2,Texas Water Development Board,water_level,12110208
8858302,1958-05-30,32.7,22.3,Texas Water Development Board,water_level,12110208
8858302,1958-06-05,28.5,26.5,Texas Water Development Board,water_level,12110208
8858302,1958-06-10,26.2,28.8,Texas Water Development Board,water_level,12110208
8858302,1958-06-15,29,26,Texas Water Development Board,water_level,12110208
8858302,1958-06-20,31.1,23.9,Texas Water Development Board,water_level,12110208
8858302,1958-06-25,33.6,21.4,Texas Water Development Board,water_level,12110208
8858302,1958-06-30,28.4,26.6,Texas Water Development Board,water_level,12110208
8858302,1958-07-05,27.2,27.8,Texas Water Development Board,water_level,12110208
8858302,1958-07-10,24.3,30.7,Texas Water Development Board,water_level,12110208
8858302,1958-07-15,23.8,31.2,Texas Water Development Board,water_level,12110208
8858302,1958-07-20,23.5,31.5,Texas Water Development Board,water_level,12110208
8858302,1958-07-25,24.2,30.8,Texas Water Development Board,water_level,12110208
8858302,1958-07-30,23.6,31.4,Texas Water Development Board,water_level,12110208
8858302,1958-08-05,24.1,30.9,Texas Water Development Board,water_level,12110208
8858302,1958-08-10,23.6,31.4,Texas Water Development Board,water_level,12110208
8858302,1958-08-15,22.3,32.7,Texas Water Development Board,water_level,12110208
8858302,1958-08-20,21.4,33.6,Texas Water Development Board,water_level,12110208
8858302,1958-08-25,21.8,33.2,Texas Water Development Board,water_level,12110208
8858302,1958-08-30,22.2,32.8,Texas Water Development Board,water_level,12110208
8858302,1958-09-05,21.2,33.8,Texas Water Development Board,water_level,12110208
8858302,1958-09-10,20.5,34.5,Texas Water Development Board,water_level,12110208
8858302,1958-09-15,20.1,34.9,Texas Water Development Board,water_level,12110208
8858302,1958-09-20,19.7,35.3,Texas Water Development Board,water_level,12110208
8858302,1958-09-25,19.5,35.5,Texas Water Development Board,water_level,12110208
8858302,1958-09-30,20.6,34.4,Texas Water Development Board,water_level,12110208
8858302,1958-10-05,19.1,35.9,Texas Water Development Board,water_level,12110208
8858302,1958-10-10,18.7,36.3,Texas Water Development Board,water_level,12110208
8858302,1958-10-15,17.8,37.2,Texas Water Development Board,water_level,12110208
8858302,1958-10-20,17.3,37.7,Texas Water Development Board,water_level,12110208
8858302,1958-10-25,17.9,37.1,Texas Water Development Board,water_level,12110208
8858302,1958-11-20,15.8,39.2,Texas Water Development Board,water_level,12110208
8858302,1958-11-25,16,39,Texas Water Development Board,water_level,12110208
8858302,1958-11-30,16.1,38.9,Texas Water Development Board,water_level,12110208
8858302,1958-12-05,16.3,38.7,Texas Water Development Board,water_level,12110208
8858302,1958-12-10,16,39,Texas Water Development Board,water_level,12110208
8858302,1958-12-15,16.5,38.5,Texas Water Development Board,water_level,12110208
8858302,1958-12-20,19.5,35.5,Texas Water Development Board,water_level,12110208
8858302,1958-12-25,16.5,38.5,Texas Water Development Board,water_level,12110208
8858302,1958-12-30,15.7,39.3,Texas Water Development Board,water_level,12110208
8858302,1959-01-05,15.3,39.7,Texas Water Development Board,water_level,12110208
8858302,1959-01-10,15.2,39.8,Texas Water Development Board,water_level,12110208
8858302,1959-03-02,14.91,40.09,Other or Source of Measurement Unknown,water_level,12110208
8858302,1959-03-05,14.1,40.9,Texas Water Development Board,water_level,12110208
8858302,1959-03-10,14.1,40.9,Texas Water Development Board,water_level,12110208
8858302,1959-03-15,14,41,Texas Water Development Board,water_level,12110208
8858302,1959-03-20,14,41,Texas Water Development Board,water_level,12110208
8858302,1959-03-25,14.4,40.6,Texas Water Development Board,water_level,12110208
8858302,1959-03-30,15.1,39.9,Texas Water Development Board,water_level,12110208
8858302,1959-04-05,15.1,39.9,Texas Water Development Board,water_level,12110208
8858302,1959-04-10,16.8,38.2,Texas Water Development Board,water_level,12110208
8858302,1960-08-30,13.66,41.34,Other or Source of Measurement Unknown,water_level,12110208
8858302,1961-03-30,15.74,39.26,Texas Water Development Board,water_level,12110208
8858302,1961-04-05,15.57,39.43,Texas Water Development Board,water_level,12110208
8858302,1961-04-10,15.84,39.16,Texas Water Development Board,water_level,12110208
8858302,1961-04-15,15.4,39.6,Texas Water Development Board,water_level,12110208
8858302,1961-04-20,15.55,39.45,Texas Water Development Board,water_level,12110208
8858302,1961-04-25,15.33,39.67,Texas Water Development Board,water_level,12110208
8858302,1961-04-30,15.27,39.73,Texas Water Development Board,water_level,12110208
8858302,1961-05-05,15.27,39.73,Texas Water Development Board,water_level,12110208
8858302,1961-05-10,17.04,37.96,Texas Water Development Board,water_level,12110208
8858302,1961-05-15,16.62,38.38,Texas Water Development Board,water_level,12110208
8858302,1961-06-05,16.4,38.6,Texas Water Development Board,water_level,12110208
8858302,1961-06-10,16.79,38.21,Texas Water Development Board,water_level,12110208
8858302,1961-06-15,16.43,38.57,Texas Water Development Board,water_level,12110208
8858302,1961-06-20,16.1,38.9,Texas Water Development Board,water_level,12110208
8858302,1961-06-25,16.7,38.3,Texas Water Development Board,water_level,12110208
8858302,1961-06-30,16.33,38.67,Texas Water Development Board,water_level,12110208
8858302,1961-07-05,16.14,38.86,Texas Water Development Board,water_level,12110208
8858302,1961-07-10,16.03,38.97,Texas Water Development Board,water_level,12110208
8858302,1961-07-15,16.21,38.79,Texas Water Development Board,water_level,12110208
8858302,1961-07-20,16.01,38.99,Texas Water Development Board,water_level,12110208
8858302,1961-07-25,16.34,38.66,Texas Water Development Board,water_level,12110208
8858302,1961-07-30,16.07,38.93,Texas Water Development Board,water_level,12110208
8858302,1961-08-05,15.75,39.25,Texas Water Development Board,water_level,12110208
8858302,1961-08-10,15.67,39.33,Texas Water Development Board,water_level,12110208
8858302,1961-08-15,15.63,39.37,Texas Water Development Board,water_level,12110208
8858302,1961-08-20,15.88,39.12,Texas Water Development Board,water_level,12110208
8858302,1961-08-25,15.63,39.37,Texas Water Development Board,water_level,12110208
8858302,1961-08-30,16.07,38.93,Texas Water Development Board,water_level,12110208
8858302,1961-09-05,16.35,38.65,Texas Water Development Board,water_level,12110208
8858302,1961-09-10,16.35,38.65,Texas Water Development Board,water_level,12110208
8858302,1961-09-15,15.92,39.08,Texas Water Development Board,water_level,12110208
8858302,1961-09-20,16.35,38.65,Texas Water Development Board,water_level,12110208
8858302,1961-09-25,15.15,39.85,Texas Water Development Board,water_level,12110208
8858302,1961-09-30,16.26,38.74,Texas Water Development Board,water_level,12110208
8858302,1961-10-05,15.18,39.82,Texas Water Development Board,water_level,12110208
8858302,1961-10-10,15.1,39.9,Texas Water Development Board,water_level,12110208
8858302,1962-06-27,17.39,37.61,Texas Water Development Board,water_level,12110208
8858302,1962-06-30,16.57,38.43,Texas Water Development Board,water_level,12110208
8858302,1962-07-05,15.61,39.39,Texas Water Development Board,water_level,12110208
8858302,1962-07-10,18.21,36.79,Texas Water Development Board,water_level,12110208
8858302,1962-07-15,19.45,35.55,Texas Water Development Board,water_level,12110208
8858302,1962-07-20,18.41,36.59,Texas Water Development Board,water_level,12110208
8858302,1962-07-25,17.3,37.7,Texas Water Development Board,water_level,12110208
8858302,1962-07-30,16.85,38.15,Texas Water Development Board,water_level,12110208
8858302,1962-08-05,16.89,38.11,Texas Water Development Board,water_level,12110208
8858302,1962-08-10,17.99,37.01,Texas Water Development Board,water_level,12110208
8858302,1962-08-15,17.65,37.35,Texas Water Development Board,water_level,12110208
8858302,1962-08-20,17.58,37.42,Texas Water Development Board,water_level,12110208
8858302,1962-08-25,17.22,37.78,Texas Water Development Board,water_level,12110208
8858302,1962-08-30,16.95,38.05,Texas Water Development Board,water_level,12110208
8858302,1962-09-05,17.15,37.85,Texas Water Development Board,water_level,12110208
8858302,1962-09-10,18.37,36.63,Texas Water Development Board,water_level,12110208
8858302,1962-09-15,22.3,32.7,Texas Water Development Board,water_level,12110208
8858302,1962-09-20,21.3,33.7,Texas Water Development Board,water_level,12110208
8858302,1962-09-25,22.68,32.32,Texas Water Development Board,water_level,12110208
8858302,1962-09-30,24.7,30.3,Texas Water Development Board,water_level,12110208
8858302,1962-10-05,21.69,33.31,Texas Water Development Board,water_level,12110208
8858302,1962-10-10,24.75,30.25,Texas Water Development Board,water_level,12110208
8858302,1962-10-15,29.75,25.25,Texas Water Development Board,water_level,12110208
8858302,1962-10-20,30.85,24.15,Texas Water Development Board,water_level,12110208
8858302,1962-10-25,26.98,28.02,Texas Water Development Board,water_level,12110208
8858302,1962-10-30,28,27,Texas Water Development Board,water_level,12110208
8858302,1962-11-30,24.26,30.74,Texas Water Development Board,water_level,12110208
8858302,1962-12-05,24.16,30.84,Texas Water Development Board,water_level,12110208
8858302,1962-12-10,26.01,28.99,Texas Water Development Board,water_level,12110208
8858302,1962-12-15,25.86,29.14,Texas Water Development Board,water_level,12110208
8858302,1962-12-20,23.56,31.44,Texas Water Development Board,water_level,12110208
8858302,1962-12-25,25.01,29.99,Texas Water Development Board,water_level,12110208
8858302,1962-12-30,24.16,30.84,Texas Water Development Board,water_level,12110208
8858302,1963-08-15,16.25,38.75,Texas Water Development Board,water_level,12110208
8858302,1964-05-27,24.4,30.6,Texas Water Development Board,water_level,12110208
8858302,1964-07-22,25.8,29.2,Texas Water Development Board,water_level,12110208
8858302,1964-08-26,26.71,28.29,Texas Water Development Board,water_level,12110208
8858302,1964-10-02,24.81,30.19,Texas Water Development Board,water_level,12110208
8858302,1964-11-20,20,35,Texas Water Development Board,water_level,12110208
8858302,1965-03-26,18.58,36.42,Texas Water Development Board,water_level,12110208
8858302,1965-05-19,18.49,36.51,Texas Water Development Board,water_level,12110208
8858302,1965-07-24,20.05,34.95,Texas Water Development Board,water_level,12110208
8858302,1965-08-11,18.45,36.55,Texas Water Development Board,water_level,12110208
8858302,1965-09-23,18.05,36.95,Texas Water Development Board,water_level,12110208
8858302,1965-11-19,17.61,37.39,Texas Water Development Board,water_level,12110208
8858302,1966-01-26,15.96,39.04,Texas Water Development Board,water_level,12110208
8858302,1966-03-28,16.5,38.5,Texas Water Development Board,water_level,12110208
8858302,1966-05-23,15.21,39.79,Texas Water Development Board,water_level,12110208
8858302,1966-07-28,15.96,39.04,Texas Water Development Board,water_level,12110208
8858302,1966-09-22,15.47,39.53,Texas Water Development Board,water_level,12110208
8858302,1966-11-16,15.53,39.47,Texas Water Development Board,water_level,12110208
8858302,1967-01-22,15.36,39.64,Texas Water Development Board,water_level,12110208
8858302,1967-03-09,16.1,38.9,Texas Water Development Board,water_level,12110208
8858302,1967-05-25,16.3,38.7,Texas Water Development Board,water_level,12110208
8858302,1967-07-20,19.36,35.64,Texas Water Development Board,water_level,12110208
8858302,1967-10-19,12.96,42.04,Texas Water Development Board,water_level,12110208
8858302,1967-11-16,14.02,40.98,Texas Water Development Board,water_level,12110208
8858302,1968-01-31,10.49,44.51,Texas Water Development Board,water_level,12110208
8858302,1968-03-22,12.64,42.36,Texas Water Development Board,water_level,12110208
8858302,1968-05-24,10.1,44.9,Texas Water Development Board,water_level,12110208
8858302,1968-07-11,12.89,42.11,Texas Water Development Board,water_level,12110208
8858302,1968-08-28,14.6,40.4,Texas Water Development Board,water_level,12110208
8858302,1968-11-21,9.24,45.76,Texas Water Development Board,water_level,12110208
8858302,1969-01-25,11.44,43.56,Texas Water Development Board,water_level,12110208
8858302,1969-02-16,14.19,40.81,Texas Water Development Board,water_level,12110208
8858302,1969-03-24,10.19,44.81,Texas Water Development Board,water_level,12110208
8858302,1969-05-28,13.11,41.89,Texas Water Development Board,water_level,12110208
8858302,1969-08-20,13.08,41.92,Texas Water Development Board,water_level,12110208
8858302,1969-09-25,10.38,44.62,Texas Water Development Board,water_level,12110208
8858302,1969-10-14,10.36,44.64,Texas Water Development Board,water_level,12110208
8858302,1969-12-10,11.22,43.78,Texas Water Development Board,water_level,12110208
8858302,1970-04-13,16.6,38.4,Texas Water Development Board,water_level,12110208
8858302,1970-06-22,17.2,37.8,Texas Water Development Board,water_level,12110208
8858302,1970-08-19,15.34,39.66,Texas Water Development Board,water_level,12110208
8858302,1970-10-19,14.14,40.86,Texas Water Development Board,water_level,12110208
8858302,1970-12-14,15.09,39.91,Texas Water Development Board,water_level,12110208
8858302,1971-08-16,15.6,39.4,Texas Water Development Board,water_level,12110208
8858302,1972-08-07,12.62,42.38,Texas Water Development Board,water_level,12110208
8858302,1973-08-28,12.38,42.62,Texas Water Development Board,water_level,12110208
8858302,1974-08-16,14.18,40.82,Texas Water Development Board,water_level,12110208
8858302,1975-08-13,13.33,41.67,Texas Water Development Board,water_level,12110208
8858302,1976-08-17,12.3,42.7,Texas Water Development Board,water_level,12110208
8858302,1977-08-03,12.15,42.85,Texas Water Development Board,water_level,12110208
8858302,1978-08-24,14.54,40.46,Texas Water Development Board,water_level,12110208
8858302,1979-08-15,13.8,41.2,Texas Water Development Board,water_level,12110208
8858302,1980-09-17,13.4,41.6,Texas Water Development Board,water_level,12110208
8858302,1980-12-13,13.5,41.5,Texas Water Development Board,water_level,12110208
8858302,1983-02-15,13.35,41.65,Texas Water Development Board,water_level,12110208
8858302,1984-02-07,12.77,42.23,Texas Water Development Board,water_level,12110208
8858302,1985-02-19,13.26,41.74,Texas Water Development Board,water_level,12110208
8858302,1985-12-06,14.85,40.15,Texas Water Development Board,water_level,12110208
8858302,1987-01-14,16.54,38.46,Texas Water Development Board,water_level,12110208
8858302,1988-01-05,13.42,41.58,Texas Water Development Board,water_level,12110208
8858302,1989-01-03,14.1,40.9,Texas Water Development Board,water_level,12110208
8858302,1989-11-28,14.1,40.9,Texas Water Development Board,water_level,12110208
8858302,1990-11-12,14.6,40.4,Texas Water Development Board,water_level,12110208
8858302,1991-11-12,13.2,41.8,Texas Water Development Board,water_level,12110208
8858302,1992-12-29,12.5,42.5,Texas Water Development Board,water_level,12110208
8858302,1993-10-07,14.2,40.8,Texas Water Development Board,water_level,12110208
8858302,1994-11-29,14.25,40.75,Texas Water Development Board,water_level,12110208
8858302,1995-09-22,14.1,40.9,Texas Water Development Board,water_level,12110208
8858302,1996-02-14,13.3,41.7,Texas Water Development Board,water_level,12110208
8858302,1997-02-08,16.85,38.15,Texas Water Development Board,water_level,12110208
8858302,1998-02-24,15.35,39.65,Texas Water Development Board,water_level,12110208
8858302,1999-02-25,18.4,36.6,Texas Water Development Board,water_level,12110208
8858302,2000-02-23,12.8,42.2,Texas Water Development Board,water_level,12110208
8858302,2001-02-23,15.4,39.6,Texas Water Development Board,water_level,12110208
8858302,2002-02-27,24.7,30.3,Texas Water Development Board,water_level,12110208
8858302,2003-02-14,17.37,37.63,Texas Water Development Board,water_level,12110208
8858302,2004-02-19,16.8,38.2,Texas Water Development Board,water_level,12110208
8858302,2005-02-17,16.88,38.12,Texas Water Development Board,water_level,12110208
8858302,2006-02-16,17.08,37.92,Texas Water Development Board,water_level,12110208
8858302,2007-02-28,15.48,39.52,Texas Water Development Board,water_level,12110208
8858302,2008-02-13,15.09,39.91,Texas Water Development Board,water_level,12110208
8858302,2009-03-10,13.1,41.9,Texas Water Development Board,water_level,12110208
8858302,2010-01-26,12.51,42.49,Texas Water Development Board,water_level,12110208
8858302,2011-01-19,12.8,42.2,Texas Water Development Board,water_level,12110208
8858302,2012-01-13,14.47,40.53,Texas Water Development Board,water_level,12110208
8858302,2013-01-18,15.9,39.1,Texas Water Development Board,water_level,12110208
8858302,2014-01-28,15.44,39.56,Texas Water Development Board,water_level,12110208
8858302,2015-01-21,12.71,42.29,Texas Water Development Board,water_level,12110208
8858302,2016-01-25,13.47,41.53,Texas Water Development Board,water_level,12110208
8858302,2017-01-10,14.65,40.35,Texas Water Development Board,water_level,12110208
8858302,2018-01-17,15.92,39.08,Texas Water Development Board,water_level,12110208
8858302,2019-01-22,15.95,39.05,Texas Water Development Board,water_level,12110208
8858302,2020-01-29,15.72,39.28,Texas Water Development Board,water_level,12110208
8858302,2021-01-31,,,Texas Water Development Board,water_level,12110208
8858302,2022-01-27,14.18,40.82,Texas Water Development Board,water_level,12110208
8858302,2023-01-23,15.73,39.27,Texas Water Development Board,water_level,12110208
8858302,2024-02-01,16.98,38.02,Texas Water Development Board,water_level,12110208
8858302,2025-01-28,19.07,35.93,Texas Water Development Board,water_level,12110208
8858302,2026-01-29,17.23,37.77,Texas Water Development Board,water_level,12110208
8858303,1963-10-23,37,13,Registered Water Well Driller,water_level,12110208
8858303,1972-09-26,9.04,40.96,Texas Water Development Board,water_level,12110208
8858304,,20,32,U.S. Geological Survey,water_level,12110208
8858306,1957-07-17,30.02,20.98,U.S. Geological Survey,water_level,12110208
8858306,,20,31,Registered Water Well Driller,water_level,12110208
8858311,1957-07-17,32.1,22.9,U.S. Geological Survey,water_level,12110208
8858312,1953-09-16,24.9,26.1,U.S. Geological Survey,water_level,12110208
8858312,1957-07-17,26.9,24.1,U.S. Geological Survey,water_level,12110208
8858313,1953-09-16,26.8,26.2,U.S. Geological Survey,water_level,12110208
8858313,1957-07-17,30.7,22.3,U.S. Geological Survey,water_level,12110208
8858314,1953-09-16,28.6,23.4,U.S. Geological Survey,water_level,12110208
8858314,1957-07-17,29.9,22.1,U.S. Geological Survey,water_level,12110208
8858401,1957-09-11,38.4,27.6,Other or Source of Measurement Unknown,water_level,12110208
8858401,1959-03-02,17.86,48.14,Other or Source of Measurement Unknown,water_level,12110208
8858401,1962-06-26,,,Texas Water Development Board,water_level,12110208
8858401,,22,44,Registered Water Well Driller,water_level,12110208
8858402,1952-09-30,18.5,48.5,Other or Source of Measurement Unknown,water_level,12110208
8858402,1957-09-10,33.57,33.43,Other or Source of Measurement Unknown,water_level,12110208
8858402,1959-03-02,14.95,52.05,Other or Source of Measurement Unknown,water_level,12110208
8858402,1960-08-30,17.09,49.91,Other or Source of Measurement Unknown,water_level,12110208
8858402,1962-06-26,38.82,28.18,Texas Water Development Board,water_level,12110208
8858402,1963-08-14,30.4,36.6,Texas Water Development Board,water_level,12110208
8858402,1964-08-26,35.51,31.49,Texas Water Development Board,water_level,12110208
8858402,1965-08-11,27.95,39.05,Texas Water Development Board,water_level,12110208
8858402,1966-07-28,30.45,36.55,Texas Water Development Board,water_level,12110208
8858402,1967-07-27,34.82,32.18,Texas Water Development Board,water_level,12110208
8858402,1968-08-28,17.9,49.1,Texas Water Development Board,water_level,12110208
8858402,1969-08-20,24.99,42.01,Texas Water Development Board,water_level,12110208
8858402,1970-08-18,26.05,40.95,Texas Water Development Board,water_level,12110208
8858402,1971-08-17,25,42,Texas Water Development Board,water_level,12110208
8858402,1972-08-08,19.06,47.94,Texas Water Development Board,water_level,12110208
8858402,1973-08-28,15.44,51.56,Texas Water Development Board,water_level,12110208
8858402,1974-08-16,20.3,46.7,Texas Water Development Board,water_level,12110208
8858402,1975-08-13,17.9,49.1,Texas Water Development Board,water_level,12110208
8858402,1976-08-17,14.3,52.7,Texas Water Development Board,water_level,12110208
8858402,1977-08-02,14.94,52.06,Texas Water Development Board,water_level,12110208
8858402,1978-08-24,18.97,48.03,Texas Water Development Board,water_level,12110208
8858402,1979-08-15,17.04,49.96,Texas Water Development Board,water_level,12110208
8858402,1980-09-17,17.35,49.65,Texas Water Development Board,water_level,12110208
8858402,1980-12-15,15.8,51.2,Texas Water Development Board,water_level,12110208
8858402,1983-02-15,14.75,52.25,Texas Water Development Board,water_level,12110208
8858402,1984-02-07,14.5,52.5,Texas Water Development Board,water_level,12110208
8858402,1985-02-19,16.12,50.88,Texas Water Development Board,water_level,12110208
8858402,1985-12-06,17.21,49.79,Texas Water Development Board,water_level,12110208
8858402,1987-01-14,15.85,51.15,Texas Water Development Board,water_level,12110208
8858402,1988-01-05,16.06,50.94,Texas Water Development Board,water_level,12110208
8858402,1989-01-03,16.9,50.1,Texas Water Development Board,water_level,12110208
8858402,1989-11-28,16.9,50.1,Texas Water Development Board,water_level,12110208
8858402,1990-11-12,17.3,49.7,Texas Water Development Board,water_level,12110208
8858402,1991-11-12,19.6,47.4,Texas Water Development Board,water_level,12110208
8858402,1992-12-29,25,42,Texas Water Development Board,water_level,12110208
8858402,1993-10-07,,,Texas Water Development Board,water_level,12110208
8858402,1994-11-29,,,Texas Water Development Board,water_level,12110208
8858402,1995-09-22,,,Texas Water Development Board,water_level,12110208
8858402,1996-02-14,15.58,51.42,Texas Water Development Board,water_level,12110208
8858402,1997-02-08,38.35,28.65,Texas Water Development Board,water_level,12110208
8858402,1998-02-24,22.4,44.6,Texas Water Development Board,water_level,12110208
8858402,1999-02-25,27.3,39.7,Texas Water Development Board,water_level,12110208
8858402,2000-02-23,33.2,33.8,Texas Water Development Board,water_level,12110208
8858402,2001-02-23,,,Texas Water Development Board,water_level,12110208
8858402,2002-02-27,48.85,18.15,Texas Water Development Board,water_level,12110208
8858402,2003-02-14,25.72,41.28,Texas Water Development Board,water_level,12110208
8858402,2004-02-20,28.74,38.26,Texas Water Development Board,water_level,12110208
8858402,2005-02-17,18.36,48.64,Texas Water Development Board,water_level,12110208
8858402,2006-02-16,20.32,46.68,Texas Water Development Board,water_level,12110208
8858402,2007-02-28,17.33,49.67,Texas Water Development Board,water_level,12110208
8858402,2008-02-13,16.27,50.73,Texas Water Development Board,water_level,12110208
8858402,2009-03-10,16.6,50.4,Texas Water Development Board,water_level,12110208
8858402,2010-01-26,22.01,44.99,Texas Water Development Board,water_level,12110208
8858402,2011-01-19,13.57,53.43,Texas Water Development Board,water_level,12110208
8858402,2012-01-13,14.37,52.63,Texas Water Development Board,water_level,12110208
8858402,2013-01-17,15.9,51.1,Texas Water Development Board,water_level,12110208
8858402,2014-01-28,17.06,49.94,Texas Water Development Board,water_level,12110208
8858402,2015-01-21,18.08,48.92,Texas Water Development Board,water_level,12110208
8858402,2016-01-25,13.43,53.57,Texas Water Development Board,water_level,12110208
8858402,2017-01-10,19.07,47.93,Texas Water Development Board,water_level,12110208
8858402,2018-01-17,22.09,44.91,Texas Water Development Board,water_level,12110208
8858402,2019-01-22,18.45,48.55,Texas Water Development Board,water_level,12110208
8858402,2020-01-29,19.94,47.06,Texas Water Development Board,water_level,12110208
8858402,2021-01-31,,,Texas Water Development Board,water_level,12110208
8858402,2022-01-27,13.41,53.59,Texas Water Development Board,water_level,12110208
8858402,2023-01-23,19.34,47.66,Texas Water Development Board,water_level,12110208
8858402,2024-02-01,19.49,47.51,Texas Water Development Board,water_level,12110208
8858402,2025-01-28,19.61,47.39,Texas Water Development Board,water_level,12110208
8858402,2026-01-29,25.73,41.27,Texas Water Development Board,water_level,12110208
8858403,1952-01-15,19.7,42.3,Registered Water Well Driller,water_level,12110208
8858404,1969-12-01,20,46,Registered Water Well Driller,water_level,12110208
8858405,1999-07-14,38.8,26.2,Texas Water Development Board,water_level,13090002
8858406,1999-07-14,22.02,43.98,Texas Water Development Board,water_level,12110208
8858407,1999-07-14,29.05,40.95,Texas Water Development Board,water_level,13090002
8858408,1966-04-20,20,46,Registered Water Well Driller,water_level,12110208
8858408,1999-07-14,23.34,42.66,Texas Water Development Board,water_level,12110208
8858409,1999-07-14,25,45,Texas Water Development Board,water_level,13090002
8858410,1945-07-27,7,55,U.S. Geological Survey,water_level,12110208
8858411,1945-07-02,16.6,48.4,U.S. Geological Survey,water_level,12110208
8858413,,12,51,Registered Water Well Driller,water_level,12110208
8858501,1959-03-02,16.38,43.62,Other or Source of Measurement Unknown,water_level,12110208
8858501,1962-06-27,,,Texas Water Development Board,water_level,12110208
8858501,,27,33,U.S. Geological Survey,water_level,12110208
8858502,1952-06-05,24,41,Other or Source of Measurement Unknown,water_level,12110208
8858502,1957-09-11,34.97,30.03,Other or Source of Measurement Unknown,water_level,12110208
8858502,1959-03-02,14.19,50.81,Other or Source of Measurement Unknown,water_level,12110208
8858502,1960-08-30,21.49,43.51,Other or Source of Measurement Unknown,water_level,12110208
8858502,1962-06-26,,,Texas Water Development Board,water_level,12110208
8858502,1963-08-14,26.76,38.24,Texas Water Development Board,water_level,12110208
8858502,1964-08-26,33.46,31.54,Texas Water Development Board,water_level,12110208
8858502,1965-08-11,23.12,41.88,Texas Water Development Board,water_level,12110208
8858502,1966-07-28,23.31,41.69,Texas Water Development Board,water_level,12110208
8858502,1967-07-27,24.63,40.37,Texas Water Development Board,water_level,12110208
8858502,1968-08-28,12.74,52.26,Texas Water Development Board,water_level,12110208
8858502,1969-08-20,12.39,52.61,Texas Water Development Board,water_level,12110208
8858502,1970-08-18,21.58,43.42,Texas Water Development Board,water_level,12110208
8858502,1971-08-17,20.05,44.95,Texas Water Development Board,water_level,12110208
8858502,1972-08-08,15.35,49.65,Texas Water Development Board,water_level,12110208
8858502,1973-08-28,15.77,49.23,Texas Water Development Board,water_level,12110208
8858502,1974-08-16,19.3,45.7,Texas Water Development Board,water_level,12110208
8858502,1975-08-13,14.94,50.06,Texas Water Development Board,water_level,12110208
8858502,1976-08-17,13.8,51.2,Texas Water Development Board,water_level,12110208
8858502,1977-08-03,12.29,52.71,Texas Water Development Board,water_level,12110208
8858502,1978-08-24,17.49,47.51,Texas Water Development Board,water_level,12110208
8858502,1979-08-15,16.95,48.05,Texas Water Development Board,water_level,12110208
8858502,1980-09-17,15.56,49.44,Texas Water Development Board,water_level,12110208
8858502,1980-12-15,14.72,50.28,Texas Water Development Board,water_level,12110208
8858502,1983-02-15,13.79,51.21,Texas Water Development Board,water_level,12110208
8858502,1984-02-07,13.8,51.2,Texas Water Development Board,water_level,12110208
8858502,1985-02-19,16.05,48.95,Texas Water Development Board,water_level,12110208
8858502,1985-12-06,19.82,45.18,Texas Water Development Board,water_level,12110208
8858502,1987-01-14,15.68,49.32,Texas Water Development Board,water_level,12110208
8858502,1988-01-05,15.07,49.93,Texas Water Development Board,water_level,12110208
8858502,1989-01-03,18.1,46.9,Texas Water Development Board,water_level,12110208
8858502,1989-11-28,19.1,45.9,Texas Water Development Board,water_level,12110208
8858502,1990-11-12,16.5,48.5,Texas Water Development Board,water_level,12110208
8858502,1991-11-12,13.8,51.2,Texas Water Development Board,water_level,12110208
8858502,1992-12-29,14.5,50.5,Texas Water Development Board,water_level,12110208
8858502,1993-10-07,13.5,51.5,Texas Water Development Board,water_level,12110208
8858502,1994-11-29,14.15,50.85,Texas Water Development Board,water_level,12110208
8858502,1995-09-22,14.2,50.8,Texas Water Development Board,water_level,12110208
8858502,1996-02-14,14.4,50.6,Texas Water Development Board,water_level,12110208
8858502,1997-02-08,33.3,31.7,Texas Water Development Board,water_level,12110208
8858502,1998-02-24,,,Texas Water Development Board,water_level,12110208
8858502,1999-02-25,33.5,31.5,Texas Water Development Board,water_level,12110208
8858502,2000-02-23,38.92,26.08,Texas Water Development Board,water_level,12110208
8858502,2001-02-23,35.4,29.6,Texas Water Development Board,water_level,12110208
8858502,2002-02-27,52.9,12.1,Texas Water Development Board,water_level,12110208
8858502,2003-02-14,39.95,25.05,Texas Water Development Board,water_level,12110208
8858502,2004-02-19,28.15,36.85,Texas Water Development Board,water_level,12110208
8858502,2005-02-17,21.63,43.37,Texas Water Development Board,water_level,12110208
8858502,2006-02-16,20.25,44.75,Texas Water Development Board,water_level,12110208
8858502,2007-02-28,18.71,46.29,Texas Water Development Board,water_level,12110208
8858502,2008-02-13,19.08,45.92,Texas Water Development Board,water_level,12110208
8858502,2009-03-10,22.19,42.81,Texas Water Development Board,water_level,12110208
8858502,2010-01-26,13.61,51.39,Texas Water Development Board,water_level,12110208
8858502,2011-01-19,13.65,51.35,Texas Water Development Board,water_level,12110208
8858502,2012-01-13,14.89,50.11,Texas Water Development Board,water_level,12110208
8858502,2013-01-17,,,Texas Water Development Board,water_level,12110208
8858502,2014-01-28,16.3,48.7,Texas Water Development Board,water_level,12110208
8858502,2015-01-21,14.49,50.51,Texas Water Development Board,water_level,12110208
8858502,2016-01-25,14.02,50.98,Texas Water Development Board,water_level,12110208
8858502,2017-01-10,18.01,46.99,Texas Water Development Board,water_level,12110208
8858502,2018-01-17,18.04,46.96,Texas Water Development Board,water_level,12110208
8858502,2019-01-22,15.65,49.35,Texas Water Development Board,water_level,12110208
8858502,2020-01-29,16.58,48.42,Texas Water Development Board,water_level,12110208
8858502,2021-01-31,,,Texas Water Development Board,water_level,12110208
8858502,2022-01-27,14.04,50.96,Texas Water Development Board,water_level,12110208
8858502,2023-01-23,20.92,44.08,Texas Water Development Board,water_level,12110208
8858502,2024-02-01,18.97,46.03,Texas Water Development Board,water_level,12110208
8858502,2025-01-28,19.17,45.83,Texas Water Development Board,water_level,12110208
8858502,2026-01-29,21.04,43.96,Texas Water Development Board,water_level,12110208
8858503,1997-02-21,25,36,Registered Water Well Driller,water_level,12110208
8858504,,18,42,Registered Water Well Driller,water_level,12110208
8858506,1998-07-14,,,Texas Water Development Board,water_level,13090002
8858507,1952-08-25,21.3,43.7,Registered Water Well Driller,water_level,12110208
8858508,1952-09-02,27.7,33.3,U.S. Geological Survey,water_level,12110208
8858509,,18,44,Registered Water Well Driller,water_level,12110208
8858510,1945-07-09,15.7,49.3,U.S. Geological Survey,water_level,12110208
8858606,1962-06-26,26.2,30.8,Texas Water Development Board,water_level,12110208
8858606,1963-08-15,20.73,36.27,Texas Water Development Board,water_level,12110208
8858606,1964-08-26,25.92,31.08,Texas Water Development Board,water_level,12110208
8858606,1965-08-11,16.81,40.19,Texas Water Development Board,water_level,12110208
8858606,1966-07-28,30.69,26.31,Texas Water Development Board,water_level,12110208
8858606,1967-07-27,22.78,34.22,Texas Water Development Board,water_level,12110208
8858606,1968-08-28,15.28,41.72,Texas Water Development Board,water_level,12110208
8858606,1969-08-20,24.06,32.94,Texas Water Development Board,water_level,12110208
8858606,1970-08-18,26.12,30.88,Texas Water Development Board,water_level,12110208
8858606,1971-08-17,,,Texas Water Development Board,water_level,12110208
8858606,1972-08-08,,,Texas Water Development Board,water_level,12110208
8858606,1973-08-28,,,Texas Water Development Board,water_level,12110208
8858606,1974-08-16,12.53,44.47,Texas Water Development Board,water_level,12110208
8858606,1975-08-13,,,Texas Water Development Board,water_level,12110208
8858606,1976-08-17,,,Texas Water Development Board,water_level,12110208
8858606,1977-08-03,,,Texas Water Development Board,water_level,12110208
8858607,,20,37,Other or Source of Measurement Unknown,water_level,12110208
8858608,1988-11-15,45,9,Registered Water Well Driller,water_level,12110208
8858610,1991-09-17,12,42,Registered Water Well Driller,water_level,12110208
8858611,1990-03-22,18,37,Registered Water Well Driller,water_level,12110208
8858612,1999-08-03,9.56,48.44,Registered Water Well Driller,water_level,12110208
8858613,1999-10-06,30.93,31.07,Texas Water Development Board,water_level,13090002
8858615,,20,35,Registered Water Well Driller,water_level,12110208
8858618,,24,38,U.S. Geological Survey,water_level,13090002
8858901,1999-04-06,25,37,Registered Water Well Driller,water_level,13090002
8858902,1953-01-05,24.2,38.8,U.S. Geological Survey,water_level,13090002
8859101,1957-09-12,27.57,23.43,Other or Source of Measurement Unknown,water_level,12110208
8859101,1959-03-02,15.75,35.25,Other or Source of Measurement Unknown,water_level,12110208
8859101,1960-08-30,14.13,36.87,Other or Source of Measurement Unknown,water_level,12110208
8859101,1962-06-26,17.27,33.73,Texas Water Development Board,water_level,12110208
8859101,1963-08-15,19.1,31.9,Texas Water Development Board,water_level,12110208
8859101,1964-08-26,24.53,26.47,Texas Water Development Board,water_level,12110208
8859101,1965-08-11,18.65,32.35,Texas Water Development Board,water_level,12110208
8859101,1966-07-28,20.89,30.11,Texas Water Development Board,water_level,12110208
8859101,1967-07-27,20.53,30.47,Texas Water Development Board,water_level,12110208
8859101,1968-08-28,21.31,29.69,Texas Water Development Board,water_level,12110208
8859101,1969-08-19,20.72,30.28,Texas Water Development Board,water_level,12110208
8859101,1970-08-20,14.58,36.42,Texas Water Development Board,water_level,12110208
8859101,1971-08-17,16.4,34.6,Texas Water Development Board,water_level,12110208
8859101,1972-08-07,14.73,36.27,Texas Water Development Board,water_level,12110208
8859101,1973-08-28,,,Texas Water Development Board,water_level,12110208
8859101,1974-08-20,19.58,31.42,Texas Water Development Board,water_level,12110208
8859101,1975-08-13,,,Texas Water Development Board,water_level,12110208
8859101,1976-08-17,,,Texas Water Development Board,water_level,12110208
8859101,1977-08-03,,,Texas Water Development Board,water_level,12110208
8859101,1978-08-24,,,Texas Water Development Board,water_level,12110208
8859101,1979-08-15,,,Texas Water Development Board,water_level,12110208
8859101,1995-09-21,13.9,37.1,Texas Water Development Board,water_level,12110208
8859102,1952-07-24,13.9,35.1,Other or Source of Measurement Unknown,water_level,12110208
8859102,1976-08-17,15.5,33.5,Texas Water Development Board,water_level,12110208
8859102,1977-08-03,12.04,36.96,Texas Water Development Board,water_level,12110208
8859102,1978-08-24,,,Texas Water Development Board,water_level,12110208
8859102,1979-08-15,,,Texas Water Development Board,water_level,12110208
8859102,1980-09-17,13.3,35.7,Texas Water Development Board,water_level,12110208
8859102,1980-12-13,13.36,35.64,Texas Water Development Board,water_level,12110208
8859102,1982-02-16,12.88,36.12,Texas Water Development Board,water_level,12110208
8859102,1983-02-15,,,Texas Water Development Board,water_level,12110208
8859102,1984-02-07,13.74,35.26,Texas Water Development Board,water_level,12110208
8859102,1985-02-19,12.5,36.5,Texas Water Development Board,water_level,12110208
8859102,1985-12-16,17,32,Texas Water Development Board,water_level,12110208
8859102,1987-01-14,,,Texas Water Development Board,water_level,12110208
8859102,1988-01-05,15.42,33.58,Texas Water Development Board,water_level,12110208
8859102,1989-01-03,15.51,33.49,Texas Water Development Board,water_level,12110208
8859102,1989-11-29,17.25,31.75,Texas Water Development Board,water_level,12110208
8859102,1990-11-12,15.3,33.7,Texas Water Development Board,water_level,12110208
8859102,1991-11-12,14.25,34.75,Texas Water Development Board,water_level,12110208
8859102,1992-12-29,13,36,Texas Water Development Board,water_level,12110208
8859102,1993-10-07,16.5,32.5,Texas Water Development Board,water_level,12110208
8859102,1995-08-12,13.05,35.95,Texas Water Development Board,water_level,12110208
8859102,1995-09-21,12.5,36.5,Texas Water Development Board,water_level,12110208
8859103,,6,45,Other or Source of Measurement Unknown,water_level,12110208
8859105,1968-08-05,17,36,Registered Water Well Driller,water_level,12110208
8859107,1962-10-27,137,-86,Registered Water Well Driller,water_level,12110208
8859110,,18,30,U.S. Geological Survey,water_level,12110208
8859111,1952-07-10,8.7,41.3,U.S. Geological Survey,water_level,12110208
8859113,,9,42,Registered Water Well Driller,water_level,12110208
8859114,,15,35,Registered Water Well Driller,water_level,12110208
8859116,,18,37,U.S. Geological Survey,water_level,12110208
8859117,,53,2,Registered Water Well Driller,water_level,12110208
8859118,,70,-16,U.S. Geological Survey,water_level,12110208
8859201,1952-08-19,17.7,28.3,Other or Source of Measurement Unknown,water_level,12110208
8859201,1957-09-30,26.2,19.8,Other or Source of Measurement Unknown,water_level,12110208
8859201,1959-02-03,10.49,35.51,Other or Source of Measurement Unknown,water_level,12110208
8859201,1960-08-30,12.15,33.85,Other or Source of Measurement Unknown,water_level,12110208
8859201,1962-06-26,,,Texas Water Development Board,water_level,12110208
8859202,1957-09-12,29.35,22.65,Other or Source of Measurement Unknown,water_level,12110208
8859202,1959-03-02,17.53,34.47,Other or Source of Measurement Unknown,water_level,12110208
8859202,1960-08-30,14.86,37.14,Other or Source of Measurement Unknown,water_level,12110208
8859202,1962-06-26,19.78,32.22,Texas Water Development Board,water_level,12110208
8859202,1963-08-15,23.01,28.99,Texas Water Development Board,water_level,12110208
8859202,1964-08-26,,,Texas Water Development Board,water_level,12110208
8859202,1965-08-10,22.21,29.79,Texas Water Development Board,water_level,12110208
8859202,1966-07-28,19.27,32.73,Texas Water Development Board,water_level,12110208
8859202,1967-07-27,,,Texas Water Development Board,water_level,12110208
8859202,1968-08-28,21.18,30.82,Texas Water Development Board,water_level,12110208
8859202,1969-08-19,20.13,31.87,Texas Water Development Board,water_level,12110208
8859202,1970-08-20,19.68,32.32,Texas Water Development Board,water_level,12110208
8859202,1971-08-16,20.02,31.98,Texas Water Development Board,water_level,12110208
8859202,1972-08-07,17.42,34.58,Texas Water Development Board,water_level,12110208
8859202,1973-08-28,17.7,34.3,Texas Water Development Board,water_level,12110208
8859202,1974-08-19,18.68,33.32,Texas Water Development Board,water_level,12110208
8859202,1975-08-13,,,Texas Water Development Board,water_level,12110208
8859202,1976-08-17,,,Texas Water Development Board,water_level,12110208
8859202,1977-08-03,,,Texas Water Development Board,water_level,12110208
8859202,1995-09-21,,,Texas Water Development Board,water_level,12110208
8859205,1972-09-25,15.43,32.57,Texas Water Development Board,water_level,12110208
8859205,,20,28,Other or Source of Measurement Unknown,water_level,12110208
8859206,,20,33,Other or Source of Measurement Unknown,water_level,12110208
8859208,1952-06-25,22.1,29.9,Other or Source of Measurement Unknown,water_level,12110208
8859209,1952-06-25,26.4,26.6,Other or Source of Measurement Unknown,water_level,12110208
8859211,1998-06-22,16,35,Registered Water Well Driller,water_level,12110208
8859211,1999-05-14,19.5,31.5,Texas Water Development Board,water_level,12110208
8859212,1945-08-06,5.2,40.8,U.S. Geological Survey,water_level,12110208
8859215,,30,20,U.S. Geological Survey,water_level,12110208
8859218,,24,27,U.S. Geological Survey,water_level,12110208
8859219,1945-08-02,10.6,38.4,U.S. Geological Survey,water_level,12110208
8859301,1959-03-02,15.88,24.12,Other or Source of Measurement Unknown,water_level,12110208
8859301,1962-06-26,,,Texas Water Development Board,water_level,12110208
8859301,,30,10,Other or Source of Measurement Unknown,water_level,12110208
8859302,1968-04-16,15,25,Registered Water Well Driller,water_level,12110208
8859306,,19,27,Other or Source of Measurement Unknown,water_level,12110208
8859307,1999-08-04,9.1,33.9,Texas Water Development Board,water_level,12110208
8859311,1952-06-19,11,22,U.S. Geological Survey,water_level,12110208
8859313,1952-08-02,6.1,36.9,U.S. Geological Survey,water_level,12110208
8859315,1952-07-22,21.3,22.7,U.S. Geological Survey,water_level,12110208
8859316,1945-08-02,12.5,38.5,U.S. Geological Survey,water_level,12110208
8859317,,15,35,Registered Water Well Driller,water_level,12110208
8859401,1959-03-02,16.61,38.39,Other or Source of Measurement Unknown,water_level,12110208
8859401,1962-06-26,18.39,36.61,Texas Water Development Board,water_level,12110208
8859401,1963-08-15,21.06,33.94,Texas Water Development Board,water_level,12110208
8859401,1964-08-26,22.41,32.59,Texas Water Development Board,water_level,12110208
8859401,1965-08-12,16.55,38.45,Texas Water Development Board,water_level,12110208
8859401,1966-07-28,16.41,38.59,Texas Water Development Board,water_level,12110208
8859401,1967-07-27,,,Texas Water Development Board,water_level,12110208
8859401,1968-08-28,14.06,40.94,Texas Water Development Board,water_level,12110208
8859401,1969-08-19,13.78,41.22,Texas Water Development Board,water_level,12110208
8859401,1970-08-19,14.53,40.47,Texas Water Development Board,water_level,12110208
8859401,1971-08-16,15.12,39.88,Texas Water Development Board,water_level,12110208
8859401,1972-08-08,13.02,41.98,Texas Water Development Board,water_level,12110208
8859401,1973-08-28,13.41,41.59,Texas Water Development Board,water_level,12110208
8859401,1974-08-16,14.62,40.38,Texas Water Development Board,water_level,12110208
8859401,1975-08-13,10.67,44.33,Texas Water Development Board,water_level,12110208
8859401,1976-08-17,,,Texas Water Development Board,water_level,12110208
8859401,1977-08-03,10.73,44.27,Texas Water Development Board,water_level,12110208
8859401,1978-08-24,13.28,41.72,Texas Water Development Board,water_level,12110208
8859401,1979-08-16,,,Texas Water Development Board,water_level,12110208
8859401,1980-09-17,11.5,43.5,Texas Water Development Board,water_level,12110208
8859401,1980-12-15,11.43,43.57,Texas Water Development Board,water_level,12110208
8859401,1982-02-16,11.12,43.88,Texas Water Development Board,water_level,12110208
8859401,1983-02-15,,,Texas Water Development Board,water_level,12110208
8859401,1984-02-07,10.67,44.33,Texas Water Development Board,water_level,12110208
8859401,1985-02-19,11.49,43.51,Texas Water Development Board,water_level,12110208
8859401,1985-12-06,13.2,41.8,Texas Water Development Board,water_level,12110208
8859401,1987-01-14,,,Texas Water Development Board,water_level,12110208
8859401,1988-01-05,,,Texas Water Development Board,water_level,12110208
8859401,1989-01-03,13.28,41.72,Texas Water Development Board,water_level,12110208
8859401,1989-11-28,,,Texas Water Development Board,water_level,12110208
8859401,1990-11-12,,,Texas Water Development Board,water_level,12110208
8859401,1991-11-12,,,Texas Water Development Board,water_level,12110208
8859401,,26,29,Other or Source of Measurement Unknown,water_level,12110208
8859402,1972-09-28,10.1,44.9,Texas Water Development Board,water_level,12110208
8859402,,18,37,Other or Source of Measurement Unknown,water_level,12110208
8859403,1972-10-18,13.54,43.46,Texas Water Development Board,water_level,12110208
8859404,1972-09-20,12.95,42.05,Texas Water Development Board,water_level,12110208
8859411,1989-06-16,13.5,36.5,Texas Water Development Board,water_level,12110208
8859411,1989-06-17,13.5,36.5,Texas Water Development Board,water_level,12110208
8859412,1996-12-06,26,27,Registered Water Well Driller,water_level,12110208
8859413,1945-08-03,10,40,U.S. Geological Survey,water_level,12110208
8859414,,14,42,Registered Water Well Driller,water_level,12110208
8859415,,44,6,Registered Water Well Driller,water_level,12110208
8859501,1952-01-05,14.09,30.91,U.S. Geological Survey,water_level,12110208
8859501,1959-03-02,6.08,38.92,Texas Water Development Board,water_level,12110208
8859501,1962-06-26,,,Texas Water Development Board,water_level,12110208
8859502,1952-09-04,18.9,26.1,Other or Source of Measurement Unknown,water_level,12110208
8859502,1957-09-12,24.73,20.27,Other or Source of Measurement Unknown,water_level,12110208
8859502,1960-08-30,17.12,27.88,Other or Source of Measurement Unknown,water_level,12110208
8859502,1962-06-26,15.66,29.34,Texas Water Development Board,water_level,12110208
8859502,1963-08-15,17.03,27.97,Texas Water Development Board,water_level,12110208
8859502,1964-08-26,20.35,24.65,Texas Water Development Board,water_level,12110208
8859502,1965-08-11,,,Texas Water Development Board,water_level,12110208
8859502,1965-08-12,15.69,29.31,Texas Water Development Board,water_level,12110208
8859502,1966-07-28,13.54,31.46,Texas Water Development Board,water_level,12110208
8859502,1967-07-27,23.14,21.86,Texas Water Development Board,water_level,12110208
8859502,1968-08-28,16.33,28.67,Texas Water Development Board,water_level,12110208
8859502,1969-08-19,15.91,29.09,Texas Water Development Board,water_level,12110208
8859502,1970-08-19,11.55,33.45,Texas Water Development Board,water_level,12110208
8859502,1971-08-16,11.33,33.67,Texas Water Development Board,water_level,12110208
8859502,1972-08-07,7.72,37.28,Texas Water Development Board,water_level,12110208
8859502,1973-08-28,7.51,37.49,Texas Water Development Board,water_level,12110208
8859502,1974-08-19,8.71,36.29,Texas Water Development Board,water_level,12110208
8859502,1975-08-13,8.22,36.78,Texas Water Development Board,water_level,12110208
8859502,1976-08-17,6.9,38.1,Texas Water Development Board,water_level,12110208
8859502,1977-08-03,7.37,37.63,Texas Water Development Board,water_level,12110208
8859502,1978-08-24,9.83,35.17,Texas Water Development Board,water_level,12110208
8859502,1979-08-16,,,Texas Water Development Board,water_level,12110208
8859502,1980-09-17,8.67,36.33,Texas Water Development Board,water_level,12110208
8859502,1980-12-15,7.82,37.18,Texas Water Development Board,water_level,12110208
8859502,1982-02-16,9.52,35.48,Texas Water Development Board,water_level,12110208
8859502,1983-02-15,,,Texas Water Development Board,water_level,12110208
8859502,1984-02-07,7.4,37.6,Texas Water Development Board,water_level,12110208
8859502,1985-02-19,8.89,36.11,Texas Water Development Board,water_level,12110208
8859502,1985-12-06,10.17,34.83,Texas Water Development Board,water_level,12110208
8859502,1987-01-14,8.47,36.53,Texas Water Development Board,water_level,12110208
8859502,1988-01-05,8.49,36.51,Texas Water Development Board,water_level,12110208
8859502,1989-01-03,,,Texas Water Development Board,water_level,12110208
8859502,1989-11-28,,,Texas Water Development Board,water_level,12110208
8859502,1990-11-29,,,Texas Water Development Board,water_level,12110208
8859503,1968-04-29,16,30,Registered Water Well Driller,water_level,12110208
8859504,1972-03-05,15,33,Registered Water Well Driller,water_level,12110208
8859509,1999-06-26,25,25,Registered Water Well Driller,water_level,12110208
8859509,1999-07-13,20.4,29.6,Texas Water Development Board,water_level,12110208
8859510,1999-07-13,22,28,Texas Water Development Board,water_level,12110208
8859511,1999-02-06,20,24,Registered Water Well Driller,water_level,12110208
8859513,,13,34,Registered Water Well Driller,water_level,12110208
8859601,1957-09-30,33.55,14.45,Other or Source of Measurement Unknown,water_level,12110208
8859601,1959-03-02,19.02,28.98,Other or Source of Measurement Unknown,water_level,12110208
8859601,1962-06-26,,,Texas Water Development Board,water_level,12110208
8859601,,32,16,Other or Source of Measurement Unknown,water_level,12110208
8859603,1969-10-07,19,30,Registered Water Well Driller,water_level,12110208
8859604,1972-10-16,11.5,33.5,Texas Water Development Board,water_level,12110208
8859604,1995-09-21,11.3,33.7,Texas Water Development Board,water_level,12110208
8859605,1972-10-19,17.33,27.67,Registered Water Well Driller,water_level,12110208
8859607,1952-05-05,20,27,Other or Source of Measurement Unknown,water_level,12110208
8859607,,25,22,Other or Source of Measurement Unknown,water_level,12110208
8859702,1972-09-28,15.1,42.9,Texas Water Development Board,water_level,12110208
8859702,,24,34,Other or Source of Measurement Unknown,water_level,12110208
8859703,1999-07-13,25.35,30.65,Texas Water Development Board,water_level,13090002
8859802,1996-06-29,25,30,Registered Water Well Driller,water_level,13090002
8859802,1999-07-13,22.36,32.64,Texas Water Development Board,water_level,13090002
8859803,1999-08-02,23.65,31.35,Texas Water Development Board,water_level,13090002
8859806,1998-09-29,25,26,Registered Water Well Driller,water_level,13090002
8859807,2000-05-06,25,30,Registered Water Well Driller,water_level,13090002
8859807,2000-06-22,32.77,22.23,Texas Water Development Board,water_level,13090002
8859901,1962-06-27,25.02,23.98,Texas Water Development Board,water_level,12110208
8859901,1963-08-15,24.35,24.65,Texas Water Development Board,water_level,12110208
8859901,1964-08-26,28.25,20.75,Texas Water Development Board,water_level,12110208
8859901,1965-08-11,,,Texas Water Development Board,water_level,12110208
8859901,,18,31,Other or Source of Measurement Unknown,water_level,12110208
8859902,1970-12-04,22,23,Registered Water Well Driller,water_level,12110208
8859903,1971-07-30,28,18,Registered Water Well Driller,water_level,12110208
8859903,1972-09-19,16.9,29.1,Texas Water Development Board,water_level,12110208
8859904,1968-04-09,16,27,Registered Water Well Driller,water_level,12110208
8859905,1968-04-02,17,30,Registered Water Well Driller,water_level,12110208
8859906,1967-05-14,32,17,Registered Water Well Driller,water_level,12110208
8859907,1968-04-05,16,33,Registered Water Well Driller,water_level,12110208
8859908,1966-05-31,35,16,Registered Water Well Driller,water_level,12110208
8859909,1970-12-20,18,28,Registered Water Well Driller,water_level,12110208
8859910,1968-04-06,17,33,Registered Water Well Driller,water_level,12110208
8859912,,33,18,Other or Source of Measurement Unknown,water_level,13090002
8859914,1985-09-11,35,17,Registered Water Well Driller,water_level,13090002
8859915,1984-12-07,30,20,Registered Water Well Driller,water_level,13090002
8859916,1984-12-12,35,17,Registered Water Well Driller,water_level,13090002
8859916,1999-07-09,24.75,27.25,Texas Water Development Board,water_level,13090002
8859917,1984-11-27,35,20,Registered Water Well Driller,water_level,13090002
8859918,1996-08-13,30,22,Registered Water Well Driller,water_level,13090002
8860101,1952-05-08,27,13,Other or Source of Measurement Unknown,water_level,12110208
8860101,1957-09-12,27.36,12.64,Other or Source of Measurement Unknown,water_level,12110208
8860101,1959-03-02,15.09,24.91,Other or Source of Measurement Unknown,water_level,12110208
8860101,1960-08-30,17.28,22.72,Other or Source of Measurement Unknown,water_level,12110208
8860101,1962-06-26,21.02,18.98,Texas Water Development Board,water_level,12110208
8860101,1963-08-15,21.4,18.6,Texas Water Development Board,water_level,12110208
8860101,1964-08-26,22.45,17.55,Texas Water Development Board,water_level,12110208
8860101,1965-08-11,20.05,19.95,Texas Water Development Board,water_level,12110208
8860101,1966-07-28,20.1,19.9,Texas Water Development Board,water_level,12110208
8860101,1967-07-26,20.97,19.03,Texas Water Development Board,water_level,12110208
8860101,1968-08-28,20.04,19.96,Texas Water Development Board,water_level,12110208
8860101,1969-08-19,19.48,20.52,Texas Water Development Board,water_level,12110208
8860101,1970-08-19,14.95,25.05,Texas Water Development Board,water_level,12110208
8860101,1971-08-16,16.47,23.53,Texas Water Development Board,water_level,12110208
8860101,1972-08-07,13.75,26.25,Texas Water Development Board,water_level,12110208
8860101,1973-08-29,13.2,26.8,Texas Water Development Board,water_level,12110208
8860101,1974-08-19,14.49,25.51,Texas Water Development Board,water_level,12110208
8860101,1975-08-13,13.85,26.15,Texas Water Development Board,water_level,12110208
8860101,1976-08-17,12.37,27.63,Texas Water Development Board,water_level,12110208
8860101,1977-08-03,13.05,26.95,Texas Water Development Board,water_level,12110208
8860101,1978-08-24,13.88,26.12,Texas Water Development Board,water_level,12110208
8860101,1979-08-16,13.09,26.91,Texas Water Development Board,water_level,12110208
8860101,1980-09-17,14,26,Texas Water Development Board,water_level,12110208
8860101,1980-12-15,13.77,26.23,Texas Water Development Board,water_level,12110208
8860101,1983-02-15,13.83,26.17,Texas Water Development Board,water_level,12110208
8860101,1984-02-07,,,Texas Water Development Board,water_level,12110208
8860101,1985-02-19,13.77,26.23,Texas Water Development Board,water_level,12110208
8860101,1985-12-06,,,Texas Water Development Board,water_level,12110208
8860101,1987-01-14,15.31,24.69,Texas Water Development Board,water_level,12110208
8860101,1988-01-05,14.63,25.37,Texas Water Development Board,water_level,12110208
8860101,1989-01-03,15.15,24.85,Texas Water Development Board,water_level,12110208
8860101,1989-11-29,16.2,23.8,Texas Water Development Board,water_level,12110208
8860101,1990-11-12,,,Texas Water Development Board,water_level,12110208
8860101,1991-11-12,14.2,25.8,Texas Water Development Board,water_level,12110208
8860101,1992-12-29,13.4,26.6,Texas Water Development Board,water_level,12110208
8860101,1993-10-07,15.1,24.9,Texas Water Development Board,water_level,12110208
8860101,1994-11-29,14.93,25.07,Texas Water Development Board,water_level,12110208
8860101,1995-09-21,14.85,25.15,Texas Water Development Board,water_level,12110208
8860101,1996-02-14,14.5,25.5,Texas Water Development Board,water_level,12110208
8860101,1997-02-08,21,19,Texas Water Development Board,water_level,12110208
8860101,1998-02-24,14.85,25.15,Texas Water Development Board,water_level,12110208
8860101,1998-07-23,20.72,19.28,Texas Water Development Board,water_level,12110208
8860101,1999-02-25,21.05,18.95,Texas Water Development Board,water_level,12110208
8860101,2000-02-23,18.1,21.9,Texas Water Development Board,water_level,12110208
8860101,2001-02-23,20.01,19.99,Texas Water Development Board,water_level,12110208
8860101,2001-04-10,23.6,16.4,Texas Water Development Board,water_level,12110208
8860101,2002-02-27,19.95,20.05,Texas Water Development Board,water_level,12110208
8860101,2003-02-14,18.16,21.84,Texas Water Development Board,water_level,12110208
8860101,2004-02-19,16.48,23.52,Texas Water Development Board,water_level,12110208
8860101,2005-02-17,19.64,20.36,Texas Water Development Board,water_level,12110208
8860101,2006-02-16,24.81,15.19,Texas Water Development Board,water_level,12110208
8860101,2007-02-28,23.88,16.12,Texas Water Development Board,water_level,12110208
8860101,2008-02-13,23.37,16.63,Texas Water Development Board,water_level,12110208
8860101,2009-03-10,21.18,18.82,Texas Water Development Board,water_level,12110208
8860101,2010-01-26,22.35,17.65,Texas Water Development Board,water_level,12110208
8860101,2011-01-19,22.48,17.52,Texas Water Development Board,water_level,12110208
8860101,2012-01-13,24.75,15.25,Texas Water Development Board,water_level,12110208
8860101,2013-01-18,26.33,13.67,Texas Water Development Board,water_level,12110208
8860101,2014-01-28,25.2,14.8,Texas Water Development Board,water_level,12110208
8860101,2015-01-21,26.54,13.46,Texas Water Development Board,water_level,12110208
8860101,2016-01-25,25.07,14.93,Texas Water Development Board,water_level,12110208
8860101,2017-01-10,28.6,11.4,Texas Water Development Board,water_level,12110208
8860101,2018-01-17,30.63,9.37,Texas Water Development Board,water_level,12110208
8860101,2019-01-22,28.56,11.44,Texas Water Development Board,water_level,12110208
8860101,2020-01-29,30.15,9.85,Texas Water Development Board,water_level,12110208
8860101,2021-01-31,,,Texas Water Development Board,water_level,12110208
8860101,2022-01-27,26.14,13.86,Texas Water Development Board,water_level,12110208
8860101,2023-01-23,29.48,10.52,Texas Water Development Board,water_level,12110208
8860101,2024-02-01,29.88,10.12,Texas Water Development Board,water_level,12110208
8860101,2025-01-28,29.93,10.07,Texas Water Development Board,water_level,12110208
8860101,2026-01-29,29.46,10.54,Texas Water Development Board,water_level,12110208
8860101,,26,14,Other or Source of Measurement Unknown,water_level,12110208
8860103,,10,22,U.S. Geological Survey,water_level,12110208
8860104,,7,33,Registered Water Well Driller,water_level,12110208
8860105,1952-06-23,6.9,21.1,U.S. Geological Survey,water_level,12110208
8860201,,10,25,U.S. Geological Survey,water_level,12110208
8860401,1959-03-02,12.27,26.73,Other or Source of Measurement Unknown,water_level,12110208
8860401,1962-06-26,,,Texas Water Development Board,water_level,12110208
8860401,1962-08-15,14.42,24.58,Texas Water Development Board,water_level,12110208
8860401,1964-08-26,16.11,22.89,Texas Water Development Board,water_level,12110208
8860401,1965-08-11,,,Texas Water Development Board,water_level,12110208
8860401,1966-07-28,,,Texas Water Development Board,water_level,12110208
8860401,1967-07-26,,,Texas Water Development Board,water_level,12110208
8860401,1968-08-28,,,Texas Water Development Board,water_level,12110208
8860401,1969-08-18,12.07,26.93,Texas Water Development Board,water_level,12110208
8860401,1970-08-19,9.98,29.02,Texas Water Development Board,water_level,12110208
8860401,1971-08-16,,,Texas Water Development Board,water_level,12110208
8860401,1972-08-07,8.4,30.6,Texas Water Development Board,water_level,12110208
8860401,1973-08-28,,,Texas Water Development Board,water_level,12110208
8860401,1974-08-19,,,Texas Water Development Board,water_level,12110208
8860401,,24,15,Other or Source of Measurement Unknown,water_level,12110208
8860404,1957-07-03,28.2,6.8,Other or Source of Measurement Unknown,water_level,12110208
8860406,1957-07-03,29.5,8.5,Other or Source of Measurement Unknown,water_level,12110208
8860407,1996-12-07,20,20,Texas Water Development Board,water_level,12110208
8860408,1999-01-23,20,20,Registered Water Well Driller,water_level,12110208
8860410,2003-11-06,13.95,21.05,Registered Water Well Driller,water_level,12110208
8860412,2003-10-26,14.9,21.1,Registered Water Well Driller,water_level,12110208
8860413,2003-10-08,19.69,19.31,Registered Water Well Driller,water_level,12110208
8860415,2015-12-10,39.55,-4.55,Texas Water Development Board,water_level,12110208
8860415,2015-12-15,38.31,-3.31,Texas Water Development Board,water_level,12110208
8860415,2015-12-20,39.5,-4.5,Texas Water Development Board,water_level,12110208
8860415,2015-12-25,38.92,-3.92,Texas Water Development Board,water_level,12110208
8860415,2015-12-30,37.23,-2.23,Texas Water Development Board,water_level,12110208
8860415,2016-01-05,39.14,-4.14,Texas Water Development Board,water_level,12110208
8860415,2016-01-10,38.97,-3.97,Texas Water Development Board,water_level,12110208
8860415,2016-01-15,39.18,-4.18,Texas Water Development Board,water_level,12110208
8860415,2016-01-20,39.83,-4.83,Texas Water Development Board,water_level,12110208
8860415,2016-01-25,39.82,-4.82,Texas Water Development Board,water_level,12110208
8860415,2016-01-30,38.45,-3.45,Texas Water Development Board,water_level,12110208
8860415,2016-02-05,40.02,-5.02,Texas Water Development Board,water_level,12110208
8860415,2016-02-10,35.74,-0.74,Texas Water Development Board,water_level,12110208
8860415,2016-02-15,39.74,-4.74,Texas Water Development Board,water_level,12110208
8860415,2016-02-20,41.04,-6.04,Texas Water Development Board,water_level,12110208
8860415,2016-02-25,41.41,-6.41,Texas Water Development Board,water_level,12110208
8860415,2016-03-05,41.42,-6.42,Texas Water Development Board,water_level,12110208
8860415,2016-03-10,34.68,0.32,Texas Water Development Board,water_level,12110208
8860415,2016-03-15,40.73,-5.73,Texas Water Development Board,water_level,12110208
8860415,2016-03-20,41.49,-6.49,Texas Water Development Board,water_level,12110208
8860415,2016-03-25,40.86,-5.86,Texas Water Development Board,water_level,12110208
8860415,2016-03-30,35.19,-0.19,Texas Water Development Board,water_level,12110208
8860415,2016-04-05,41.65,-6.65,Texas Water Development Board,water_level,12110208
8860415,2016-04-10,38.76,-3.76,Texas Water Development Board,water_level,12110208
8860415,2016-04-15,38.26,-3.26,Texas Water Development Board,water_level,12110208
8860415,2016-04-20,37.97,-2.97,Texas Water Development Board,water_level,12110208
8860415,2016-04-25,40.97,-5.97,Texas Water Development Board,water_level,12110208
8860415,2016-04-30,42.05,-7.05,Texas Water Development Board,water_level,12110208
8860415,2016-05-05,42.39,-7.39,Texas Water Development Board,water_level,12110208
8860415,2016-05-10,42.83,-7.83,Texas Water Development Board,water_level,12110208
8860415,2016-05-15,41.88,-6.88,Texas Water Development Board,water_level,12110208
8860415,2016-05-20,38.34,-3.34,Texas Water Development Board,water_level,12110208
8860415,2016-05-25,42.12,-7.12,Texas Water Development Board,water_level,12110208
8860415,2016-05-30,39.94,-4.94,Texas Water Development Board,water_level,12110208
8860415,2016-06-05,39.11,-4.11,Texas Water Development Board,water_level,12110208
8860415,2016-06-10,39.18,-4.18,Texas Water Development Board,water_level,12110208
8860415,2016-06-15,40.35,-5.35,Texas Water Development Board,water_level,12110208
8860415,2016-06-20,41.62,-6.62,Texas Water Development Board,water_level,12110208
8860415,2016-06-25,40.56,-5.56,Texas Water Development Board,water_level,12110208
8860415,2016-06-30,37.62,-2.62,Texas Water Development Board,water_level,12110208
8860415,2016-07-05,42.77,-7.77,Texas Water Development Board,water_level,12110208
8860415,2016-07-10,42.37,-7.37,Texas Water Development Board,water_level,12110208
8860415,2016-07-15,42.9,-7.9,Texas Water Development Board,water_level,12110208
8860415,2016-07-20,42.44,-7.44,Texas Water Development Board,water_level,12110208
8860415,2016-07-25,42.18,-7.18,Texas Water Development Board,water_level,12110208
8860415,2016-07-30,44.01,-9.01,Texas Water Development Board,water_level,12110208
8860415,2016-08-05,44.95,-9.95,Texas Water Development Board,water_level,12110208
8860415,2016-08-10,45.8,-10.8,Texas Water Development Board,water_level,12110208
8860415,2016-08-15,42.13,-7.13,Texas Water Development Board,water_level,12110208
8860415,2016-08-20,46.53,-11.53,Texas Water Development Board,water_level,12110208
8860415,2016-08-25,46.66,-11.66,Texas Water Development Board,water_level,12110208
8860415,2016-09-05,43.7,-8.7,Texas Water Development Board,water_level,12110208
8860415,2016-09-10,45.08,-10.08,Texas Water Development Board,water_level,12110208
8860415,2016-09-15,41.88,-6.88,Texas Water Development Board,water_level,12110208
8860415,2016-09-20,45.56,-10.56,Texas Water Development Board,water_level,12110208
8860415,2016-09-25,46.45,-11.45,Texas Water Development Board,water_level,12110208
8860415,2016-09-30,43.51,-8.51,Texas Water Development Board,water_level,12110208
8860415,2016-10-05,46.34,-11.34,Texas Water Development Board,water_level,12110208
8860415,2016-10-10,44.43,-9.43,Texas Water Development Board,water_level,12110208
8860415,2016-10-15,46.15,-11.15,Texas Water Development Board,water_level,12110208
8860415,2016-10-20,41.92,-6.92,Texas Water Development Board,water_level,12110208
8860415,2016-10-25,45.84,-10.84,Texas Water Development Board,water_level,12110208
8860415,2016-10-30,45.77,-10.77,Texas Water Development Board,water_level,12110208
8860415,2016-11-05,46.24,-11.24,Texas Water Development Board,water_level,12110208
8860415,2016-11-10,43.2,-8.2,Texas Water Development Board,water_level,12110208
8860415,2016-11-15,45.47,-10.47,Texas Water Development Board,water_level,12110208
8860415,2016-11-20,44.62,-9.62,Texas Water Development Board,water_level,12110208
8860415,2016-11-25,42.63,-7.63,Texas Water Development Board,water_level,12110208
8860415,2016-11-30,44.43,-9.43,Texas Water Development Board,water_level,12110208
8860415,2016-12-05,44.04,-9.04,Texas Water Development Board,water_level,12110208
8860415,2016-12-10,43.65,-8.65,Texas Water Development Board,water_level,12110208
8860415,2016-12-15,43.68,-8.68,Texas Water Development Board,water_level,12110208
8860415,2016-12-20,43.15,-8.15,Texas Water Development Board,water_level,12110208
8860415,2016-12-25,44.22,-9.22,Texas Water Development Board,water_level,12110208
8860415,2016-12-30,42.87,-7.87,Texas Water Development Board,water_level,12110208
8860415,2017-01-05,42.07,-7.07,Texas Water Development Board,water_level,12110208
8860415,2017-01-10,43.44,-8.44,Texas Water Development Board,water_level,12110208
8860415,2017-01-10,43.42,-8.42,Texas Water Development Board,water_level,12110208
8860415,2017-01-15,44.04,-9.04,Texas Water Development Board,water_level,12110208
8860415,2017-01-20,43.9,-8.9,Texas Water Development Board,water_level,12110208
8860415,2017-01-25,44.68,-9.68,Texas Water Development Board,water_level,12110208
8860415,2017-01-30,45.06,-10.06,Texas Water Development Board,water_level,12110208
8860415,2017-02-05,41.78,-6.78,Texas Water Development Board,water_level,12110208
8860415,2017-02-10,41.75,-6.75,Texas Water Development Board,water_level,12110208
8860415,2017-02-15,42.66,-7.66,Texas Water Development Board,water_level,12110208
8860415,2017-02-20,41.94,-6.94,Texas Water Development Board,water_level,12110208
8860415,2017-02-25,40.74,-5.74,Texas Water Development Board,water_level,12110208
8860415,2017-03-05,39.99,-4.99,Texas Water Development Board,water_level,12110208
8860415,2017-03-10,42.13,-7.13,Texas Water Development Board,water_level,12110208
8860415,2017-03-15,40.28,-5.28,Texas Water Development Board,water_level,12110208
8860415,2017-03-20,44.92,-9.92,Texas Water Development Board,water_level,12110208
8860415,2017-03-25,42.93,-7.93,Texas Water Development Board,water_level,12110208
8860415,2017-03-30,44.44,-9.44,Texas Water Development Board,water_level,12110208
8860415,2017-04-05,44.31,-9.31,Texas Water Development Board,water_level,12110208
8860415,2017-04-10,44.81,-9.81,Texas Water Development Board,water_level,12110208
8860415,2017-04-15,44.85,-9.85,Texas Water Development Board,water_level,12110208
8860415,2017-04-20,42.16,-7.16,Texas Water Development Board,water_level,12110208
8860415,2017-04-25,44.26,-9.26,Texas Water Development Board,water_level,12110208
8860415,2017-04-30,44.93,-9.93,Texas Water Development Board,water_level,12110208
8860415,2017-05-05,46.99,-11.99,Texas Water Development Board,water_level,12110208
8860415,2017-05-10,47.68,-12.68,Texas Water Development Board,water_level,12110208
8860415,2017-05-15,47.8,-12.8,Texas Water Development Board,water_level,12110208
8860415,2017-05-20,45.87,-10.87,Texas Water Development Board,water_level,12110208
8860415,2017-05-25,45.85,-10.85,Texas Water Development Board,water_level,12110208
8860415,2017-05-30,44.2,-9.2,Texas Water Development Board,water_level,12110208
8860415,2017-06-05,45.32,-10.32,Texas Water Development Board,water_level,12110208
8860415,2017-06-10,44.36,-9.36,Texas Water Development Board,water_level,12110208
8860415,2017-06-15,44.43,-9.43,Texas Water Development Board,water_level,12110208
8860415,2017-06-20,45.31,-10.31,Texas Water Development Board,water_level,12110208
8860415,2017-06-25,43.35,-8.35,Texas Water Development Board,water_level,12110208
8860415,2017-06-30,45.94,-10.94,Texas Water Development Board,water_level,12110208
8860415,2017-07-05,47.01,-12.01,Texas Water Development Board,water_level,12110208
8860415,2017-07-10,48.02,-13.02,Texas Water Development Board,water_level,12110208
8860415,2017-07-15,45.52,-10.52,Texas Water Development Board,water_level,12110208
8860415,2017-07-20,46.29,-11.29,Texas Water Development Board,water_level,12110208
8860415,2017-07-25,42.64,-7.64,Texas Water Development Board,water_level,12110208
8860415,2017-07-30,47.31,-12.31,Texas Water Development Board,water_level,12110208
8860415,2017-08-05,47.75,-12.75,Texas Water Development Board,water_level,12110208
8860415,2017-08-10,48.45,-13.45,Texas Water Development Board,water_level,12110208
8860415,2017-08-15,46.28,-11.28,Texas Water Development Board,water_level,12110208
8860415,2017-08-20,47.46,-12.46,Texas Water Development Board,water_level,12110208
8860415,2017-08-25,45.44,-10.44,Texas Water Development Board,water_level,12110208
8860415,2017-08-30,44.74,-9.74,Texas Water Development Board,water_level,12110208
8860415,2017-09-05,46.02,-11.02,Texas Water Development Board,water_level,12110208
8860415,2017-09-10,46.96,-11.96,Texas Water Development Board,water_level,12110208
8860415,2017-09-15,46.64,-11.64,Texas Water Development Board,water_level,12110208
8860415,2017-09-20,46.88,-11.88,Texas Water Development Board,water_level,12110208
8860415,2017-09-25,45.41,-10.41,Texas Water Development Board,water_level,12110208
8860415,2017-09-30,48.2,-13.2,Texas Water Development Board,water_level,12110208
8860415,2017-10-05,48.41,-13.41,Texas Water Development Board,water_level,12110208
8860415,2017-10-10,45.8,-10.8,Texas Water Development Board,water_level,12110208
8860415,2017-10-15,45.1,-10.1,Texas Water Development Board,water_level,12110208
8860415,2017-10-20,42.33,-7.33,Texas Water Development Board,water_level,12110208
8860415,2017-10-25,43.48,-8.48,Texas Water Development Board,water_level,12110208
8860415,2017-10-30,45.08,-10.08,Texas Water Development Board,water_level,12110208
8860415,2017-11-05,46.31,-11.31,Texas Water Development Board,water_level,12110208
8860415,2017-11-10,46.5,-11.5,Texas Water Development Board,water_level,12110208
8860415,2017-11-15,46.57,-11.57,Texas Water Development Board,water_level,12110208
8860415,2017-11-20,45.27,-10.27,Texas Water Development Board,water_level,12110208
8860415,2017-11-25,47.26,-12.26,Texas Water Development Board,water_level,12110208
8860415,2017-11-30,47.06,-12.06,Texas Water Development Board,water_level,12110208
8860415,2017-12-05,45.94,-10.94,Texas Water Development Board,water_level,12110208
8860415,2017-12-10,47.21,-12.21,Texas Water Development Board,water_level,12110208
8860415,2017-12-15,47.02,-12.02,Texas Water Development Board,water_level,12110208
8860415,2017-12-20,47.06,-12.06,Texas Water Development Board,water_level,12110208
8860415,2017-12-25,46.4,-11.4,Texas Water Development Board,water_level,12110208
8860415,2017-12-30,46.85,-11.85,Texas Water Development Board,water_level,12110208
8860415,2018-01-05,44.28,-9.28,Texas Water Development Board,water_level,12110208
8860415,2018-01-10,44.6,-9.6,Texas Water Development Board,water_level,12110208
8860415,2018-01-15,47.1,-12.1,Texas Water Development Board,water_level,12110208
8860415,2018-01-17,,,Texas Water Development Board,water_level,12110208
8860415,2018-01-20,45.77,-10.77,Texas Water Development Board,water_level,12110208
8860415,2018-01-25,45.07,-10.07,Texas Water Development Board,water_level,12110208
8860415,2018-01-30,44.38,-9.38,Texas Water Development Board,water_level,12110208
8860415,2018-02-05,41.49,-6.49,Texas Water Development Board,water_level,12110208
8860415,2018-02-10,41.58,-6.58,Texas Water Development Board,water_level,12110208
8860415,2018-02-15,43.67,-8.67,Texas Water Development Board,water_level,12110208
8860415,2018-02-20,44.03,-9.03,Texas Water Development Board,water_level,12110208
8860415,2018-02-25,43.62,-8.62,Texas Water Development Board,water_level,12110208
8860415,2018-03-05,43.3,-8.3,Texas Water Development Board,water_level,12110208
8860415,2018-03-10,42.05,-7.05,Texas Water Development Board,water_level,12110208
8860415,2018-03-15,43.86,-8.86,Texas Water Development Board,water_level,12110208
8860415,2018-03-20,40.58,-5.58,Texas Water Development Board,water_level,12110208
8860415,2018-03-25,44.1,-9.1,Texas Water Development Board,water_level,12110208
8860415,2018-03-30,45.91,-10.91,Texas Water Development Board,water_level,12110208
8860415,2018-04-05,43.83,-8.83,Texas Water Development Board,water_level,12110208
8860415,2018-04-10,43.26,-8.26,Texas Water Development Board,water_level,12110208
8860415,2018-04-15,45.32,-10.32,Texas Water Development Board,water_level,12110208
8860415,2018-04-20,46.45,-11.45,Texas Water Development Board,water_level,12110208
8860415,2018-04-25,43.99,-8.99,Texas Water Development Board,water_level,12110208
8860415,2018-04-30,46.21,-11.21,Texas Water Development Board,water_level,12110208
8860415,2018-05-05,46.65,-11.65,Texas Water Development Board,water_level,12110208
8860415,2018-05-10,45.64,-10.64,Texas Water Development Board,water_level,12110208
8860415,2018-05-15,45.6,-10.6,Texas Water Development Board,water_level,12110208
8860415,2018-05-20,48.52,-13.52,Texas Water Development Board,water_level,12110208
8860415,2018-05-25,45.02,-10.02,Texas Water Development Board,water_level,12110208
8860415,2018-05-30,49.12,-14.12,Texas Water Development Board,water_level,12110208
8860415,2018-06-05,48.81,-13.81,Texas Water Development Board,water_level,12110208
8860415,2018-06-10,49.35,-14.35,Texas Water Development Board,water_level,12110208
8860415,2018-06-15,48.13,-13.13,Texas Water Development Board,water_level,12110208
8860415,2018-06-20,44.16,-9.16,Texas Water Development Board,water_level,12110208
8860415,2018-06-25,45.5,-10.5,Texas Water Development Board,water_level,12110208
8860415,2018-06-30,47.01,-12.01,Texas Water Development Board,water_level,12110208
8860415,2018-07-05,40.56,-5.56,Texas Water Development Board,water_level,12110208
8860415,2018-07-10,44.86,-9.86,Texas Water Development Board,water_level,12110208
8860415,2018-07-15,45.55,-10.55,Texas Water Development Board,water_level,12110208
8860415,2018-07-20,45.81,-10.81,Texas Water Development Board,water_level,12110208
8860415,2018-07-25,45.63,-10.63,Texas Water Development Board,water_level,12110208
8860415,2018-07-30,49.04,-14.04,Texas Water Development Board,water_level,12110208
8860415,2018-08-05,46.07,-11.07,Texas Water Development Board,water_level,12110208
8860415,2018-08-10,47.99,-12.99,Texas Water Development Board,water_level,12110208
8860415,2018-08-15,46.89,-11.89,Texas Water Development Board,water_level,12110208
8860415,2018-08-20,48.65,-13.65,Texas Water Development Board,water_level,12110208
8860415,2018-08-25,47.56,-12.56,Texas Water Development Board,water_level,12110208
8860415,2018-08-30,46.94,-11.94,Texas Water Development Board,water_level,12110208
8860415,2018-09-05,47.79,-12.79,Texas Water Development Board,water_level,12110208
8860415,2018-09-10,48.15,-13.15,Texas Water Development Board,water_level,12110208
8860415,2018-09-15,49.69,-14.69,Texas Water Development Board,water_level,12110208
8860415,2018-09-20,48.99,-13.99,Texas Water Development Board,water_level,12110208
8860415,2018-09-25,49.18,-14.18,Texas Water Development Board,water_level,12110208
8860415,2018-09-30,46.17,-11.17,Texas Water Development Board,water_level,12110208
8860415,2018-10-05,46.67,-11.67,Texas Water Development Board,water_level,12110208
8860415,2018-10-10,45.31,-10.31,Texas Water Development Board,water_level,12110208
8860415,2018-10-15,46.36,-11.36,Texas Water Development Board,water_level,12110208
8860415,2018-10-20,46.57,-11.57,Texas Water Development Board,water_level,12110208
8860415,2018-11-05,41.29,-6.29,Texas Water Development Board,water_level,12110208
8860415,2018-11-21,43.2,-8.2,Texas Water Development Board,water_level,12110208
8860415,2018-11-25,42.66,-7.66,Texas Water Development Board,water_level,12110208
8860415,2018-11-30,43.14,-8.14,Texas Water Development Board,water_level,12110208
8860415,2018-12-05,43.88,-8.88,Texas Water Development Board,water_level,12110208
8860415,2018-12-10,43.31,-8.31,Texas Water Development Board,water_level,12110208
8860415,2018-12-15,41.81,-6.81,Texas Water Development Board,water_level,12110208
8860415,2018-12-20,41.55,-6.55,Texas Water Development Board,water_level,12110208
8860415,2018-12-25,41.36,-6.36,Texas Water Development Board,water_level,12110208
8860415,2018-12-30,39.35,-4.35,Texas Water Development Board,water_level,12110208
8860415,2019-01-05,40.21,-5.21,Texas Water Development Board,water_level,12110208
8860415,2019-01-10,41.37,-6.37,Texas Water Development Board,water_level,12110208
8860415,2019-01-15,41.48,-6.48,Texas Water Development Board,water_level,12110208
8860415,2019-01-20,42.42,-7.42,Texas Water Development Board,water_level,12110208
8860415,2019-01-22,42.7,-7.7,Texas Water Development Board,water_level,12110208
8860415,2019-01-25,42.65,-7.65,Texas Water Development Board,water_level,12110208
8860415,2019-01-30,42.03,-7.03,Texas Water Development Board,water_level,12110208
8860415,2019-02-05,41.53,-6.53,Texas Water Development Board,water_level,12110208
8860415,2019-02-10,43.5,-8.5,Texas Water Development Board,water_level,12110208
8860415,2019-02-15,41.45,-6.45,Texas Water Development Board,water_level,12110208
8860415,2019-02-20,43.02,-8.02,Texas Water Development Board,water_level,12110208
8860415,2019-02-25,42.75,-7.75,Texas Water Development Board,water_level,12110208
8860415,2019-03-05,41.29,-6.29,Texas Water Development Board,water_level,12110208
8860415,2019-03-10,40.74,-5.74,Texas Water Development Board,water_level,12110208
8860415,2019-03-15,41.17,-6.17,Texas Water Development Board,water_level,12110208
8860415,2019-03-20,41.7,-6.7,Texas Water Development Board,water_level,12110208
8860415,2019-03-25,43.4,-8.4,Texas Water Development Board,water_level,12110208
8860415,2019-03-30,42.5,-7.5,Texas Water Development Board,water_level,12110208
8860415,2019-04-05,43.18,-8.18,Texas Water Development Board,water_level,12110208
8860415,2019-04-10,41.11,-6.11,Texas Water Development Board,water_level,12110208
8860415,2019-04-15,41.82,-6.82,Texas Water Development Board,water_level,12110208
8860415,2019-04-20,43.97,-8.97,Texas Water Development Board,water_level,12110208
8860415,2019-04-23,41.5,-6.5,Texas Water Development Board,water_level,12110208
8860415,2019-04-30,44,-9,Texas Water Development Board,water_level,12110208
8860415,2019-05-05,43.93,-8.93,Texas Water Development Board,water_level,12110208
8860415,2019-05-10,44.58,-9.58,Texas Water Development Board,water_level,12110208
8860415,2019-05-15,45.6,-10.6,Texas Water Development Board,water_level,12110208
8860415,2019-05-20,44.4,-9.4,Texas Water Development Board,water_level,12110208
8860415,2019-05-25,43.4,-8.4,Texas Water Development Board,water_level,12110208
8860415,2019-05-30,44.36,-9.36,Texas Water Development Board,water_level,12110208
8860415,2019-06-05,46.39,-11.39,Texas Water Development Board,water_level,12110208
8860415,2019-06-10,49.06,-14.06,Texas Water Development Board,water_level,12110208
8860415,2019-06-15,49.1,-14.1,Texas Water Development Board,water_level,12110208
8860415,2019-06-20,47.37,-12.37,Texas Water Development Board,water_level,12110208
8860415,2019-06-25,44.97,-9.97,Texas Water Development Board,water_level,12110208
8860415,2019-06-30,44.72,-9.72,Texas Water Development Board,water_level,12110208
8860415,2019-07-05,46.13,-11.13,Texas Water Development Board,water_level,12110208
8860415,2019-07-10,46.27,-11.27,Texas Water Development Board,water_level,12110208
8860415,2019-07-15,45.06,-10.06,Texas Water Development Board,water_level,12110208
8860415,2019-07-20,46.09,-11.09,Texas Water Development Board,water_level,12110208
8860415,2019-07-25,43.38,-8.38,Texas Water Development Board,water_level,12110208
8860415,2019-07-30,44.22,-9.22,Texas Water Development Board,water_level,12110208
8860415,2019-08-05,43.88,-8.88,Texas Water Development Board,water_level,12110208
8860415,2019-08-10,43.73,-8.73,Texas Water Development Board,water_level,12110208
8860415,2019-08-15,44.6,-9.6,Texas Water Development Board,water_level,12110208
8860415,2019-08-20,47.29,-12.29,Texas Water Development Board,water_level,12110208
8860415,2019-08-25,46.73,-11.73,Texas Water Development Board,water_level,12110208
8860415,2019-08-30,44.75,-9.75,Texas Water Development Board,water_level,12110208
8860415,2019-09-05,44.16,-9.16,Texas Water Development Board,water_level,12110208
8860415,2019-09-10,40.55,-5.55,Texas Water Development Board,water_level,12110208
8860415,2019-09-15,44.04,-9.04,Texas Water Development Board,water_level,12110208
8860415,2019-09-20,43.32,-8.32,Texas Water Development Board,water_level,12110208
8860415,2019-09-25,46.14,-11.14,Texas Water Development Board,water_level,12110208
8860415,2019-09-30,40.98,-5.98,Texas Water Development Board,water_level,12110208
8860415,2019-10-05,42.21,-7.21,Texas Water Development Board,water_level,12110208
8860415,2019-10-10,44.15,-9.15,Texas Water Development Board,water_level,12110208
8860415,2019-10-15,44.17,-9.17,Texas Water Development Board,water_level,12110208
8860415,2019-10-20,43.73,-8.73,Texas Water Development Board,water_level,12110208
8860415,2019-10-25,45.85,-10.85,Texas Water Development Board,water_level,12110208
8860415,2019-10-30,43.5,-8.5,Texas Water Development Board,water_level,12110208
8860415,2019-11-05,44.76,-9.76,Texas Water Development Board,water_level,12110208
8860415,2019-11-10,45.87,-10.87,Texas Water Development Board,water_level,12110208
8860415,2019-11-15,41.74,-6.74,Texas Water Development Board,water_level,12110208
8860415,2019-11-20,43.83,-8.83,Texas Water Development Board,water_level,12110208
8860415,2019-11-25,43.39,-8.39,Texas Water Development Board,water_level,12110208
8860415,2019-11-30,43.65,-8.65,Texas Water Development Board,water_level,12110208
8860415,2019-12-05,43.99,-8.99,Texas Water Development Board,water_level,12110208
8860415,2019-12-10,43.87,-8.87,Texas Water Development Board,water_level,12110208
8860415,2019-12-15,42.92,-7.92,Texas Water Development Board,water_level,12110208
8860415,2019-12-20,43.07,-8.07,Texas Water Development Board,water_level,12110208
8860415,2019-12-25,42.79,-7.79,Texas Water Development Board,water_level,12110208
8860415,2019-12-30,43.65,-8.65,Texas Water Development Board,water_level,12110208
8860415,2020-01-05,44.35,-9.35,Texas Water Development Board,water_level,12110208
8860415,2020-01-15,44.89,-9.89,Texas Water Development Board,water_level,12110208
8860415,2020-01-29,46.58,-11.58,Texas Water Development Board,water_level,12110208
8860415,2020-01-30,46.07,-11.07,Texas Water Development Board,water_level,12110208
8860415,2020-02-05,41.74,-6.74,Texas Water Development Board,water_level,12110208
8860415,2020-02-10,44.58,-9.58,Texas Water Development Board,water_level,12110208
8860415,2020-02-15,44.67,-9.67,Texas Water Development Board,water_level,12110208
8860415,2020-02-20,43.99,-8.99,Texas Water Development Board,water_level,12110208
8860415,2020-02-25,44.13,-9.13,Texas Water Development Board,water_level,12110208
8860415,2020-03-05,43.71,-8.71,Texas Water Development Board,water_level,12110208
8860415,2020-03-10,44.44,-9.44,Texas Water Development Board,water_level,12110208
8860415,2020-03-15,44.33,-9.33,Texas Water Development Board,water_level,12110208
8860415,2020-03-20,45.98,-10.98,Texas Water Development Board,water_level,12110208
8860415,2020-03-25,46.32,-11.32,Texas Water Development Board,water_level,12110208
8860415,2020-03-30,44.44,-9.44,Texas Water Development Board,water_level,12110208
8860415,2020-04-05,44.81,-9.81,Texas Water Development Board,water_level,12110208
8860415,2020-04-10,46.04,-11.04,Texas Water Development Board,water_level,12110208
8860415,2020-04-15,45.26,-10.26,Texas Water Development Board,water_level,12110208
8860415,2020-04-20,45.8,-10.8,Texas Water Development Board,water_level,12110208
8860415,2020-04-25,45.84,-10.84,Texas Water Development Board,water_level,12110208
8860415,2020-04-30,46.15,-11.15,Texas Water Development Board,water_level,12110208
8860415,2020-05-05,45.06,-10.06,Texas Water Development Board,water_level,12110208
8860415,2020-05-10,45.01,-10.01,Texas Water Development Board,water_level,12110208
8860415,2020-05-15,43.42,-8.42,Texas Water Development Board,water_level,12110208
8860415,2020-05-20,44.7,-9.7,Texas Water Development Board,water_level,12110208
8860415,2020-05-25,45.59,-10.59,Texas Water Development Board,water_level,12110208
8860415,2020-05-30,43.71,-8.71,Texas Water Development Board,water_level,12110208
8860415,2020-06-05,44.52,-9.52,Texas Water Development Board,water_level,12110208
8860415,2020-06-10,45.02,-10.02,Texas Water Development Board,water_level,12110208
8860415,2020-06-15,44.79,-9.79,Texas Water Development Board,water_level,12110208
8860415,2020-06-20,43.28,-8.28,Texas Water Development Board,water_level,12110208
8860415,2020-06-25,44.92,-9.92,Texas Water Development Board,water_level,12110208
8860415,2020-06-30,44.81,-9.81,Texas Water Development Board,water_level,12110208
8860415,2020-07-05,44.35,-9.35,Texas Water Development Board,water_level,12110208
8860415,2020-07-10,42.9,-7.9,Texas Water Development Board,water_level,12110208
8860415,2020-07-15,43.31,-8.31,Texas Water Development Board,water_level,12110208
8860415,2020-07-20,44.02,-9.02,Texas Water Development Board,water_level,12110208
8860415,2020-07-25,43.57,-8.57,Texas Water Development Board,water_level,12110208
8860415,2020-07-30,44.98,-9.98,Texas Water Development Board,water_level,12110208
8860415,2020-08-05,44.62,-9.62,Texas Water Development Board,water_level,12110208
8860415,2020-08-10,41.8,-6.8,Texas Water Development Board,water_level,12110208
8860415,2020-08-15,42.76,-7.76,Texas Water Development Board,water_level,12110208
8860415,2020-08-20,43.14,-8.14,Texas Water Development Board,water_level,12110208
8860415,2020-08-25,42.79,-7.79,Texas Water Development Board,water_level,12110208
8860415,2020-08-30,42.84,-7.84,Texas Water Development Board,water_level,12110208
8860415,2020-09-05,43.84,-8.84,Texas Water Development Board,water_level,12110208
8860415,2020-09-10,43.54,-8.54,Texas Water Development Board,water_level,12110208
8860415,2020-09-15,42.9,-7.9,Texas Water Development Board,water_level,12110208
8860415,2020-09-20,44.7,-9.7,Texas Water Development Board,water_level,12110208
8860415,2020-09-25,42.46,-7.46,Texas Water Development Board,water_level,12110208
8860415,2020-09-30,42.74,-7.74,Texas Water Development Board,water_level,12110208
8860415,2020-10-05,41.13,-6.13,Texas Water Development Board,water_level,12110208
8860415,2020-10-10,41.17,-6.17,Texas Water Development Board,water_level,12110208
8860415,2020-10-20,42.91,-7.91,Texas Water Development Board,water_level,12110208
8860415,2020-10-30,41.46,-6.46,Texas Water Development Board,water_level,12110208
8860415,2020-11-05,41.57,-6.57,Texas Water Development Board,water_level,12110208
8860415,2020-11-25,42.39,-7.39,Texas Water Development Board,water_level,12110208
8860415,2020-11-30,43.3,-8.3,Texas Water Development Board,water_level,12110208
8860415,2020-12-05,41.68,-6.68,Texas Water Development Board,water_level,12110208
8860415,2020-12-10,41.83,-6.83,Texas Water Development Board,water_level,12110208
8860415,2020-12-15,40.65,-5.65,Texas Water Development Board,water_level,12110208
8860415,2020-12-20,42.3,-7.3,Texas Water Development Board,water_level,12110208
8860415,2020-12-25,43.68,-8.68,Texas Water Development Board,water_level,12110208
8860415,2020-12-30,41.7,-6.7,Texas Water Development Board,water_level,12110208
8860415,2021-01-05,42.63,-7.63,Texas Water Development Board,water_level,12110208
8860415,2021-01-10,43.73,-8.73,Texas Water Development Board,water_level,12110208
8860415,2021-01-15,43.43,-8.43,Texas Water Development Board,water_level,12110208
8860415,2021-01-20,43.67,-8.67,Texas Water Development Board,water_level,12110208
8860415,2021-01-25,44.08,-9.08,Texas Water Development Board,water_level,12110208
8860415,2021-01-30,44.63,-9.63,Texas Water Development Board,water_level,12110208
8860415,2021-01-31,,,Texas Water Development Board,water_level,12110208
8860415,2021-02-10,44.31,-9.31,Texas Water Development Board,water_level,12110208
8860415,2021-02-15,41.61,-6.61,Texas Water Development Board,water_level,12110208
8860415,2021-02-20,42.04,-7.04,Texas Water Development Board,water_level,12110208
8860415,2021-02-25,43.28,-8.28,Texas Water Development Board,water_level,12110208
8860415,2021-03-05,43.62,-8.62,Texas Water Development Board,water_level,12110208
8860415,2021-03-10,44.31,-9.31,Texas Water Development Board,water_level,12110208
8860415,2021-03-20,44.97,-9.97,Texas Water Development Board,water_level,12110208
8860415,2021-03-25,43.19,-8.19,Texas Water Development Board,water_level,12110208
8860415,2021-03-30,44.32,-9.32,Texas Water Development Board,water_level,12110208
8860415,2021-04-05,44.25,-9.25,Texas Water Development Board,water_level,12110208
8860415,2021-04-10,43.84,-8.84,Texas Water Development Board,water_level,12110208
8860415,2021-04-15,43.4,-8.4,Texas Water Development Board,water_level,12110208
8860415,2021-04-20,43.59,-8.59,Texas Water Development Board,water_level,12110208
8860415,2021-04-25,42.84,-7.84,Texas Water Development Board,water_level,12110208
8860415,2021-05-05,42.47,-7.47,Texas Water Development Board,water_level,12110208
8860415,2021-05-15,41.88,-6.88,Texas Water Development Board,water_level,12110208
8860415,2021-05-20,40.77,-5.77,Texas Water Development Board,water_level,12110208
8860415,2021-05-25,42.89,-7.89,Texas Water Development Board,water_level,12110208
8860415,2021-07-25,39.64,-4.64,Texas Water Development Board,water_level,12110208
8860415,2021-07-30,38.24,-3.24,Texas Water Development Board,water_level,12110208
8860415,2021-08-03,39.74,-4.74,Texas Water Development Board,water_level,12110208
8860415,2021-08-04,36.3,-1.3,Texas Water Development Board,water_level,12110208
8860415,2021-08-06,39.02,-4.02,Texas Water Development Board,water_level,12110208
8860415,2021-08-07,39.25,-4.25,Texas Water Development Board,water_level,12110208
8860415,2021-08-31,39.44,-4.44,Texas Water Development Board,water_level,12110208
8860415,2021-09-01,39.45,-4.45,Texas Water Development Board,water_level,12110208
8860415,2021-09-06,40.54,-5.54,Texas Water Development Board,water_level,12110208
8860415,2021-09-07,40.58,-5.58,Texas Water Development Board,water_level,12110208
8860415,2021-09-08,39.44,-4.44,Texas Water Development Board,water_level,12110208
8860415,2021-09-09,39.49,-4.49,Texas Water Development Board,water_level,12110208
8860415,2021-09-10,39.62,-4.62,Texas Water Development Board,water_level,12110208
8860415,2021-09-11,39.6,-4.6,Texas Water Development Board,water_level,12110208
8860415,2021-09-12,39.21,-4.21,Texas Water Development Board,water_level,12110208
8860415,2021-09-13,39.63,-4.63,Texas Water Development Board,water_level,12110208
8860415,2021-09-14,38.9,-3.9,Texas Water Development Board,water_level,12110208
8860415,2021-09-15,39.46,-4.46,Texas Water Development Board,water_level,12110208
8860415,2021-09-16,39.78,-4.78,Texas Water Development Board,water_level,12110208
8860415,2021-09-17,38.27,-3.27,Texas Water Development Board,water_level,12110208
8860415,2021-09-18,38.24,-3.24,Texas Water Development Board,water_level,12110208
8860415,2021-09-19,39.79,-4.79,Texas Water Development Board,water_level,12110208
8860415,2021-09-20,39.95,-4.95,Texas Water Development Board,water_level,12110208
8860415,2021-09-21,39.97,-4.97,Texas Water Development Board,water_level,12110208
8860415,2021-09-22,39.67,-4.67,Texas Water Development Board,water_level,12110208
8860415,2021-09-23,38.64,-3.64,Texas Water Development Board,water_level,12110208
8860415,2021-09-24,38.02,-3.02,Texas Water Development Board,water_level,12110208
8860415,2021-09-25,38.49,-3.49,Texas Water Development Board,water_level,12110208
8860415,2021-09-26,38.62,-3.62,Texas Water Development Board,water_level,12110208
8860415,2021-09-27,38.65,-3.65,Texas Water Development Board,water_level,12110208
8860415,2021-09-28,38.64,-3.64,Texas Water Development Board,water_level,12110208
8860415,2021-09-29,38.33,-3.33,Texas Water Development Board,water_level,12110208
8860415,2021-09-30,38.54,-3.54,Texas Water Development Board,water_level,12110208
8860415,2021-10-01,36.32,-1.32,Texas Water Development Board,water_level,12110208
8860415,2021-10-02,36.48,-1.48,Texas Water Development Board,water_level,12110208
8860415,2021-10-03,38.43,-3.43,Texas Water Development Board,water_level,12110208
8860415,2021-10-04,38.45,-3.45,Texas Water Development Board,water_level,12110208
8860415,2021-10-05,38.45,-3.45,Texas Water Development Board,water_level,12110208
8860415,2021-10-06,38.29,-3.29,Texas Water Development Board,water_level,12110208
8860415,2021-10-07,35.32,-0.32,Texas Water Development Board,water_level,12110208
8860415,2021-10-08,37.06,-2.06,Texas Water Development Board,water_level,12110208
8860415,2021-10-09,34.67,0.33,Texas Water Development Board,water_level,12110208
8860415,2021-10-10,35.3,-0.3,Texas Water Development Board,water_level,12110208
8860415,2021-10-11,37.71,-2.71,Texas Water Development Board,water_level,12110208
8860415,2021-10-12,38.23,-3.23,Texas Water Development Board,water_level,12110208
8860415,2021-10-13,37.85,-2.85,Texas Water Development Board,water_level,12110208
8860415,2021-10-14,37.33,-2.33,Texas Water Development Board,water_level,12110208
8860415,2021-10-15,37.84,-2.84,Texas Water Development Board,water_level,12110208
8860415,2021-10-16,37.39,-2.39,Texas Water Development Board,water_level,12110208
8860415,2021-10-17,38.23,-3.23,Texas Water Development Board,water_level,12110208
8860415,2021-10-18,38.33,-3.33,Texas Water Development Board,water_level,12110208
8860415,2021-10-19,38.18,-3.18,Texas Water Development Board,water_level,12110208
8860415,2021-10-20,36.36,-1.36,Texas Water Development Board,water_level,12110208
8860415,2021-10-21,37.33,-2.33,Texas Water Development Board,water_level,12110208
8860415,2021-10-22,37.85,-2.85,Texas Water Development Board,water_level,12110208
8860415,2021-10-23,38.17,-3.17,Texas Water Development Board,water_level,12110208
8860415,2021-10-24,38.16,-3.16,Texas Water Development Board,water_level,12110208
8860415,2021-10-25,38.19,-3.19,Texas Water Development Board,water_level,12110208
8860415,2021-10-26,38.22,-3.22,Texas Water Development Board,water_level,12110208
8860415,2021-10-27,37.14,-2.14,Texas Water Development Board,water_level,12110208
8860415,2021-10-28,35.37,-0.37,Texas Water Development Board,water_level,12110208
8860415,2021-10-29,36.22,-1.22,Texas Water Development Board,water_level,12110208
8860415,2021-10-30,37.71,-2.71,Texas Water Development Board,water_level,12110208
8860415,2021-10-31,38.39,-3.39,Texas Water Development Board,water_level,12110208
8860415,2021-11-01,38.57,-3.57,Texas Water Development Board,water_level,12110208
8860415,2021-11-02,38.62,-3.62,Texas Water Development Board,water_level,12110208
8860415,2021-11-03,37.82,-2.82,Texas Water Development Board,water_level,12110208
8860415,2021-11-04,38.52,-3.52,Texas Water Development Board,water_level,12110208
8860415,2021-11-05,38.25,-3.25,Texas Water Development Board,water_level,12110208
8860415,2021-11-06,38.28,-3.28,Texas Water Development Board,water_level,12110208
8860415,2021-11-07,38.33,-3.33,Texas Water Development Board,water_level,12110208
8860415,2021-11-08,37.98,-2.98,Texas Water Development Board,water_level,12110208
8860415,2021-11-09,34.12,0.88,Texas Water Development Board,water_level,12110208
8860415,2021-11-10,34.3,0.7,Texas Water Development Board,water_level,12110208
8860415,2021-11-11,36.36,-1.36,Texas Water Development Board,water_level,12110208
8860415,2021-11-12,37.87,-2.87,Texas Water Development Board,water_level,12110208
8860415,2021-11-13,37.92,-2.92,Texas Water Development Board,water_level,12110208
8860415,2021-11-14,38.01,-3.01,Texas Water Development Board,water_level,12110208
8860415,2021-11-15,38.07,-3.07,Texas Water Development Board,water_level,12110208
8860415,2021-11-16,38.1,-3.1,Texas Water Development Board,water_level,12110208
8860415,2021-11-17,38.12,-3.12,Texas Water Development Board,water_level,12110208
8860415,2021-11-18,37.17,-2.17,Texas Water Development Board,water_level,12110208
8860415,2021-11-19,37.46,-2.46,Texas Water Development Board,water_level,12110208
8860415,2021-11-20,38.31,-3.31,Texas Water Development Board,water_level,12110208
8860415,2021-11-21,36.78,-1.78,Texas Water Development Board,water_level,12110208
8860415,2021-11-22,33.48,1.52,Texas Water Development Board,water_level,12110208
8860415,2021-11-23,34.61,0.39,Texas Water Development Board,water_level,12110208
8860415,2021-11-24,37.46,-2.46,Texas Water Development Board,water_level,12110208
8860415,2021-11-25,37.49,-2.49,Texas Water Development Board,water_level,12110208
8860415,2021-11-26,37.48,-2.48,Texas Water Development Board,water_level,12110208
8860415,2021-11-27,37.29,-2.29,Texas Water Development Board,water_level,12110208
8860415,2021-11-28,38.07,-3.07,Texas Water Development Board,water_level,12110208
8860415,2021-11-29,37.51,-2.51,Texas Water Development Board,water_level,12110208
8860415,2021-11-30,37.49,-2.49,Texas Water Development Board,water_level,12110208
8860415,2021-12-01,37.83,-2.83,Texas Water Development Board,water_level,12110208
8860415,2021-12-02,37.81,-2.81,Texas Water Development Board,water_level,12110208
8860415,2021-12-03,38.12,-3.12,Texas Water Development Board,water_level,12110208
8860415,2021-12-04,38.09,-3.09,Texas Water Development Board,water_level,12110208
8860415,2021-12-05,38.07,-3.07,Texas Water Development Board,water_level,12110208
8860415,2021-12-06,38.05,-3.05,Texas Water Development Board,water_level,12110208
8860415,2021-12-07,37.97,-2.97,Texas Water Development Board,water_level,12110208
8860415,2021-12-08,37.75,-2.75,Texas Water Development Board,water_level,12110208
8860415,2021-12-09,37.73,-2.73,Texas Water Development Board,water_level,12110208
8860415,2021-12-10,36.97,-1.97,Texas Water Development Board,water_level,12110208
8860415,2021-12-11,37.57,-2.57,Texas Water Development Board,water_level,12110208
8860415,2021-12-12,38.16,-3.16,Texas Water Development Board,water_level,12110208
8860415,2021-12-13,35.4,-0.4,Texas Water Development Board,water_level,12110208
8860415,2021-12-14,36.01,-1.01,Texas Water Development Board,water_level,12110208
8860415,2021-12-15,37.61,-2.61,Texas Water Development Board,water_level,12110208
8860415,2021-12-16,36.98,-1.98,Texas Water Development Board,water_level,12110208
8860415,2021-12-17,37.81,-2.81,Texas Water Development Board,water_level,12110208
8860415,2021-12-18,38.52,-3.52,Texas Water Development Board,water_level,12110208
8860415,2021-12-19,38.73,-3.73,Texas Water Development Board,water_level,12110208
8860415,2021-12-20,38.71,-3.71,Texas Water Development Board,water_level,12110208
8860415,2021-12-21,38.32,-3.32,Texas Water Development Board,water_level,12110208
8860415,2021-12-22,37.88,-2.88,Texas Water Development Board,water_level,12110208
8860415,2021-12-23,37.66,-2.66,Texas Water Development Board,water_level,12110208
8860415,2021-12-24,37.39,-2.39,Texas Water Development Board,water_level,12110208
8860415,2021-12-25,38.22,-3.22,Texas Water Development Board,water_level,12110208
8860415,2021-12-26,38.59,-3.59,Texas Water Development Board,water_level,12110208
8860415,2021-12-27,38.7,-3.7,Texas Water Development Board,water_level,12110208
8860415,2021-12-28,38.7,-3.7,Texas Water Development Board,water_level,12110208
8860415,2021-12-29,38.82,-3.82,Texas Water Development Board,water_level,12110208
8860415,2021-12-30,38.79,-3.79,Texas Water Development Board,water_level,12110208
8860415,2021-12-31,38.82,-3.82,Texas Water Development Board,water_level,12110208
8860415,2022-01-01,38.76,-3.76,Texas Water Development Board,water_level,12110208
8860415,2022-01-02,38.81,-3.81,Texas Water Development Board,water_level,12110208
8860415,2022-01-03,38.87,-3.87,Texas Water Development Board,water_level,12110208
8860415,2022-01-04,38.19,-3.19,Texas Water Development Board,water_level,12110208
8860415,2022-01-05,37.97,-2.97,Texas Water Development Board,water_level,12110208
8860415,2022-01-06,37.55,-2.55,Texas Water Development Board,water_level,12110208
8860415,2022-01-07,37.79,-2.79,Texas Water Development Board,water_level,12110208
8860415,2022-01-08,37.43,-2.43,Texas Water Development Board,water_level,12110208
8860415,2022-01-09,36.96,-1.96,Texas Water Development Board,water_level,12110208
8860415,2022-01-10,36.85,-1.85,Texas Water Development Board,water_level,12110208
8860415,2022-01-11,37.65,-2.65,Texas Water Development Board,water_level,12110208
8860415,2022-01-12,37.65,-2.65,Texas Water Development Board,water_level,12110208
8860415,2022-01-13,37.77,-2.77,Texas Water Development Board,water_level,12110208
8860415,2022-01-14,37.23,-2.23,Texas Water Development Board,water_level,12110208
8860415,2022-01-15,37.67,-2.67,Texas Water Development Board,water_level,12110208
8860415,2022-01-16,38.86,-3.86,Texas Water Development Board,water_level,12110208
8860415,2022-01-17,39.28,-4.28,Texas Water Development Board,water_level,12110208
8860415,2022-01-18,38.6,-3.6,Texas Water Development Board,water_level,12110208
8860415,2022-01-19,38.43,-3.43,Texas Water Development Board,water_level,12110208
8860415,2022-01-20,36.97,-1.97,Texas Water Development Board,water_level,12110208
8860415,2022-01-21,36.47,-1.47,Texas Water Development Board,water_level,12110208
8860415,2022-01-22,36.42,-1.42,Texas Water Development Board,water_level,12110208
8860415,2022-01-23,36.36,-1.36,Texas Water Development Board,water_level,12110208
8860415,2022-01-24,36.31,-1.31,Texas Water Development Board,water_level,12110208
8860415,2022-01-25,37.38,-2.38,Texas Water Development Board,water_level,12110208
8860415,2022-01-26,37.79,-2.79,Texas Water Development Board,water_level,12110208
8860415,2022-01-27,39.08,-4.08,Texas Water Development Board,water_level,12110208
8860415,2022-01-28,37.66,-2.66,Texas Water Development Board,water_level,12110208
8860415,2022-01-29,37.64,-2.64,Texas Water Development Board,water_level,12110208
8860415,2022-01-30,37.6,-2.6,Texas Water Development Board,water_level,12110208
8860415,2022-01-31,37.62,-2.62,Texas Water Development Board,water_level,12110208
8860415,2022-02-01,35.74,-0.74,Texas Water Development Board,water_level,12110208
8860415,2022-02-02,35.56,-0.56,Texas Water Development Board,water_level,12110208
8860415,2022-02-03,35.64,-0.64,Texas Water Development Board,water_level,12110208
8860415,2022-02-04,37.22,-2.22,Texas Water Development Board,water_level,12110208
8860415,2022-02-05,36.12,-1.12,Texas Water Development Board,water_level,12110208
8860415,2022-02-06,37.08,-2.08,Texas Water Development Board,water_level,12110208
8860415,2022-02-07,37.25,-2.25,Texas Water Development Board,water_level,12110208
8860415,2022-02-08,37.29,-2.29,Texas Water Development Board,water_level,12110208
8860415,2022-02-09,38.09,-3.09,Texas Water Development Board,water_level,12110208
8860415,2022-02-10,37.8,-2.8,Texas Water Development Board,water_level,12110208
8860415,2022-02-11,37.69,-2.69,Texas Water Development Board,water_level,12110208
8860415,2022-02-12,37.53,-2.53,Texas Water Development Board,water_level,12110208
8860415,2022-02-13,37.75,-2.75,Texas Water Development Board,water_level,12110208
8860415,2022-02-14,38.24,-3.24,Texas Water Development Board,water_level,12110208
8860415,2022-02-15,39.03,-4.03,Texas Water Development Board,water_level,12110208
8860415,2022-02-16,37.35,-2.35,Texas Water Development Board,water_level,12110208
8860415,2022-02-17,37.75,-2.75,Texas Water Development Board,water_level,12110208
8860415,2022-02-18,38.83,-3.83,Texas Water Development Board,water_level,12110208
8860415,2022-02-19,36.92,-1.92,Texas Water Development Board,water_level,12110208
8860415,2022-02-20,36.42,-1.42,Texas Water Development Board,water_level,12110208
8860415,2022-02-21,36.08,-1.08,Texas Water Development Board,water_level,12110208
8860415,2022-02-22,35.89,-0.89,Texas Water Development Board,water_level,12110208
8860415,2022-02-23,35.51,-0.51,Texas Water Development Board,water_level,12110208
8860415,2022-02-24,35.42,-0.42,Texas Water Development Board,water_level,12110208
8860415,2022-02-25,34.42,0.58,Texas Water Development Board,water_level,12110208
8860415,2022-02-26,33.11,1.89,Texas Water Development Board,water_level,12110208
8860415,2022-02-27,33.02,1.98,Texas Water Development Board,water_level,12110208
8860415,2022-02-28,35.56,-0.56,Texas Water Development Board,water_level,12110208
8860415,2022-03-01,35.64,-0.64,Texas Water Development Board,water_level,12110208
8860415,2022-03-02,35.81,-0.81,Texas Water Development Board,water_level,12110208
8860415,2022-03-03,36.45,-1.45,Texas Water Development Board,water_level,12110208
8860415,2022-03-04,36.95,-1.95,Texas Water Development Board,water_level,12110208
8860415,2022-03-05,37.1,-2.1,Texas Water Development Board,water_level,12110208
8860415,2022-03-06,37.17,-2.17,Texas Water Development Board,water_level,12110208
8860415,2022-03-07,37.11,-2.11,Texas Water Development Board,water_level,12110208
8860415,2022-03-08,37.56,-2.56,Texas Water Development Board,water_level,12110208
8860415,2022-03-09,37.25,-2.25,Texas Water Development Board,water_level,12110208
8860415,2022-03-10,36.73,-1.73,Texas Water Development Board,water_level,12110208
8860415,2022-03-11,36.57,-1.57,Texas Water Development Board,water_level,12110208
8860415,2022-03-12,36.87,-1.87,Texas Water Development Board,water_level,12110208
8860415,2022-03-13,37.45,-2.45,Texas Water Development Board,water_level,12110208
8860415,2022-03-14,37.38,-2.38,Texas Water Development Board,water_level,12110208
8860415,2022-03-15,37.41,-2.41,Texas Water Development Board,water_level,12110208
8860415,2022-03-16,35.14,-0.14,Texas Water Development Board,water_level,12110208
8860415,2022-03-17,35.1,-0.1,Texas Water Development Board,water_level,12110208
8860415,2022-03-18,37.26,-2.26,Texas Water Development Board,water_level,12110208
8860415,2022-03-19,38.58,-3.58,Texas Water Development Board,water_level,12110208
8860415,2022-03-20,37.85,-2.85,Texas Water Development Board,water_level,12110208
8860415,2022-03-21,35.45,-0.45,Texas Water Development Board,water_level,12110208
8860415,2022-03-22,36.66,-1.66,Texas Water Development Board,water_level,12110208
8860415,2022-03-23,36.75,-1.75,Texas Water Development Board,water_level,12110208
8860415,2022-03-24,36.04,-1.04,Texas Water Development Board,water_level,12110208
8860415,2022-03-25,37.49,-2.49,Texas Water Development Board,water_level,12110208
8860415,2022-03-26,37.18,-2.18,Texas Water Development Board,water_level,12110208
8860415,2022-03-27,37.39,-2.39,Texas Water Development Board,water_level,12110208
8860415,2022-03-28,37.43,-2.43,Texas Water Development Board,water_level,12110208
8860415,2022-03-29,37.37,-2.37,Texas Water Development Board,water_level,12110208
8860415,2022-03-30,37.34,-2.34,Texas Water Development Board,water_level,12110208
8860415,2022-03-31,37.39,-2.39,Texas Water Development Board,water_level,12110208
8860415,2022-04-01,37.4,-2.4,Texas Water Development Board,water_level,12110208
8860415,2022-04-02,37.41,-2.41,Texas Water Development Board,water_level,12110208
8860415,2022-04-03,37.81,-2.81,Texas Water Development Board,water_level,12110208
8860415,2022-04-04,37.77,-2.77,Texas Water Development Board,water_level,12110208
8860415,2022-04-05,37.34,-2.34,Texas Water Development Board,water_level,12110208
8860415,2022-04-06,37.11,-2.11,Texas Water Development Board,water_level,12110208
8860415,2022-04-07,37.19,-2.19,Texas Water Development Board,water_level,12110208
8860415,2022-04-08,37.28,-2.28,Texas Water Development Board,water_level,12110208
8860415,2022-04-09,36.93,-1.93,Texas Water Development Board,water_level,12110208
8860415,2022-04-10,37.11,-2.11,Texas Water Development Board,water_level,12110208
8860415,2022-04-11,37.16,-2.16,Texas Water Development Board,water_level,12110208
8860415,2022-04-12,37.34,-2.34,Texas Water Development Board,water_level,12110208
8860415,2022-04-13,37.17,-2.17,Texas Water Development Board,water_level,12110208
8860415,2022-04-14,36.87,-1.87,Texas Water Development Board,water_level,12110208
8860415,2022-04-15,35.58,-0.58,Texas Water Development Board,water_level,12110208
8860415,2022-04-16,35.56,-0.56,Texas Water Development Board,water_level,12110208
8860415,2022-04-17,35.57,-0.57,Texas Water Development Board,water_level,12110208
8860415,2022-04-18,35.6,-0.6,Texas Water Development Board,water_level,12110208
8860415,2022-04-19,35.95,-0.95,Texas Water Development Board,water_level,12110208
8860415,2022-04-20,35.18,-0.18,Texas Water Development Board,water_level,12110208
8860415,2022-04-21,36.83,-1.83,Texas Water Development Board,water_level,12110208
8860415,2022-04-22,36.99,-1.99,Texas Water Development Board,water_level,12110208
8860415,2022-04-23,37.04,-2.04,Texas Water Development Board,water_level,12110208
8860415,2022-04-24,37.04,-2.04,Texas Water Development Board,water_level,12110208
8860415,2022-04-25,37.1,-2.1,Texas Water Development Board,water_level,12110208
8860415,2022-04-26,36.36,-1.36,Texas Water Development Board,water_level,12110208
8860415,2022-04-27,36.64,-1.64,Texas Water Development Board,water_level,12110208
8860415,2022-04-28,37.14,-2.14,Texas Water Development Board,water_level,12110208
8860415,2022-04-29,37.33,-2.33,Texas Water Development Board,water_level,12110208
8860415,2022-04-30,37.6,-2.6,Texas Water Development Board,water_level,12110208
8860415,2022-05-01,37.3,-2.3,Texas Water Development Board,water_level,12110208
8860415,2022-05-02,37.3,-2.3,Texas Water Development Board,water_level,12110208
8860415,2022-05-03,37.82,-2.82,Texas Water Development Board,water_level,12110208
8860415,2022-05-04,38.38,-3.38,Texas Water Development Board,water_level,12110208
8860415,2022-05-05,37.84,-2.84,Texas Water Development Board,water_level,12110208
8860415,2022-05-06,38,-3,Texas Water Development Board,water_level,12110208
8860415,2022-05-07,38.81,-3.81,Texas Water Development Board,water_level,12110208
8860415,2022-05-08,38.54,-3.54,Texas Water Development Board,water_level,12110208
8860415,2022-05-09,36.95,-1.95,Texas Water Development Board,water_level,12110208
8860415,2022-05-10,37.75,-2.75,Texas Water Development Board,water_level,12110208
8860415,2022-05-11,39.89,-4.89,Texas Water Development Board,water_level,12110208
8860415,2022-05-12,36.29,-1.29,Texas Water Development Board,water_level,12110208
8860415,2022-05-13,37.72,-2.72,Texas Water Development Board,water_level,12110208
8860415,2022-05-14,39.29,-4.29,Texas Water Development Board,water_level,12110208
8860415,2022-05-15,39.68,-4.68,Texas Water Development Board,water_level,12110208
8860415,2022-05-16,40.15,-5.15,Texas Water Development Board,water_level,12110208
8860415,2022-05-17,39.65,-4.65,Texas Water Development Board,water_level,12110208
8860415,2022-05-18,40.12,-5.12,Texas Water Development Board,water_level,12110208
8860415,2022-05-19,40.4,-5.4,Texas Water Development Board,water_level,12110208
8860415,2022-05-20,38.71,-3.71,Texas Water Development Board,water_level,12110208
8860415,2022-05-21,39.08,-4.08,Texas Water Development Board,water_level,12110208
8860415,2022-05-22,38.42,-3.42,Texas Water Development Board,water_level,12110208
8860415,2022-05-23,39.05,-4.05,Texas Water Development Board,water_level,12110208
8860415,2022-05-24,38.79,-3.79,Texas Water Development Board,water_level,12110208
8860415,2022-05-25,39,-4,Texas Water Development Board,water_level,12110208
8860415,2022-05-26,39.14,-4.14,Texas Water Development Board,water_level,12110208
8860415,2022-05-27,39.05,-4.05,Texas Water Development Board,water_level,12110208
8860415,2022-05-28,38.63,-3.63,Texas Water Development Board,water_level,12110208
8860415,2022-05-29,39.02,-4.02,Texas Water Development Board,water_level,12110208
8860415,2022-05-30,39.04,-4.04,Texas Water Development Board,water_level,12110208
8860415,2022-05-31,39.01,-4.01,Texas Water Development Board,water_level,12110208
8860415,2022-06-01,38.98,-3.98,Texas Water Development Board,water_level,12110208
8860415,2022-06-02,38.72,-3.72,Texas Water Development Board,water_level,12110208
8860415,2022-06-03,38.91,-3.91,Texas Water Development Board,water_level,12110208
8860415,2022-06-04,38.87,-3.87,Texas Water Development Board,water_level,12110208
8860415,2022-06-05,38.93,-3.93,Texas Water Development Board,water_level,12110208
8860415,2022-06-06,39.18,-4.18,Texas Water Development Board,water_level,12110208
8860415,2022-06-07,39.52,-4.52,Texas Water Development Board,water_level,12110208
8860415,2022-06-08,40.06,-5.06,Texas Water Development Board,water_level,12110208
8860415,2022-06-09,39.15,-4.15,Texas Water Development Board,water_level,12110208
8860415,2022-06-10,39.21,-4.21,Texas Water Development Board,water_level,12110208
8860415,2022-06-11,39.18,-4.18,Texas Water Development Board,water_level,12110208
8860415,2022-06-12,39.84,-4.84,Texas Water Development Board,water_level,12110208
8860415,2022-06-13,40.44,-5.44,Texas Water Development Board,water_level,12110208
8860415,2022-06-14,40.07,-5.07,Texas Water Development Board,water_level,12110208
8860415,2022-06-15,39.81,-4.81,Texas Water Development Board,water_level,12110208
8860415,2022-06-16,37.77,-2.77,Texas Water Development Board,water_level,12110208
8860415,2022-06-17,36.9,-1.9,Texas Water Development Board,water_level,12110208
8860415,2022-06-18,40.19,-5.19,Texas Water Development Board,water_level,12110208
8860415,2022-06-19,40.89,-5.89,Texas Water Development Board,water_level,12110208
8860415,2022-06-20,40.17,-5.17,Texas Water Development Board,water_level,12110208
8860415,2022-06-21,39.7,-4.7,Texas Water Development Board,water_level,12110208
8860415,2022-06-22,39.79,-4.79,Texas Water Development Board,water_level,12110208
8860415,2022-06-23,40.82,-5.82,Texas Water Development Board,water_level,12110208
8860415,2022-06-24,41.18,-6.18,Texas Water Development Board,water_level,12110208
8860415,2022-06-25,40.12,-5.12,Texas Water Development Board,water_level,12110208
8860415,2022-06-26,38.34,-3.34,Texas Water Development Board,water_level,12110208
8860415,2022-06-27,39.15,-4.15,Texas Water Development Board,water_level,12110208
8860415,2022-06-28,40.86,-5.86,Texas Water Development Board,water_level,12110208
8860415,2022-06-29,40.94,-5.94,Texas Water Development Board,water_level,12110208
8860415,2022-06-30,39.29,-4.29,Texas Water Development Board,water_level,12110208
8860415,2022-07-01,40.18,-5.18,Texas Water Development Board,water_level,12110208
8860415,2022-07-02,41.19,-6.19,Texas Water Development Board,water_level,12110208
8860415,2022-07-03,41.77,-6.77,Texas Water Development Board,water_level,12110208
8860415,2022-07-04,41.29,-6.29,Texas Water Development Board,water_level,12110208
8860415,2022-07-05,41.5,-6.5,Texas Water Development Board,water_level,12110208
8860415,2022-07-06,41.6,-6.6,Texas Water Development Board,water_level,12110208
8860415,2022-07-07,41.75,-6.75,Texas Water Development Board,water_level,12110208
8860415,2022-07-08,41.78,-6.78,Texas Water Development Board,water_level,12110208
8860415,2022-07-09,41.87,-6.87,Texas Water Development Board,water_level,12110208
8860415,2022-07-10,41.91,-6.91,Texas Water Development Board,water_level,12110208
8860415,2022-07-11,41.96,-6.96,Texas Water Development Board,water_level,12110208
8860415,2022-07-12,42.58,-7.58,Texas Water Development Board,water_level,12110208
8860415,2022-07-13,42.97,-7.97,Texas Water Development Board,water_level,12110208
8860415,2022-07-14,43.21,-8.21,Texas Water Development Board,water_level,12110208
8860415,2022-07-15,43.36,-8.36,Texas Water Development Board,water_level,12110208
8860415,2022-07-16,43.36,-8.36,Texas Water Development Board,water_level,12110208
8860415,2022-07-17,43.32,-8.32,Texas Water Development Board,water_level,12110208
8860415,2022-07-18,43.3,-8.3,Texas Water Development Board,water_level,12110208
8860415,2022-07-19,43.33,-8.33,Texas Water Development Board,water_level,12110208
8860415,2022-07-20,42.22,-7.22,Texas Water Development Board,water_level,12110208
8860415,2022-07-21,42.89,-7.89,Texas Water Development Board,water_level,12110208
8860415,2022-07-22,43.22,-8.22,Texas Water Development Board,water_level,12110208
8860415,2022-07-23,43.3,-8.3,Texas Water Development Board,water_level,12110208
8860415,2022-07-24,43.35,-8.35,Texas Water Development Board,water_level,12110208
8860415,2022-07-25,43.46,-8.46,Texas Water Development Board,water_level,12110208
8860415,2022-07-26,43.2,-8.2,Texas Water Development Board,water_level,12110208
8860415,2022-07-27,43.31,-8.31,Texas Water Development Board,water_level,12110208
8860415,2022-07-28,43.41,-8.41,Texas Water Development Board,water_level,12110208
8860415,2022-07-29,43.5,-8.5,Texas Water Development Board,water_level,12110208
8860415,2022-07-30,43.62,-8.62,Texas Water Development Board,water_level,12110208
8860415,2022-07-31,43.63,-8.63,Texas Water Development Board,water_level,12110208
8860415,2022-08-01,43.7,-8.7,Texas Water Development Board,water_level,12110208
8860415,2022-08-02,39.52,-4.52,Texas Water Development Board,water_level,12110208
8860415,2022-08-03,41.06,-6.06,Texas Water Development Board,water_level,12110208
8860415,2022-08-04,42.34,-7.34,Texas Water Development Board,water_level,12110208
8860415,2022-08-05,42.88,-7.88,Texas Water Development Board,water_level,12110208
8860415,2022-08-06,43.33,-8.33,Texas Water Development Board,water_level,12110208
8860415,2022-08-07,43.29,-8.29,Texas Water Development Board,water_level,12110208
8860415,2022-08-08,42.93,-7.93,Texas Water Development Board,water_level,12110208
8860415,2022-08-09,41.8,-6.8,Texas Water Development Board,water_level,12110208
8860415,2022-08-10,41.6,-6.6,Texas Water Development Board,water_level,12110208
8860415,2022-08-11,42.62,-7.62,Texas Water Development Board,water_level,12110208
8860415,2022-08-12,42.86,-7.86,Texas Water Development Board,water_level,12110208
8860415,2022-08-13,42.89,-7.89,Texas Water Development Board,water_level,12110208
8860415,2022-08-14,41.24,-6.24,Texas Water Development Board,water_level,12110208
8860415,2022-08-15,41.65,-6.65,Texas Water Development Board,water_level,12110208
8860415,2022-08-16,42.75,-7.75,Texas Water Development Board,water_level,12110208
8860415,2022-08-17,42.52,-7.52,Texas Water Development Board,water_level,12110208
8860415,2022-08-18,42.54,-7.54,Texas Water Development Board,water_level,12110208
8860415,2022-08-19,42.67,-7.67,Texas Water Development Board,water_level,12110208
8860415,2022-08-20,42.71,-7.71,Texas Water Development Board,water_level,12110208
8860415,2022-08-21,42.7,-7.7,Texas Water Development Board,water_level,12110208
8860415,2022-08-22,42.71,-7.71,Texas Water Development Board,water_level,12110208
8860415,2022-08-23,42.79,-7.79,Texas Water Development Board,water_level,12110208
8860415,2022-08-24,42.91,-7.91,Texas Water Development Board,water_level,12110208
8860415,2022-08-25,42.45,-7.45,Texas Water Development Board,water_level,12110208
8860415,2022-08-26,42.41,-7.41,Texas Water Development Board,water_level,12110208
8860415,2022-08-27,42.57,-7.57,Texas Water Development Board,water_level,12110208
8860415,2022-08-28,42.39,-7.39,Texas Water Development Board,water_level,12110208
8860415,2022-08-29,42.6,-7.6,Texas Water Development Board,water_level,12110208
8860415,2022-08-30,42.67,-7.67,Texas Water Development Board,water_level,12110208
8860415,2022-08-31,42.71,-7.71,Texas Water Development Board,water_level,12110208
8860415,2022-09-01,42.06,-7.06,Texas Water Development Board,water_level,12110208
8860415,2022-09-02,42.58,-7.58,Texas Water Development Board,water_level,12110208
8860415,2022-09-03,42.66,-7.66,Texas Water Development Board,water_level,12110208
8860415,2022-09-04,42.66,-7.66,Texas Water Development Board,water_level,12110208
8860415,2022-09-05,42.65,-7.65,Texas Water Development Board,water_level,12110208
8860415,2022-09-06,42.64,-7.64,Texas Water Development Board,water_level,12110208
8860415,2022-09-07,42.63,-7.63,Texas Water Development Board,water_level,12110208
8860415,2022-09-08,42.63,-7.63,Texas Water Development Board,water_level,12110208
8860415,2022-09-09,42.61,-7.61,Texas Water Development Board,water_level,12110208
8860415,2022-09-10,43.05,-8.05,Texas Water Development Board,water_level,12110208
8860415,2022-09-11,43.38,-8.38,Texas Water Development Board,water_level,12110208
8860415,2022-09-12,43.43,-8.43,Texas Water Development Board,water_level,12110208
8860415,2022-09-13,41.87,-6.87,Texas Water Development Board,water_level,12110208
8860415,2022-09-14,41.83,-6.83,Texas Water Development Board,water_level,12110208
8860415,2022-09-15,41.82,-6.82,Texas Water Development Board,water_level,12110208
8860415,2022-09-16,41.41,-6.41,Texas Water Development Board,water_level,12110208
8860415,2022-09-17,41.43,-6.43,Texas Water Development Board,water_level,12110208
8860415,2022-09-18,41.54,-6.54,Texas Water Development Board,water_level,12110208
8860415,2022-09-19,41.58,-6.58,Texas Water Development Board,water_level,12110208
8860415,2022-09-20,41.61,-6.61,Texas Water Development Board,water_level,12110208
8860415,2022-09-21,41.62,-6.62,Texas Water Development Board,water_level,12110208
8860415,2022-09-22,41.78,-6.78,Texas Water Development Board,water_level,12110208
8860415,2022-09-23,41.7,-6.7,Texas Water Development Board,water_level,12110208
8860415,2022-09-24,41.73,-6.73,Texas Water Development Board,water_level,12110208
8860415,2022-09-25,42.19,-7.19,Texas Water Development Board,water_level,12110208
8860415,2022-09-26,42.21,-7.21,Texas Water Development Board,water_level,12110208
8860415,2022-09-27,41.53,-6.53,Texas Water Development Board,water_level,12110208
8860415,2022-09-28,41.49,-6.49,Texas Water Development Board,water_level,12110208
8860415,2022-09-29,41.41,-6.41,Texas Water Development Board,water_level,12110208
8860415,2022-09-30,41.06,-6.06,Texas Water Development Board,water_level,12110208
8860415,2022-10-01,42.57,-7.57,Texas Water Development Board,water_level,12110208
8860415,2022-10-02,42.68,-7.68,Texas Water Development Board,water_level,12110208
8860415,2022-10-03,42.66,-7.66,Texas Water Development Board,water_level,12110208
8860415,2022-10-04,42.65,-7.65,Texas Water Development Board,water_level,12110208
8860415,2022-10-05,42.57,-7.57,Texas Water Development Board,water_level,12110208
8860415,2022-10-06,41.44,-6.44,Texas Water Development Board,water_level,12110208
8860415,2022-10-07,42.58,-7.58,Texas Water Development Board,water_level,12110208
8860415,2022-10-08,42.53,-7.53,Texas Water Development Board,water_level,12110208
8860415,2022-10-09,42.54,-7.54,Texas Water Development Board,water_level,12110208
8860415,2022-10-10,42.49,-7.49,Texas Water Development Board,water_level,12110208
8860415,2022-10-11,41.65,-6.65,Texas Water Development Board,water_level,12110208
8860415,2022-10-12,41.51,-6.51,Texas Water Development Board,water_level,12110208
8860415,2022-10-13,40.84,-5.84,Texas Water Development Board,water_level,12110208
8860415,2022-10-14,40.68,-5.68,Texas Water Development Board,water_level,12110208
8860415,2022-10-15,41.96,-6.96,Texas Water Development Board,water_level,12110208
8860415,2022-10-16,42.29,-7.29,Texas Water Development Board,water_level,12110208
8860415,2022-10-17,41.02,-6.02,Texas Water Development Board,water_level,12110208
8860415,2022-10-18,41.64,-6.64,Texas Water Development Board,water_level,12110208
8860415,2022-10-19,42.07,-7.07,Texas Water Development Board,water_level,12110208
8860415,2022-10-20,42.18,-7.18,Texas Water Development Board,water_level,12110208
8860415,2022-10-21,40.54,-5.54,Texas Water Development Board,water_level,12110208
8860415,2022-10-22,41.43,-6.43,Texas Water Development Board,water_level,12110208
8860415,2022-10-23,41.95,-6.95,Texas Water Development Board,water_level,12110208
8860415,2022-10-24,42.12,-7.12,Texas Water Development Board,water_level,12110208
8860415,2022-10-25,42.16,-7.16,Texas Water Development Board,water_level,12110208
8860415,2022-10-26,42.21,-7.21,Texas Water Development Board,water_level,12110208
8860415,2022-10-27,40.07,-5.07,Texas Water Development Board,water_level,12110208
8860415,2022-10-28,41.28,-6.28,Texas Water Development Board,water_level,12110208
8860415,2022-10-29,41.94,-6.94,Texas Water Development Board,water_level,12110208
8860415,2022-10-30,42.14,-7.14,Texas Water Development Board,water_level,12110208
8860415,2022-10-31,42.23,-7.23,Texas Water Development Board,water_level,12110208
8860415,2022-11-01,42.3,-7.3,Texas Water Development Board,water_level,12110208
8860415,2022-11-02,41.73,-6.73,Texas Water Development Board,water_level,12110208
8860415,2022-11-03,41.72,-6.72,Texas Water Development Board,water_level,12110208
8860415,2022-11-04,41.57,-6.57,Texas Water Development Board,water_level,12110208
8860415,2022-11-05,41.23,-6.23,Texas Water Development Board,water_level,12110208
8860415,2022-11-06,41.56,-6.56,Texas Water Development Board,water_level,12110208
8860415,2022-11-07,41.04,-6.04,Texas Water Development Board,water_level,12110208
8860415,2022-11-08,41.07,-6.07,Texas Water Development Board,water_level,12110208
8860415,2022-11-09,41.11,-6.11,Texas Water Development Board,water_level,12110208
8860415,2022-11-10,40.75,-5.75,Texas Water Development Board,water_level,12110208
8860415,2022-11-11,41.34,-6.34,Texas Water Development Board,water_level,12110208
8860415,2022-11-12,41.52,-6.52,Texas Water Development Board,water_level,12110208
8860415,2022-11-13,41.64,-6.64,Texas Water Development Board,water_level,12110208
8860415,2022-11-14,41.68,-6.68,Texas Water Development Board,water_level,12110208
8860415,2022-11-15,42.04,-7.04,Texas Water Development Board,water_level,12110208
8860415,2022-11-16,42.76,-7.76,Texas Water Development Board,water_level,12110208
8860415,2022-11-17,42.32,-7.32,Texas Water Development Board,water_level,12110208
8860415,2022-11-18,42.42,-7.42,Texas Water Development Board,water_level,12110208
8860415,2022-11-19,42.56,-7.56,Texas Water Development Board,water_level,12110208
8860415,2022-11-20,42.62,-7.62,Texas Water Development Board,water_level,12110208
8860415,2022-11-21,42.65,-7.65,Texas Water Development Board,water_level,12110208
8860415,2022-11-22,42.51,-7.51,Texas Water Development Board,water_level,12110208
8860415,2022-11-23,42.53,-7.53,Texas Water Development Board,water_level,12110208
8860415,2022-11-24,42.43,-7.43,Texas Water Development Board,water_level,12110208
8860415,2022-11-25,42.38,-7.38,Texas Water Development Board,water_level,12110208
8860415,2022-11-26,41.95,-6.95,Texas Water Development Board,water_level,12110208
8860415,2022-11-27,42.2,-7.2,Texas Water Development Board,water_level,12110208
8860415,2022-11-28,42.31,-7.31,Texas Water Development Board,water_level,12110208
8860415,2022-11-29,41.02,-6.02,Texas Water Development Board,water_level,12110208
8860415,2022-11-30,41.49,-6.49,Texas Water Development Board,water_level,12110208
8860415,2022-12-01,41.86,-6.86,Texas Water Development Board,water_level,12110208
8860415,2022-12-02,42.06,-7.06,Texas Water Development Board,water_level,12110208
8860415,2022-12-03,42.1,-7.1,Texas Water Development Board,water_level,12110208
8860415,2022-12-04,42.13,-7.13,Texas Water Development Board,water_level,12110208
8860415,2022-12-05,40.93,-5.93,Texas Water Development Board,water_level,12110208
8860415,2022-12-06,41.86,-6.86,Texas Water Development Board,water_level,12110208
8860415,2022-12-07,41.83,-6.83,Texas Water Development Board,water_level,12110208
8860415,2022-12-08,42.06,-7.06,Texas Water Development Board,water_level,12110208
8860415,2022-12-09,42.54,-7.54,Texas Water Development Board,water_level,12110208
8860415,2022-12-10,42.77,-7.77,Texas Water Development Board,water_level,12110208
8860415,2022-12-11,43.24,-8.24,Texas Water Development Board,water_level,12110208
8860415,2022-12-12,43.31,-8.31,Texas Water Development Board,water_level,12110208
8860415,2022-12-13,43.26,-8.26,Texas Water Development Board,water_level,12110208
8860415,2022-12-14,43.35,-8.35,Texas Water Development Board,water_level,12110208
8860415,2022-12-15,40.36,-5.36,Texas Water Development Board,water_level,12110208
8860415,2022-12-16,41.93,-6.93,Texas Water Development Board,water_level,12110208
8860415,2022-12-17,41.89,-6.89,Texas Water Development Board,water_level,12110208
8860415,2022-12-18,42.15,-7.15,Texas Water Development Board,water_level,12110208
8860415,2022-12-19,42.12,-7.12,Texas Water Development Board,water_level,12110208
8860415,2022-12-20,42.26,-7.26,Texas Water Development Board,water_level,12110208
8860415,2022-12-21,42.44,-7.44,Texas Water Development Board,water_level,12110208
8860415,2022-12-22,42.52,-7.52,Texas Water Development Board,water_level,12110208
8860415,2022-12-23,42.5,-7.5,Texas Water Development Board,water_level,12110208
8860415,2022-12-24,42.68,-7.68,Texas Water Development Board,water_level,12110208
8860415,2022-12-25,41.64,-6.64,Texas Water Development Board,water_level,12110208
8860415,2022-12-26,42.1,-7.1,Texas Water Development Board,water_level,12110208
8860415,2022-12-27,42.55,-7.55,Texas Water Development Board,water_level,12110208
8860415,2022-12-28,42.46,-7.46,Texas Water Development Board,water_level,12110208
8860415,2022-12-29,42.42,-7.42,Texas Water Development Board,water_level,12110208
8860415,2022-12-30,42.38,-7.38,Texas Water Development Board,water_level,12110208
8860415,2022-12-31,42.54,-7.54,Texas Water Development Board,water_level,12110208
8860415,2023-01-01,42.49,-7.49,Texas Water Development Board,water_level,12110208
8860415,2023-01-02,42.47,-7.47,Texas Water Development Board,water_level,12110208
8860415,2023-01-03,42.32,-7.32,Texas Water Development Board,water_level,12110208
8860415,2023-01-04,42.42,-7.42,Texas Water Development Board,water_level,12110208
8860415,2023-01-05,41.96,-6.96,Texas Water Development Board,water_level,12110208
8860415,2023-01-06,42.4,-7.4,Texas Water Development Board,water_level,12110208
8860415,2023-01-07,42.44,-7.44,Texas Water Development Board,water_level,12110208
8860415,2023-01-08,42.68,-7.68,Texas Water Development Board,water_level,12110208
8860415,2023-01-09,43.04,-8.04,Texas Water Development Board,water_level,12110208
8860415,2023-01-10,43.07,-8.07,Texas Water Development Board,water_level,12110208
8860415,2023-01-11,43.09,-8.09,Texas Water Development Board,water_level,12110208
8860415,2023-01-12,42.97,-7.97,Texas Water Development Board,water_level,12110208
8860415,2023-01-13,42.85,-7.85,Texas Water Development Board,water_level,12110208
8860415,2023-01-14,42.64,-7.64,Texas Water Development Board,water_level,12110208
8860415,2023-01-15,42.08,-7.08,Texas Water Development Board,water_level,12110208
8860415,2023-01-16,41.9,-6.9,Texas Water Development Board,water_level,12110208
8860415,2023-01-17,41.91,-6.91,Texas Water Development Board,water_level,12110208
8860415,2023-01-18,41.62,-6.62,Texas Water Development Board,water_level,12110208
8860415,2023-01-19,42.06,-7.06,Texas Water Development Board,water_level,12110208
8860415,2023-01-20,41.76,-6.76,Texas Water Development Board,water_level,12110208
8860415,2023-01-21,43.11,-8.11,Texas Water Development Board,water_level,12110208
8860415,2023-01-22,42.76,-7.76,Texas Water Development Board,water_level,12110208
8860415,2023-01-23,42.64,-7.64,Texas Water Development Board,water_level,12110208
8860415,2023-01-23,44.15,-9.15,Texas Water Development Board,water_level,12110208
8860415,2023-01-24,42.95,-7.95,Texas Water Development Board,water_level,12110208
8860415,2023-01-25,43.22,-8.22,Texas Water Development Board,water_level,12110208
8860415,2023-01-26,40.9,-5.9,Texas Water Development Board,water_level,12110208
8860415,2023-01-27,41.57,-6.57,Texas Water Development Board,water_level,12110208
8860415,2023-01-28,42.46,-7.46,Texas Water Development Board,water_level,12110208
8860415,2023-01-29,42.61,-7.61,Texas Water Development Board,water_level,12110208
8860415,2023-01-30,42.54,-7.54,Texas Water Development Board,water_level,12110208
8860415,2023-01-31,42.55,-7.55,Texas Water Development Board,water_level,12110208
8860415,2023-02-01,42.71,-7.71,Texas Water Development Board,water_level,12110208
8860415,2023-02-02,42.75,-7.75,Texas Water Development Board,water_level,12110208
8860415,2023-02-03,42.48,-7.48,Texas Water Development Board,water_level,12110208
8860415,2023-02-04,42.84,-7.84,Texas Water Development Board,water_level,12110208
8860415,2023-02-05,43.06,-8.06,Texas Water Development Board,water_level,12110208
8860415,2023-02-06,43.12,-8.12,Texas Water Development Board,water_level,12110208
8860415,2023-02-07,42.86,-7.86,Texas Water Development Board,water_level,12110208
8860415,2023-02-08,42.84,-7.84,Texas Water Development Board,water_level,12110208
8860415,2023-02-09,43.04,-8.04,Texas Water Development Board,water_level,12110208
8860415,2023-02-10,43.2,-8.2,Texas Water Development Board,water_level,12110208
8860415,2023-02-11,43.19,-8.19,Texas Water Development Board,water_level,12110208
8860415,2023-02-12,43.16,-8.16,Texas Water Development Board,water_level,12110208
8860415,2023-02-13,43.14,-8.14,Texas Water Development Board,water_level,12110208
8860415,2023-02-14,43.01,-8.01,Texas Water Development Board,water_level,12110208
8860415,2023-02-15,42.45,-7.45,Texas Water Development Board,water_level,12110208
8860415,2023-02-16,42.56,-7.56,Texas Water Development Board,water_level,12110208
8860415,2023-02-17,43.28,-8.28,Texas Water Development Board,water_level,12110208
8860415,2023-02-18,43.36,-8.36,Texas Water Development Board,water_level,12110208
8860415,2023-02-19,43.26,-8.26,Texas Water Development Board,water_level,12110208
8860415,2023-02-20,43.34,-8.34,Texas Water Development Board,water_level,12110208
8860415,2023-02-21,43.37,-8.37,Texas Water Development Board,water_level,12110208
8860415,2023-02-22,42.96,-7.96,Texas Water Development Board,water_level,12110208
8860415,2023-02-23,43.19,-8.19,Texas Water Development Board,water_level,12110208
8860415,2023-02-24,43.41,-8.41,Texas Water Development Board,water_level,12110208
8860415,2023-02-25,43.43,-8.43,Texas Water Development Board,water_level,12110208
8860415,2023-02-26,43.01,-8.01,Texas Water Development Board,water_level,12110208
8860415,2023-02-27,43.3,-8.3,Texas Water Development Board,water_level,12110208
8860415,2023-02-28,43.44,-8.44,Texas Water Development Board,water_level,12110208
8860415,2023-03-01,43.49,-8.49,Texas Water Development Board,water_level,12110208
8860415,2023-03-02,43.48,-8.48,Texas Water Development Board,water_level,12110208
8860415,2023-03-03,43.71,-8.71,Texas Water Development Board,water_level,12110208
8860415,2023-03-04,43.7,-8.7,Texas Water Development Board,water_level,12110208
8860415,2023-03-05,43.79,-8.79,Texas Water Development Board,water_level,12110208
8860415,2023-03-06,43.89,-8.89,Texas Water Development Board,water_level,12110208
8860415,2023-03-07,43.93,-8.93,Texas Water Development Board,water_level,12110208
8860415,2023-03-08,43.97,-8.97,Texas Water Development Board,water_level,12110208
8860415,2023-03-09,44.03,-9.03,Texas Water Development Board,water_level,12110208
8860415,2023-03-10,41.69,-6.69,Texas Water Development Board,water_level,12110208
8860415,2023-03-11,40.84,-5.84,Texas Water Development Board,water_level,12110208
8860415,2023-03-12,40.87,-5.87,Texas Water Development Board,water_level,12110208
8860415,2023-03-13,41.81,-6.81,Texas Water Development Board,water_level,12110208
8860415,2023-03-14,41.66,-6.66,Texas Water Development Board,water_level,12110208
8860415,2023-03-15,38.68,-3.68,Texas Water Development Board,water_level,12110208
8860415,2023-03-16,40.32,-5.32,Texas Water Development Board,water_level,12110208
8860415,2023-03-17,42.51,-7.51,Texas Water Development Board,water_level,12110208
8860415,2023-03-18,43.35,-8.35,Texas Water Development Board,water_level,12110208
8860415,2023-03-19,41.92,-6.92,Texas Water Development Board,water_level,12110208
8860415,2023-03-20,40,-5,Texas Water Development Board,water_level,12110208
8860415,2023-03-21,38.1,-3.1,Texas Water Development Board,water_level,12110208
8860415,2023-03-22,39.08,-4.08,Texas Water Development Board,water_level,12110208
8860415,2023-03-23,40.97,-5.97,Texas Water Development Board,water_level,12110208
8860415,2023-03-24,40.96,-5.96,Texas Water Development Board,water_level,12110208
8860415,2023-03-25,42.07,-7.07,Texas Water Development Board,water_level,12110208
8860415,2023-03-26,42.74,-7.74,Texas Water Development Board,water_level,12110208
8860415,2023-03-27,42.39,-7.39,Texas Water Development Board,water_level,12110208
8860415,2023-03-28,41.95,-6.95,Texas Water Development Board,water_level,12110208
8860415,2023-03-29,43.04,-8.04,Texas Water Development Board,water_level,12110208
8860415,2023-03-30,43.38,-8.38,Texas Water Development Board,water_level,12110208
8860415,2023-03-31,43.69,-8.69,Texas Water Development Board,water_level,12110208
8860415,2023-04-01,44.55,-9.55,Texas Water Development Board,water_level,12110208
8860415,2023-04-02,44.58,-9.58,Texas Water Development Board,water_level,12110208
8860415,2023-04-03,42.82,-7.82,Texas Water Development Board,water_level,12110208
8860415,2023-04-04,43.34,-8.34,Texas Water Development Board,water_level,12110208
8860415,2023-04-05,42.56,-7.56,Texas Water Development Board,water_level,12110208
8860415,2023-04-06,42.82,-7.82,Texas Water Development Board,water_level,12110208
8860415,2023-04-07,43.23,-8.23,Texas Water Development Board,water_level,12110208
8860415,2023-04-08,44.24,-9.24,Texas Water Development Board,water_level,12110208
8860415,2023-04-09,44.26,-9.26,Texas Water Development Board,water_level,12110208
8860415,2023-04-10,44.28,-9.28,Texas Water Development Board,water_level,12110208
8860415,2023-04-11,44,-9,Texas Water Development Board,water_level,12110208
8860415,2023-04-12,43.72,-8.72,Texas Water Development Board,water_level,12110208
8860415,2023-04-13,42.56,-7.56,Texas Water Development Board,water_level,12110208
8860415,2023-04-14,43.18,-8.18,Texas Water Development Board,water_level,12110208
8860415,2023-04-15,43.67,-8.67,Texas Water Development Board,water_level,12110208
8860415,2023-04-16,43.78,-8.78,Texas Water Development Board,water_level,12110208
8860415,2023-04-17,44.2,-9.2,Texas Water Development Board,water_level,12110208
8860415,2023-04-18,44.13,-9.13,Texas Water Development Board,water_level,12110208
8860415,2023-04-19,44.07,-9.07,Texas Water Development Board,water_level,12110208
8860415,2023-04-20,43.65,-8.65,Texas Water Development Board,water_level,12110208
8860415,2023-04-21,42.72,-7.72,Texas Water Development Board,water_level,12110208
8860415,2023-04-22,43.28,-8.28,Texas Water Development Board,water_level,12110208
8860415,2023-04-23,42.36,-7.36,Texas Water Development Board,water_level,12110208
8860415,2023-04-24,42.45,-7.45,Texas Water Development Board,water_level,12110208
8860415,2023-04-25,42.98,-7.98,Texas Water Development Board,water_level,12110208
8860415,2023-04-26,43.21,-8.21,Texas Water Development Board,water_level,12110208
8860415,2023-04-27,43.41,-8.41,Texas Water Development Board,water_level,12110208
8860415,2023-04-28,43.39,-8.39,Texas Water Development Board,water_level,12110208
8860415,2023-04-29,42.53,-7.53,Texas Water Development Board,water_level,12110208
8860415,2023-04-30,42.53,-7.53,Texas Water Development Board,water_level,12110208
8860415,2023-05-01,42.54,-7.54,Texas Water Development Board,water_level,12110208
8860415,2023-05-02,42.36,-7.36,Texas Water Development Board,water_level,12110208
8860415,2023-05-03,42.31,-7.31,Texas Water Development Board,water_level,12110208
8860415,2023-05-04,42.31,-7.31,Texas Water Development Board,water_level,12110208
8860415,2023-05-05,42.68,-7.68,Texas Water Development Board,water_level,12110208
8860415,2023-05-06,42.17,-7.17,Texas Water Development Board,water_level,12110208
8860415,2023-05-07,42.3,-7.3,Texas Water Development Board,water_level,12110208
8860415,2023-05-08,42.31,-7.31,Texas Water Development Board,water_level,12110208
8860415,2023-05-09,38.61,-3.61,Texas Water Development Board,water_level,12110208
8860415,2023-05-10,40.88,-5.88,Texas Water Development Board,water_level,12110208
8860415,2023-05-11,41.82,-6.82,Texas Water Development Board,water_level,12110208
8860415,2023-05-12,41.48,-6.48,Texas Water Development Board,water_level,12110208
8860415,2023-05-13,42.02,-7.02,Texas Water Development Board,water_level,12110208
8860415,2023-05-14,42.34,-7.34,Texas Water Development Board,water_level,12110208
8860415,2023-05-15,42.3,-7.3,Texas Water Development Board,water_level,12110208
8860415,2023-05-16,41.86,-6.86,Texas Water Development Board,water_level,12110208
8860415,2023-05-17,41.49,-6.49,Texas Water Development Board,water_level,12110208
8860415,2023-05-18,41.81,-6.81,Texas Water Development Board,water_level,12110208
8860415,2023-05-19,42.1,-7.1,Texas Water Development Board,water_level,12110208
8860415,2023-05-20,42.09,-7.09,Texas Water Development Board,water_level,12110208
8860415,2023-05-21,41.96,-6.96,Texas Water Development Board,water_level,12110208
8860415,2023-05-22,41.59,-6.59,Texas Water Development Board,water_level,12110208
8860415,2023-05-23,41.42,-6.42,Texas Water Development Board,water_level,12110208
8860415,2023-05-24,42.24,-7.24,Texas Water Development Board,water_level,12110208
8860415,2023-05-25,42.39,-7.39,Texas Water Development Board,water_level,12110208
8860415,2023-05-26,42.65,-7.65,Texas Water Development Board,water_level,12110208
8860415,2023-05-27,42.74,-7.74,Texas Water Development Board,water_level,12110208
8860415,2023-05-28,42.82,-7.82,Texas Water Development Board,water_level,12110208
8860415,2023-05-29,41.74,-6.74,Texas Water Development Board,water_level,12110208
8860415,2023-05-30,41.36,-6.36,Texas Water Development Board,water_level,12110208
8860415,2023-05-31,39.23,-4.23,Texas Water Development Board,water_level,12110208
8860415,2023-06-01,39.18,-4.18,Texas Water Development Board,water_level,12110208
8860415,2023-06-02,41.29,-6.29,Texas Water Development Board,water_level,12110208
8860415,2023-06-03,40.53,-5.53,Texas Water Development Board,water_level,12110208
8860415,2023-06-04,39.7,-4.7,Texas Water Development Board,water_level,12110208
8860415,2023-06-05,35.34,-0.34,Texas Water Development Board,water_level,12110208
8860415,2023-06-06,35.6,-0.6,Texas Water Development Board,water_level,12110208
8860415,2023-06-07,37.85,-2.85,Texas Water Development Board,water_level,12110208
8860415,2023-06-08,37.15,-2.15,Texas Water Development Board,water_level,12110208
8860415,2023-06-09,36.36,-1.36,Texas Water Development Board,water_level,12110208
8860415,2023-06-10,38.76,-3.76,Texas Water Development Board,water_level,12110208
8860415,2023-06-11,39.75,-4.75,Texas Water Development Board,water_level,12110208
8860415,2023-06-12,40.45,-5.45,Texas Water Development Board,water_level,12110208
8860415,2023-06-13,41.1,-6.1,Texas Water Development Board,water_level,12110208
8860415,2023-06-14,37.61,-2.61,Texas Water Development Board,water_level,12110208
8860415,2023-06-15,38.73,-3.73,Texas Water Development Board,water_level,12110208
8860415,2023-06-16,40.93,-5.93,Texas Water Development Board,water_level,12110208
8860415,2023-06-17,41.01,-6.01,Texas Water Development Board,water_level,12110208
8860415,2023-06-18,41.37,-6.37,Texas Water Development Board,water_level,12110208
8860415,2023-06-19,40.75,-5.75,Texas Water Development Board,water_level,12110208
8860415,2023-06-20,40.99,-5.99,Texas Water Development Board,water_level,12110208
8860415,2023-06-21,41.08,-6.08,Texas Water Development Board,water_level,12110208
8860415,2023-06-22,41.2,-6.2,Texas Water Development Board,water_level,12110208
8860415,2023-06-23,41.22,-6.22,Texas Water Development Board,water_level,12110208
8860415,2023-06-24,42.08,-7.08,Texas Water Development Board,water_level,12110208
8860415,2023-06-25,42.42,-7.42,Texas Water Development Board,water_level,12110208
8860415,2023-06-26,42.61,-7.61,Texas Water Development Board,water_level,12110208
8860415,2023-06-27,42.74,-7.74,Texas Water Development Board,water_level,12110208
8860415,2023-06-28,41,-6,Texas Water Development Board,water_level,12110208
8860415,2023-06-29,41.36,-6.36,Texas Water Development Board,water_level,12110208
8860415,2023-06-30,41.82,-6.82,Texas Water Development Board,water_level,12110208
8860415,2023-07-01,42.21,-7.21,Texas Water Development Board,water_level,12110208
8860415,2023-07-02,42.49,-7.49,Texas Water Development Board,water_level,12110208
8860415,2023-07-03,42.52,-7.52,Texas Water Development Board,water_level,12110208
8860415,2023-07-04,42.69,-7.69,Texas Water Development Board,water_level,12110208
8860415,2023-07-05,43.15,-8.15,Texas Water Development Board,water_level,12110208
8860415,2023-07-06,43.89,-8.89,Texas Water Development Board,water_level,12110208
8860415,2023-07-07,43.64,-8.64,Texas Water Development Board,water_level,12110208
8860415,2023-07-08,43.51,-8.51,Texas Water Development Board,water_level,12110208
8860415,2023-07-09,43.43,-8.43,Texas Water Development Board,water_level,12110208
8860415,2023-07-10,43.41,-8.41,Texas Water Development Board,water_level,12110208
8860415,2023-07-11,43.41,-8.41,Texas Water Development Board,water_level,12110208
8860415,2023-07-12,43.22,-8.22,Texas Water Development Board,water_level,12110208
8860415,2023-07-13,43.39,-8.39,Texas Water Development Board,water_level,12110208
8860415,2023-07-14,42.97,-7.97,Texas Water Development Board,water_level,12110208
8860415,2023-07-15,43.33,-8.33,Texas Water Development Board,water_level,12110208
8860415,2023-07-16,43.47,-8.47,Texas Water Development Board,water_level,12110208
8860415,2023-07-17,43.46,-8.46,Texas Water Development Board,water_level,12110208
8860415,2023-07-18,43.72,-8.72,Texas Water Development Board,water_level,12110208
8860415,2023-07-19,43.73,-8.73,Texas Water Development Board,water_level,12110208
8860415,2023-07-20,43.39,-8.39,Texas Water Development Board,water_level,12110208
8860415,2023-07-21,43.15,-8.15,Texas Water Development Board,water_level,12110208
8860415,2023-07-22,43.44,-8.44,Texas Water Development Board,water_level,12110208
8860415,2023-07-23,43.22,-8.22,Texas Water Development Board,water_level,12110208
8860415,2023-07-24,43.16,-8.16,Texas Water Development Board,water_level,12110208
8860415,2023-07-25,43.53,-8.53,Texas Water Development Board,water_level,12110208
8860415,2023-07-26,43.77,-8.77,Texas Water Development Board,water_level,12110208
8860415,2023-07-27,43.59,-8.59,Texas Water Development Board,water_level,12110208
8860415,2023-07-28,43.6,-8.6,Texas Water Development Board,water_level,12110208
8860415,2023-07-29,43.81,-8.81,Texas Water Development Board,water_level,12110208
8860415,2023-07-30,43.96,-8.96,Texas Water Development Board,water_level,12110208
8860415,2023-07-31,43.96,-8.96,Texas Water Development Board,water_level,12110208
8860415,2023-08-01,43.71,-8.71,Texas Water Development Board,water_level,12110208
8860415,2023-08-02,43.72,-8.72,Texas Water Development Board,water_level,12110208
8860415,2023-08-03,42.72,-7.72,Texas Water Development Board,water_level,12110208
8860415,2023-08-04,42.18,-7.18,Texas Water Development Board,water_level,12110208
8860415,2023-08-05,43.2,-8.2,Texas Water Development Board,water_level,12110208
8860415,2023-08-06,43.39,-8.39,Texas Water Development Board,water_level,12110208
8860415,2023-08-07,43.32,-8.32,Texas Water Development Board,water_level,12110208
8860415,2023-08-08,43.03,-8.03,Texas Water Development Board,water_level,12110208
8860415,2023-08-09,43.08,-8.08,Texas Water Development Board,water_level,12110208
8860415,2023-08-10,43.33,-8.33,Texas Water Development Board,water_level,12110208
8860415,2023-08-11,43.83,-8.83,Texas Water Development Board,water_level,12110208
8860415,2023-08-12,44.65,-9.65,Texas Water Development Board,water_level,12110208
8860415,2023-08-13,45.67,-10.67,Texas Water Development Board,water_level,12110208
8860415,2023-08-14,45.77,-10.77,Texas Water Development Board,water_level,12110208
8860415,2023-08-15,45.8,-10.8,Texas Water Development Board,water_level,12110208
8860415,2023-08-16,45.26,-10.26,Texas Water Development Board,water_level,12110208
8860415,2023-08-17,41.37,-6.37,Texas Water Development Board,water_level,12110208
8860415,2023-08-18,43.26,-8.26,Texas Water Development Board,water_level,12110208
8860415,2023-08-19,45.03,-10.03,Texas Water Development Board,water_level,12110208
8860415,2023-08-20,46.04,-11.04,Texas Water Development Board,water_level,12110208
8860415,2023-08-21,42.15,-7.15,Texas Water Development Board,water_level,12110208
8860415,2023-08-22,43.62,-8.62,Texas Water Development Board,water_level,12110208
8860415,2023-08-23,43.91,-8.91,Texas Water Development Board,water_level,12110208
8860415,2023-08-24,44.04,-9.04,Texas Water Development Board,water_level,12110208
8860415,2023-08-25,42.74,-7.74,Texas Water Development Board,water_level,12110208
8860415,2023-08-26,42.24,-7.24,Texas Water Development Board,water_level,12110208
8860415,2023-08-27,44.16,-9.16,Texas Water Development Board,water_level,12110208
8860415,2023-08-28,45.3,-10.3,Texas Water Development Board,water_level,12110208
8860415,2023-08-29,44.83,-9.83,Texas Water Development Board,water_level,12110208
8860415,2023-08-30,44.68,-9.68,Texas Water Development Board,water_level,12110208
8860415,2023-08-31,43.94,-8.94,Texas Water Development Board,water_level,12110208
8860415,2023-09-01,44.33,-9.33,Texas Water Development Board,water_level,12110208
8860415,2023-09-02,45.39,-10.39,Texas Water Development Board,water_level,12110208
8860415,2023-09-03,44.78,-9.78,Texas Water Development Board,water_level,12110208
8860415,2023-09-04,44.85,-9.85,Texas Water Development Board,water_level,12110208
8860415,2023-09-05,46.11,-11.11,Texas Water Development Board,water_level,12110208
8860415,2023-09-06,46.48,-11.48,Texas Water Development Board,water_level,12110208
8860415,2023-09-07,46.67,-11.67,Texas Water Development Board,water_level,12110208
8860415,2023-09-08,46.03,-11.03,Texas Water Development Board,water_level,12110208
8860415,2023-09-09,42.64,-7.64,Texas Water Development Board,water_level,12110208
8860415,2023-09-10,42.27,-7.27,Texas Water Development Board,water_level,12110208
8860415,2023-09-11,44.87,-9.87,Texas Water Development Board,water_level,12110208
8860415,2023-09-12,45.71,-10.71,Texas Water Development Board,water_level,12110208
8860415,2023-09-13,45.05,-10.05,Texas Water Development Board,water_level,12110208
8860415,2023-09-14,45.68,-10.68,Texas Water Development Board,water_level,12110208
8860415,2023-09-15,46.1,-11.1,Texas Water Development Board,water_level,12110208
8860415,2023-09-16,46.47,-11.47,Texas Water Development Board,water_level,12110208
8860415,2023-09-17,46.68,-11.68,Texas Water Development Board,water_level,12110208
8860415,2023-09-18,47.02,-12.02,Texas Water Development Board,water_level,12110208
8860415,2023-09-19,47.46,-12.46,Texas Water Development Board,water_level,12110208
8860415,2023-09-20,47.78,-12.78,Texas Water Development Board,water_level,12110208
8860415,2023-09-21,46.6,-11.6,Texas Water Development Board,water_level,12110208
8860415,2023-09-22,47.36,-12.36,Texas Water Development Board,water_level,12110208
8860415,2023-09-23,47.85,-12.85,Texas Water Development Board,water_level,12110208
8860415,2023-09-24,47.99,-12.99,Texas Water Development Board,water_level,12110208
8860415,2023-09-25,47.39,-12.39,Texas Water Development Board,water_level,12110208
8860415,2023-09-26,47.57,-12.57,Texas Water Development Board,water_level,12110208
8860415,2023-09-27,47.98,-12.98,Texas Water Development Board,water_level,12110208
8860415,2023-09-28,44.51,-9.51,Texas Water Development Board,water_level,12110208
8860415,2023-09-29,46.1,-11.1,Texas Water Development Board,water_level,12110208
8860415,2023-09-30,47.56,-12.56,Texas Water Development Board,water_level,12110208
8860415,2023-10-01,48,-13,Texas Water Development Board,water_level,12110208
8860415,2023-10-02,46.04,-11.04,Texas Water Development Board,water_level,12110208
8860415,2023-10-03,46.29,-11.29,Texas Water Development Board,water_level,12110208
8860415,2023-10-04,45.14,-10.14,Texas Water Development Board,water_level,12110208
8860415,2023-10-05,45.41,-10.41,Texas Water Development Board,water_level,12110208
8860415,2023-10-06,44.4,-9.4,Texas Water Development Board,water_level,12110208
8860415,2023-10-07,44.21,-9.21,Texas Water Development Board,water_level,12110208
8860415,2023-10-08,44.07,-9.07,Texas Water Development Board,water_level,12110208
8860415,2023-10-09,44.02,-9.02,Texas Water Development Board,water_level,12110208
8860415,2023-10-10,45.38,-10.38,Texas Water Development Board,water_level,12110208
8860415,2023-10-11,44.44,-9.44,Texas Water Development Board,water_level,12110208
8860415,2023-10-12,44.41,-9.41,Texas Water Development Board,water_level,12110208
8860415,2023-10-13,37.76,-2.76,Texas Water Development Board,water_level,12110208
8860415,2023-10-14,35.22,-0.22,Texas Water Development Board,water_level,12110208
8860415,2023-10-15,39.83,-4.83,Texas Water Development Board,water_level,12110208
8860415,2023-10-16,41.71,-6.71,Texas Water Development Board,water_level,12110208
8860415,2023-10-17,42.25,-7.25,Texas Water Development Board,water_level,12110208
8860415,2023-10-18,42.75,-7.75,Texas Water Development Board,water_level,12110208
8860415,2023-10-19,42.64,-7.64,Texas Water Development Board,water_level,12110208
8860415,2023-10-20,42.67,-7.67,Texas Water Development Board,water_level,12110208
8860415,2023-10-21,42.94,-7.94,Texas Water Development Board,water_level,12110208
8860415,2023-10-22,43.15,-8.15,Texas Water Development Board,water_level,12110208
8860415,2023-10-23,43.23,-8.23,Texas Water Development Board,water_level,12110208
8860415,2023-10-24,41.95,-6.95,Texas Water Development Board,water_level,12110208
8860415,2023-10-25,38.31,-3.31,Texas Water Development Board,water_level,12110208
8860415,2023-10-26,40.97,-5.97,Texas Water Development Board,water_level,12110208
8860415,2023-10-27,43.16,-8.16,Texas Water Development Board,water_level,12110208
8860415,2023-10-28,43.99,-8.99,Texas Water Development Board,water_level,12110208
8860415,2023-10-29,44.29,-9.29,Texas Water Development Board,water_level,12110208
8860415,2023-10-30,43.53,-8.53,Texas Water Development Board,water_level,12110208
8860415,2023-10-31,44.29,-9.29,Texas Water Development Board,water_level,12110208
8860415,2023-11-01,44.85,-9.85,Texas Water Development Board,water_level,12110208
8860415,2023-11-02,45.09,-10.09,Texas Water Development Board,water_level,12110208
8860415,2023-11-03,45.25,-10.25,Texas Water Development Board,water_level,12110208
8860415,2023-11-04,45.46,-10.46,Texas Water Development Board,water_level,12110208
8860415,2023-11-05,45.6,-10.6,Texas Water Development Board,water_level,12110208
8860415,2023-11-06,45.64,-10.64,Texas Water Development Board,water_level,12110208
8860415,2023-11-07,45.63,-10.63,Texas Water Development Board,water_level,12110208
8860415,2023-11-08,45.77,-10.77,Texas Water Development Board,water_level,12110208
8860415,2023-11-09,45.76,-10.76,Texas Water Development Board,water_level,12110208
8860415,2023-11-10,45.88,-10.88,Texas Water Development Board,water_level,12110208
8860415,2023-11-11,45.85,-10.85,Texas Water Development Board,water_level,12110208
8860415,2023-11-12,45.75,-10.75,Texas Water Development Board,water_level,12110208
8860415,2023-11-13,45.71,-10.71,Texas Water Development Board,water_level,12110208
8860415,2023-11-14,45.8,-10.8,Texas Water Development Board,water_level,12110208
8860415,2023-11-15,45.79,-10.79,Texas Water Development Board,water_level,12110208
8860415,2023-11-16,45.76,-10.76,Texas Water Development Board,water_level,12110208
8860415,2023-11-17,45.91,-10.91,Texas Water Development Board,water_level,12110208
8860415,2023-11-18,45.91,-10.91,Texas Water Development Board,water_level,12110208
8860415,2023-11-19,45.66,-10.66,Texas Water Development Board,water_level,12110208
8860415,2023-11-20,43.63,-8.63,Texas Water Development Board,water_level,12110208
8860415,2023-11-21,44.03,-9.03,Texas Water Development Board,water_level,12110208
8860415,2023-11-22,45.55,-10.55,Texas Water Development Board,water_level,12110208
8860415,2023-11-23,45.8,-10.8,Texas Water Development Board,water_level,12110208
8860415,2023-11-25,46.02,-11.02,Texas Water Development Board,water_level,12110208
8860415,2023-12-06,45.21,-10.21,Texas Water Development Board,water_level,12110208
8860415,2023-12-30,45.97,-10.97,Texas Water Development Board,water_level,12110208
8860415,2024-01-04,46.19,-11.19,Texas Water Development Board,water_level,12110208
8860415,2024-01-05,44.67,-9.67,Texas Water Development Board,water_level,12110208
8860415,2024-01-06,44.83,-9.83,Texas Water Development Board,water_level,12110208
8860415,2024-01-07,45.37,-10.37,Texas Water Development Board,water_level,12110208
8860415,2024-01-08,45.16,-10.16,Texas Water Development Board,water_level,12110208
8860415,2024-01-09,45.68,-10.68,Texas Water Development Board,water_level,12110208
8860415,2024-01-10,46.18,-11.18,Texas Water Development Board,water_level,12110208
8860415,2024-01-11,44.96,-9.96,Texas Water Development Board,water_level,12110208
8860415,2024-01-12,44.3,-9.3,Texas Water Development Board,water_level,12110208
8860415,2024-01-13,44.2,-9.2,Texas Water Development Board,water_level,12110208
8860415,2024-01-14,43.99,-8.99,Texas Water Development Board,water_level,12110208
8860415,2024-01-15,44.04,-9.04,Texas Water Development Board,water_level,12110208
8860415,2024-01-16,43.99,-8.99,Texas Water Development Board,water_level,12110208
8860415,2024-01-17,43.98,-8.98,Texas Water Development Board,water_level,12110208
8860415,2024-01-18,43.77,-8.77,Texas Water Development Board,water_level,12110208
8860415,2024-01-19,43.73,-8.73,Texas Water Development Board,water_level,12110208
8860415,2024-01-20,44.34,-9.34,Texas Water Development Board,water_level,12110208
8860415,2024-01-21,42.5,-7.5,Texas Water Development Board,water_level,12110208
8860415,2024-01-22,41.84,-6.84,Texas Water Development Board,water_level,12110208
8860415,2024-01-23,42.86,-7.86,Texas Water Development Board,water_level,12110208
8860415,2024-01-24,43.5,-8.5,Texas Water Development Board,water_level,12110208
8860415,2024-01-25,42.45,-7.45,Texas Water Development Board,water_level,12110208
8860415,2024-01-26,42.64,-7.64,Texas Water Development Board,water_level,12110208
8860415,2024-01-27,43.15,-8.15,Texas Water Development Board,water_level,12110208
8860415,2024-01-28,43.67,-8.67,Texas Water Development Board,water_level,12110208
8860415,2024-01-29,43.78,-8.78,Texas Water Development Board,water_level,12110208
8860415,2024-01-30,43.35,-8.35,Texas Water Development Board,water_level,12110208
8860415,2024-01-31,42.16,-7.16,Texas Water Development Board,water_level,12110208
8860415,2024-02-01,,,Texas Water Development Board,water_level,12110208
8860415,2024-02-02,42.35,-7.35,Texas Water Development Board,water_level,12110208
8860415,2024-02-03,43.6,-8.6,Texas Water Development Board,water_level,12110208
8860415,2024-02-04,44.2,-9.2,Texas Water Development Board,water_level,12110208
8860415,2024-02-05,43.84,-8.84,Texas Water Development Board,water_level,12110208
8860415,2024-02-06,43.77,-8.77,Texas Water Development Board,water_level,12110208
8860415,2024-02-07,43.81,-8.81,Texas Water Development Board,water_level,12110208
8860415,2024-02-08,43.68,-8.68,Texas Water Development Board,water_level,12110208
8860415,2024-02-09,44.02,-9.02,Texas Water Development Board,water_level,12110208
8860415,2024-02-10,44.49,-9.49,Texas Water Development Board,water_level,12110208
8860415,2024-02-11,45.18,-10.18,Texas Water Development Board,water_level,12110208
8860415,2024-02-12,45.24,-10.24,Texas Water Development Board,water_level,12110208
8860415,2024-02-13,45.53,-10.53,Texas Water Development Board,water_level,12110208
8860415,2024-02-14,45.31,-10.31,Texas Water Development Board,water_level,12110208
8860415,2024-02-15,45.22,-10.22,Texas Water Development Board,water_level,12110208
8860415,2024-02-16,44.91,-9.91,Texas Water Development Board,water_level,12110208
8860415,2024-02-17,44.15,-9.15,Texas Water Development Board,water_level,12110208
8860415,2024-02-18,43.91,-8.91,Texas Water Development Board,water_level,12110208
8860415,2024-02-19,44.28,-9.28,Texas Water Development Board,water_level,12110208
8860415,2024-02-20,45.36,-10.36,Texas Water Development Board,water_level,12110208
8860415,2024-02-21,45.1,-10.1,Texas Water Development Board,water_level,12110208
8860415,2024-02-22,45.4,-10.4,Texas Water Development Board,water_level,12110208
8860415,2024-02-23,43.41,-8.41,Texas Water Development Board,water_level,12110208
8860415,2024-02-24,44.37,-9.37,Texas Water Development Board,water_level,12110208
8860415,2024-02-25,45.32,-10.32,Texas Water Development Board,water_level,12110208
8860415,2024-02-26,45.3,-10.3,Texas Water Development Board,water_level,12110208
8860415,2024-02-27,45.72,-10.72,Texas Water Development Board,water_level,12110208
8860415,2024-02-28,44.52,-9.52,Texas Water Development Board,water_level,12110208
8860415,2024-02-29,46.01,-11.01,Texas Water Development Board,water_level,12110208
8860415,2024-03-01,46.3,-11.3,Texas Water Development Board,water_level,12110208
8860415,2024-03-02,47.17,-12.17,Texas Water Development Board,water_level,12110208
8860415,2024-03-03,47.66,-12.66,Texas Water Development Board,water_level,12110208
8860415,2024-03-04,47.67,-12.67,Texas Water Development Board,water_level,12110208
8860415,2024-03-05,47.92,-12.92,Texas Water Development Board,water_level,12110208
8860415,2024-03-06,48.25,-13.25,Texas Water Development Board,water_level,12110208
8860415,2024-03-07,48.99,-13.99,Texas Water Development Board,water_level,12110208
8860415,2024-03-08,51.34,-16.34,Texas Water Development Board,water_level,12110208
8860415,2024-03-09,52.2,-17.2,Texas Water Development Board,water_level,12110208
8860415,2024-03-10,52.26,-17.26,Texas Water Development Board,water_level,12110208
8860415,2024-03-11,52.58,-17.58,Texas Water Development Board,water_level,12110208
8860415,2024-03-12,52.81,-17.81,Texas Water Development Board,water_level,12110208
8860415,2024-03-13,52.72,-17.72,Texas Water Development Board,water_level,12110208
8860415,2024-03-14,52.76,-17.76,Texas Water Development Board,water_level,12110208
8860415,2024-03-15,52.58,-17.58,Texas Water Development Board,water_level,12110208
8860415,2024-03-16,53.2,-18.2,Texas Water Development Board,water_level,12110208
8860415,2024-03-17,54.57,-19.57,Texas Water Development Board,water_level,12110208
8860415,2024-03-18,54.5,-19.5,Texas Water Development Board,water_level,12110208
8860415,2024-03-19,54.98,-19.98,Texas Water Development Board,water_level,12110208
8860415,2024-03-20,55.41,-20.41,Texas Water Development Board,water_level,12110208
8860415,2024-03-21,55.46,-20.46,Texas Water Development Board,water_level,12110208
8860415,2024-03-22,55.46,-20.46,Texas Water Development Board,water_level,12110208
8860415,2024-03-23,55.47,-20.47,Texas Water Development Board,water_level,12110208
8860415,2024-03-24,55.6,-20.6,Texas Water Development Board,water_level,12110208
8860415,2024-03-25,55.78,-20.78,Texas Water Development Board,water_level,12110208
8860415,2024-03-26,56.22,-21.22,Texas Water Development Board,water_level,12110208
8860415,2024-03-27,56.22,-21.22,Texas Water Development Board,water_level,12110208
8860415,2024-03-28,56.1,-21.1,Texas Water Development Board,water_level,12110208
8860415,2024-03-29,55.88,-20.88,Texas Water Development Board,water_level,12110208
8860415,2024-03-30,55.92,-20.92,Texas Water Development Board,water_level,12110208
8860415,2024-05-22,47.04,-12.04,Texas Water Development Board,water_level,12110208
8860415,2024-05-23,47.51,-12.51,Texas Water Development Board,water_level,12110208
8860415,2024-05-24,47.07,-12.07,Texas Water Development Board,water_level,12110208
8860415,2024-05-25,47.93,-12.93,Texas Water Development Board,water_level,12110208
8860415,2024-05-26,48.27,-13.27,Texas Water Development Board,water_level,12110208
8860415,2024-05-27,45.36,-10.36,Texas Water Development Board,water_level,12110208
8860415,2024-05-28,45.12,-10.12,Texas Water Development Board,water_level,12110208
8860415,2024-05-29,47.58,-12.58,Texas Water Development Board,water_level,12110208
8860415,2024-05-30,47.51,-12.51,Texas Water Development Board,water_level,12110208
8860415,2024-05-31,46.83,-11.83,Texas Water Development Board,water_level,12110208
8860415,2024-06-01,46.67,-11.67,Texas Water Development Board,water_level,12110208
8860415,2024-06-02,46.57,-11.57,Texas Water Development Board,water_level,12110208
8860415,2024-06-03,45.99,-10.99,Texas Water Development Board,water_level,12110208
8860415,2024-06-04,45.55,-10.55,Texas Water Development Board,water_level,12110208
8860415,2024-06-05,45.69,-10.69,Texas Water Development Board,water_level,12110208
8860415,2024-06-06,46.47,-11.47,Texas Water Development Board,water_level,12110208
8860415,2024-06-07,46.27,-11.27,Texas Water Development Board,water_level,12110208
8860415,2024-06-08,46.72,-11.72,Texas Water Development Board,water_level,12110208
8860415,2024-06-09,46.73,-11.73,Texas Water Development Board,water_level,12110208
8860415,2024-06-10,44.47,-9.47,Texas Water Development Board,water_level,12110208
8860415,2024-06-11,44.63,-9.63,Texas Water Development Board,water_level,12110208
8860415,2024-06-12,45.77,-10.77,Texas Water Development Board,water_level,12110208
8860415,2024-06-13,46.14,-11.14,Texas Water Development Board,water_level,12110208
8860415,2024-06-14,46.46,-11.46,Texas Water Development Board,water_level,12110208
8860415,2024-06-15,46.52,-11.52,Texas Water Development Board,water_level,12110208
8860415,2024-06-16,46.5,-11.5,Texas Water Development Board,water_level,12110208
8860415,2024-06-17,46.51,-11.51,Texas Water Development Board,water_level,12110208
8860415,2024-06-18,46.6,-11.6,Texas Water Development Board,water_level,12110208
8860415,2024-06-19,45.25,-10.25,Texas Water Development Board,water_level,12110208
8860415,2024-06-20,44.88,-9.88,Texas Water Development Board,water_level,12110208
8860415,2024-06-21,45.44,-10.44,Texas Water Development Board,water_level,12110208
8860415,2024-06-22,45.99,-10.99,Texas Water Development Board,water_level,12110208
8860415,2024-06-23,45.96,-10.96,Texas Water Development Board,water_level,12110208
8860415,2024-06-24,45.91,-10.91,Texas Water Development Board,water_level,12110208
8860415,2024-06-25,45.99,-10.99,Texas Water Development Board,water_level,12110208
8860415,2024-06-26,42.61,-7.61,Texas Water Development Board,water_level,12110208
8860415,2024-06-27,44.04,-9.04,Texas Water Development Board,water_level,12110208
8860415,2024-06-28,43.74,-8.74,Texas Water Development Board,water_level,12110208
8860415,2024-06-29,44.32,-9.32,Texas Water Development Board,water_level,12110208
8860415,2024-06-30,44.59,-9.59,Texas Water Development Board,water_level,12110208
8860415,2024-07-01,44.85,-9.85,Texas Water Development Board,water_level,12110208
8860415,2024-07-02,44.95,-9.95,Texas Water Development Board,water_level,12110208
8860415,2024-07-03,44.98,-9.98,Texas Water Development Board,water_level,12110208
8860415,2024-07-04,45.27,-10.27,Texas Water Development Board,water_level,12110208
8860415,2024-07-05,44.74,-9.74,Texas Water Development Board,water_level,12110208
8860415,2024-07-06,44.95,-9.95,Texas Water Development Board,water_level,12110208
8860415,2024-07-07,44.81,-9.81,Texas Water Development Board,water_level,12110208
8860415,2024-07-08,45.23,-10.23,Texas Water Development Board,water_level,12110208
8860415,2024-07-09,43.19,-8.19,Texas Water Development Board,water_level,12110208
8860415,2024-07-10,43.27,-8.27,Texas Water Development Board,water_level,12110208
8860415,2024-07-11,44.48,-9.48,Texas Water Development Board,water_level,12110208
8860415,2024-07-12,45.15,-10.15,Texas Water Development Board,water_level,12110208
8860415,2024-07-13,45.38,-10.38,Texas Water Development Board,water_level,12110208
8860415,2024-07-14,45.41,-10.41,Texas Water Development Board,water_level,12110208
8860415,2024-07-15,45.41,-10.41,Texas Water Development Board,water_level,12110208
8860415,2024-07-16,45.41,-10.41,Texas Water Development Board,water_level,12110208
8860415,2024-07-17,45.39,-10.39,Texas Water Development Board,water_level,12110208
8860415,2024-07-18,45.13,-10.13,Texas Water Development Board,water_level,12110208
8860415,2024-07-19,43.86,-8.86,Texas Water Development Board,water_level,12110208
8860415,2024-07-20,42.66,-7.66,Texas Water Development Board,water_level,12110208
8860415,2024-07-21,42.99,-7.99,Texas Water Development Board,water_level,12110208
8860415,2024-07-22,44.31,-9.31,Texas Water Development Board,water_level,12110208
8860415,2024-07-23,45.41,-10.41,Texas Water Development Board,water_level,12110208
8860415,2024-07-24,44.4,-9.4,Texas Water Development Board,water_level,12110208
8860415,2024-07-25,44.04,-9.04,Texas Water Development Board,water_level,12110208
8860415,2024-07-26,43.94,-8.94,Texas Water Development Board,water_level,12110208
8860415,2024-07-27,43.38,-8.38,Texas Water Development Board,water_level,12110208
8860415,2024-07-28,43.23,-8.23,Texas Water Development Board,water_level,12110208
8860415,2024-07-29,41.95,-6.95,Texas Water Development Board,water_level,12110208
8860415,2024-07-30,41.56,-6.56,Texas Water Development Board,water_level,12110208
8860415,2024-07-31,41.69,-6.69,Texas Water Development Board,water_level,12110208
8860415,2024-08-01,43.56,-8.56,Texas Water Development Board,water_level,12110208
8860415,2024-08-02,44.19,-9.19,Texas Water Development Board,water_level,12110208
8860415,2024-08-03,44.23,-9.23,Texas Water Development Board,water_level,12110208
8860415,2024-08-04,44.52,-9.52,Texas Water Development Board,water_level,12110208
8860415,2024-08-05,44.17,-9.17,Texas Water Development Board,water_level,12110208
8860415,2024-08-06,44.19,-9.19,Texas Water Development Board,water_level,12110208
8860415,2024-08-07,44.42,-9.42,Texas Water Development Board,water_level,12110208
8860415,2024-08-08,44.16,-9.16,Texas Water Development Board,water_level,12110208
8860415,2024-08-09,44.65,-9.65,Texas Water Development Board,water_level,12110208
8860415,2024-08-10,45.43,-10.43,Texas Water Development Board,water_level,12110208
8860415,2024-08-11,44.86,-9.86,Texas Water Development Board,water_level,12110208
8860415,2024-08-12,45.12,-10.12,Texas Water Development Board,water_level,12110208
8860415,2024-08-13,45.14,-10.14,Texas Water Development Board,water_level,12110208
8860415,2024-08-14,45.22,-10.22,Texas Water Development Board,water_level,12110208
8860415,2024-08-15,43.37,-8.37,Texas Water Development Board,water_level,12110208
8860415,2024-08-16,44.18,-9.18,Texas Water Development Board,water_level,12110208
8860415,2024-08-17,45.51,-10.51,Texas Water Development Board,water_level,12110208
8860415,2024-08-18,44.97,-9.97,Texas Water Development Board,water_level,12110208
8860415,2024-08-19,45.49,-10.49,Texas Water Development Board,water_level,12110208
8860415,2024-08-20,45.89,-10.89,Texas Water Development Board,water_level,12110208
8860415,2024-08-21,44.65,-9.65,Texas Water Development Board,water_level,12110208
8860415,2024-08-22,45.12,-10.12,Texas Water Development Board,water_level,12110208
8860415,2024-08-23,45.12,-10.12,Texas Water Development Board,water_level,12110208
8860415,2024-08-24,45.14,-10.14,Texas Water Development Board,water_level,12110208
8860415,2024-08-25,43.8,-8.8,Texas Water Development Board,water_level,12110208
8860415,2024-08-26,44.45,-9.45,Texas Water Development Board,water_level,12110208
8860415,2024-08-27,45,-10,Texas Water Development Board,water_level,12110208
8860415,2024-08-28,44.85,-9.85,Texas Water Development Board,water_level,12110208
8860415,2024-08-29,44.86,-9.86,Texas Water Development Board,water_level,12110208
8860415,2024-08-30,44.95,-9.95,Texas Water Development Board,water_level,12110208
8860415,2024-08-31,45.17,-10.17,Texas Water Development Board,water_level,12110208
8860415,2024-09-01,45.8,-10.8,Texas Water Development Board,water_level,12110208
8860415,2024-09-02,44.71,-9.71,Texas Water Development Board,water_level,12110208
8860415,2024-09-03,43.42,-8.42,Texas Water Development Board,water_level,12110208
8860415,2024-09-04,43.8,-8.8,Texas Water Development Board,water_level,12110208
8860415,2024-09-05,40.5,-5.5,Texas Water Development Board,water_level,12110208
8860415,2024-09-06,42.23,-7.23,Texas Water Development Board,water_level,12110208
8860415,2024-09-07,43.78,-8.78,Texas Water Development Board,water_level,12110208
8860415,2024-09-08,40.61,-5.61,Texas Water Development Board,water_level,12110208
8860415,2024-09-09,40.23,-5.23,Texas Water Development Board,water_level,12110208
8860415,2024-09-10,40.6,-5.6,Texas Water Development Board,water_level,12110208
8860415,2024-09-11,42.66,-7.66,Texas Water Development Board,water_level,12110208
8860415,2024-09-12,43.69,-8.69,Texas Water Development Board,water_level,12110208
8860415,2024-09-13,43.99,-8.99,Texas Water Development Board,water_level,12110208
8860415,2024-09-14,43.99,-8.99,Texas Water Development Board,water_level,12110208
8860415,2024-09-15,42.63,-7.63,Texas Water Development Board,water_level,12110208
8860415,2024-09-16,43.49,-8.49,Texas Water Development Board,water_level,12110208
8860415,2024-09-17,43.47,-8.47,Texas Water Development Board,water_level,12110208
8860415,2024-09-18,43.53,-8.53,Texas Water Development Board,water_level,12110208
8860415,2024-09-19,43.77,-8.77,Texas Water Development Board,water_level,12110208
8860415,2024-09-20,43.65,-8.65,Texas Water Development Board,water_level,12110208
8860415,2024-09-21,43.36,-8.36,Texas Water Development Board,water_level,12110208
8860415,2024-09-22,43.28,-8.28,Texas Water Development Board,water_level,12110208
8860415,2024-09-23,43.16,-8.16,Texas Water Development Board,water_level,12110208
8860415,2024-09-24,43.07,-8.07,Texas Water Development Board,water_level,12110208
8860415,2024-09-25,42.48,-7.48,Texas Water Development Board,water_level,12110208
8860415,2024-09-26,42.04,-7.04,Texas Water Development Board,water_level,12110208
8860415,2024-09-27,42.99,-7.99,Texas Water Development Board,water_level,12110208
8860415,2024-09-28,42.33,-7.33,Texas Water Development Board,water_level,12110208
8860415,2024-09-29,42.34,-7.34,Texas Water Development Board,water_level,12110208
8860415,2024-09-30,43.22,-8.22,Texas Water Development Board,water_level,12110208
8860415,2024-10-01,43.34,-8.34,Texas Water Development Board,water_level,12110208
8860415,2024-10-02,40.75,-5.75,Texas Water Development Board,water_level,12110208
8860415,2024-10-03,41.7,-6.7,Texas Water Development Board,water_level,12110208
8860415,2024-10-04,42.37,-7.37,Texas Water Development Board,water_level,12110208
8860415,2024-10-05,42.87,-7.87,Texas Water Development Board,water_level,12110208
8860415,2024-10-06,43.31,-8.31,Texas Water Development Board,water_level,12110208
8860415,2024-10-07,43.54,-8.54,Texas Water Development Board,water_level,12110208
8860415,2024-10-08,43.2,-8.2,Texas Water Development Board,water_level,12110208
8860415,2024-10-09,42.97,-7.97,Texas Water Development Board,water_level,12110208
8860415,2024-10-10,42.32,-7.32,Texas Water Development Board,water_level,12110208
8860415,2024-10-11,42.24,-7.24,Texas Water Development Board,water_level,12110208
8860415,2024-10-12,41.76,-6.76,Texas Water Development Board,water_level,12110208
8860415,2024-10-13,42.35,-7.35,Texas Water Development Board,water_level,12110208
8860415,2024-10-14,43.23,-8.23,Texas Water Development Board,water_level,12110208
8860415,2024-10-15,41.71,-6.71,Texas Water Development Board,water_level,12110208
8860415,2024-10-16,41.97,-6.97,Texas Water Development Board,water_level,12110208
8860415,2024-10-17,41.96,-6.96,Texas Water Development Board,water_level,12110208
8860415,2024-10-18,41.07,-6.07,Texas Water Development Board,water_level,12110208
8860415,2024-10-19,41.7,-6.7,Texas Water Development Board,water_level,12110208
8860415,2024-10-20,43.07,-8.07,Texas Water Development Board,water_level,12110208
8860415,2024-10-21,43.27,-8.27,Texas Water Development Board,water_level,12110208
8860415,2024-10-22,43.32,-8.32,Texas Water Development Board,water_level,12110208
8860415,2024-10-23,43.36,-8.36,Texas Water Development Board,water_level,12110208
8860415,2024-10-24,44.23,-9.23,Texas Water Development Board,water_level,12110208
8860415,2024-10-25,44.18,-9.18,Texas Water Development Board,water_level,12110208
8860415,2024-10-26,44.24,-9.24,Texas Water Development Board,water_level,12110208
8860415,2024-10-27,44.2,-9.2,Texas Water Development Board,water_level,12110208
8860415,2024-10-28,43.93,-8.93,Texas Water Development Board,water_level,12110208
8860415,2024-10-29,41.77,-6.77,Texas Water Development Board,water_level,12110208
8860415,2024-10-30,40.76,-5.76,Texas Water Development Board,water_level,12110208
8860415,2024-10-31,40.74,-5.74,Texas Water Development Board,water_level,12110208
8860415,2024-11-01,42.18,-7.18,Texas Water Development Board,water_level,12110208
8860415,2024-11-02,42.62,-7.62,Texas Water Development Board,water_level,12110208
8860415,2024-11-03,42.58,-7.58,Texas Water Development Board,water_level,12110208
8860415,2024-11-04,42.27,-7.27,Texas Water Development Board,water_level,12110208
8860415,2024-11-05,41.21,-6.21,Texas Water Development Board,water_level,12110208
8860415,2024-11-06,41.12,-6.12,Texas Water Development Board,water_level,12110208
8860415,2024-11-07,41.26,-6.26,Texas Water Development Board,water_level,12110208
8860415,2024-11-08,43.03,-8.03,Texas Water Development Board,water_level,12110208
8860415,2024-11-09,41.8,-6.8,Texas Water Development Board,water_level,12110208
8860415,2024-11-10,42.06,-7.06,Texas Water Development Board,water_level,12110208
8860415,2024-11-11,42.8,-7.8,Texas Water Development Board,water_level,12110208
8860415,2024-11-12,43.21,-8.21,Texas Water Development Board,water_level,12110208
8860415,2024-11-13,43.42,-8.42,Texas Water Development Board,water_level,12110208
8860415,2024-11-14,43.27,-8.27,Texas Water Development Board,water_level,12110208
8860415,2024-11-15,43.34,-8.34,Texas Water Development Board,water_level,12110208
8860415,2024-11-16,41.88,-6.88,Texas Water Development Board,water_level,12110208
8860415,2024-11-17,41.93,-6.93,Texas Water Development Board,water_level,12110208
8860415,2024-11-18,40.36,-5.36,Texas Water Development Board,water_level,12110208
8860415,2024-11-19,40.53,-5.53,Texas Water Development Board,water_level,12110208
8860415,2024-11-20,41.66,-6.66,Texas Water Development Board,water_level,12110208
8860415,2024-11-21,41.1,-6.1,Texas Water Development Board,water_level,12110208
8860415,2024-11-22,40.89,-5.89,Texas Water Development Board,water_level,12110208
8860415,2024-11-23,42.43,-7.43,Texas Water Development Board,water_level,12110208
8860415,2024-11-24,41.99,-6.99,Texas Water Development Board,water_level,12110208
8860415,2024-11-25,41.7,-6.7,Texas Water Development Board,water_level,12110208
8860415,2024-11-26,41.53,-6.53,Texas Water Development Board,water_level,12110208
8860415,2024-11-27,40.32,-5.32,Texas Water Development Board,water_level,12110208
8860415,2024-11-28,40.39,-5.39,Texas Water Development Board,water_level,12110208
8860415,2024-11-29,40.8,-5.8,Texas Water Development Board,water_level,12110208
8860415,2024-11-30,41.23,-6.23,Texas Water Development Board,water_level,12110208
8860415,2024-12-01,42.11,-7.11,Texas Water Development Board,water_level,12110208
8860415,2024-12-02,41.64,-6.64,Texas Water Development Board,water_level,12110208
8860415,2024-12-03,40.59,-5.59,Texas Water Development Board,water_level,12110208
8860415,2024-12-04,41.65,-6.65,Texas Water Development Board,water_level,12110208
8860415,2024-12-05,42.14,-7.14,Texas Water Development Board,water_level,12110208
8860415,2024-12-06,42.31,-7.31,Texas Water Development Board,water_level,12110208
8860415,2024-12-07,41.22,-6.22,Texas Water Development Board,water_level,12110208
8860415,2024-12-08,41.04,-6.04,Texas Water Development Board,water_level,12110208
8860415,2024-12-09,41.14,-6.14,Texas Water Development Board,water_level,12110208
8860415,2024-12-10,41.63,-6.63,Texas Water Development Board,water_level,12110208
8860415,2024-12-11,41.59,-6.59,Texas Water Development Board,water_level,12110208
8860415,2024-12-12,41.65,-6.65,Texas Water Development Board,water_level,12110208
8860415,2024-12-13,41.69,-6.69,Texas Water Development Board,water_level,12110208
8860415,2024-12-14,41.63,-6.63,Texas Water Development Board,water_level,12110208
8860415,2024-12-15,42.53,-7.53,Texas Water Development Board,water_level,12110208
8860415,2024-12-16,40.99,-5.99,Texas Water Development Board,water_level,12110208
8860415,2024-12-17,42.51,-7.51,Texas Water Development Board,water_level,12110208
8860415,2024-12-18,43.35,-8.35,Texas Water Development Board,water_level,12110208
8860415,2024-12-19,43.35,-8.35,Texas Water Development Board,water_level,12110208
8860415,2024-12-20,43.44,-8.44,Texas Water Development Board,water_level,12110208
8860415,2024-12-21,43.24,-8.24,Texas Water Development Board,water_level,12110208
8860415,2024-12-22,43.2,-8.2,Texas Water Development Board,water_level,12110208
8860415,2024-12-23,43.21,-8.21,Texas Water Development Board,water_level,12110208
8860415,2024-12-24,43.72,-8.72,Texas Water Development Board,water_level,12110208
8860415,2024-12-25,43.76,-8.76,Texas Water Development Board,water_level,12110208
8860415,2024-12-26,42.69,-7.69,Texas Water Development Board,water_level,12110208
8860415,2024-12-27,43.23,-8.23,Texas Water Development Board,water_level,12110208
8860415,2024-12-28,44.27,-9.27,Texas Water Development Board,water_level,12110208
8860415,2024-12-29,44.27,-9.27,Texas Water Development Board,water_level,12110208
8860415,2024-12-30,44.4,-9.4,Texas Water Development Board,water_level,12110208
8860415,2024-12-31,44.59,-9.59,Texas Water Development Board,water_level,12110208
8860415,2025-01-01,44.51,-9.51,Texas Water Development Board,water_level,12110208
8860415,2025-01-02,44.21,-9.21,Texas Water Development Board,water_level,12110208
8860415,2025-01-03,41.6,-6.6,Texas Water Development Board,water_level,12110208
8860415,2025-01-04,41.52,-6.52,Texas Water Development Board,water_level,12110208
8860415,2025-01-05,43.35,-8.35,Texas Water Development Board,water_level,12110208
8860415,2025-01-06,43.14,-8.14,Texas Water Development Board,water_level,12110208
8860415,2025-01-07,43.13,-8.13,Texas Water Development Board,water_level,12110208
8860415,2025-01-08,43.94,-8.94,Texas Water Development Board,water_level,12110208
8860415,2025-01-09,43.48,-8.48,Texas Water Development Board,water_level,12110208
8860415,2025-01-10,43.02,-8.02,Texas Water Development Board,water_level,12110208
8860415,2025-01-11,42.9,-7.9,Texas Water Development Board,water_level,12110208
8860415,2025-01-12,42.86,-7.86,Texas Water Development Board,water_level,12110208
8860415,2025-01-13,43.38,-8.38,Texas Water Development Board,water_level,12110208
8860415,2025-01-14,43.15,-8.15,Texas Water Development Board,water_level,12110208
8860415,2025-01-15,43.4,-8.4,Texas Water Development Board,water_level,12110208
8860415,2025-01-16,43.45,-8.45,Texas Water Development Board,water_level,12110208
8860415,2025-01-17,42.89,-7.89,Texas Water Development Board,water_level,12110208
8860415,2025-01-18,42.51,-7.51,Texas Water Development Board,water_level,12110208
8860415,2025-01-19,42.46,-7.46,Texas Water Development Board,water_level,12110208
8860415,2025-01-20,43.38,-8.38,Texas Water Development Board,water_level,12110208
8860415,2025-01-21,43.02,-8.02,Texas Water Development Board,water_level,12110208
8860415,2025-01-22,42.48,-7.48,Texas Water Development Board,water_level,12110208
8860415,2025-01-23,42.33,-7.33,Texas Water Development Board,water_level,12110208
8860415,2025-01-24,42.26,-7.26,Texas Water Development Board,water_level,12110208
8860415,2025-01-25,41.43,-6.43,Texas Water Development Board,water_level,12110208
8860415,2025-01-26,41.35,-6.35,Texas Water Development Board,water_level,12110208
8860415,2025-01-27,42.45,-7.45,Texas Water Development Board,water_level,12110208
8860415,2025-01-28,42.05,-7.05,Texas Water Development Board,water_level,12110208
8860415,2025-01-28,42.48,-7.48,Texas Water Development Board,water_level,12110208
8860415,2025-01-29,42.17,-7.17,Texas Water Development Board,water_level,12110208
8860415,2025-01-30,42.1,-7.1,Texas Water Development Board,water_level,12110208
8860415,2025-01-31,42.12,-7.12,Texas Water Development Board,water_level,12110208
8860415,2025-02-01,42.23,-7.23,Texas Water Development Board,water_level,12110208
8860415,2025-02-02,43.55,-8.55,Texas Water Development Board,water_level,12110208
8860415,2025-02-03,43.46,-8.46,Texas Water Development Board,water_level,12110208
8860415,2025-02-04,43.42,-8.42,Texas Water Development Board,water_level,12110208
8860415,2025-02-05,42.72,-7.72,Texas Water Development Board,water_level,12110208
8860415,2025-02-06,42.4,-7.4,Texas Water Development Board,water_level,12110208
8860415,2025-02-07,42.37,-7.37,Texas Water Development Board,water_level,12110208
8860415,2025-02-08,42.04,-7.04,Texas Water Development Board,water_level,12110208
8860415,2025-02-09,42.27,-7.27,Texas Water Development Board,water_level,12110208
8860415,2025-02-10,42.39,-7.39,Texas Water Development Board,water_level,12110208
8860415,2025-02-11,42.18,-7.18,Texas Water Development Board,water_level,12110208
8860415,2025-02-12,42.16,-7.16,Texas Water Development Board,water_level,12110208
8860415,2025-02-13,41.64,-6.64,Texas Water Development Board,water_level,12110208
8860415,2025-02-14,41.24,-6.24,Texas Water Development Board,water_level,12110208
8860415,2025-02-15,41.26,-6.26,Texas Water Development Board,water_level,12110208
8860415,2025-02-16,41.46,-6.46,Texas Water Development Board,water_level,12110208
8860415,2025-02-17,41.78,-6.78,Texas Water Development Board,water_level,12110208
8860415,2025-02-18,42.35,-7.35,Texas Water Development Board,water_level,12110208
8860415,2025-02-19,42.34,-7.34,Texas Water Development Board,water_level,12110208
8860415,2025-02-20,42.58,-7.58,Texas Water Development Board,water_level,12110208
8860415,2025-02-21,42.43,-7.43,Texas Water Development Board,water_level,12110208
8860415,2025-02-22,42.2,-7.2,Texas Water Development Board,water_level,12110208
8860415,2025-02-23,42.93,-7.93,Texas Water Development Board,water_level,12110208
8860415,2025-02-24,43.16,-8.16,Texas Water Development Board,water_level,12110208
8860415,2025-02-25,43.02,-8.02,Texas Water Development Board,water_level,12110208
8860415,2025-02-26,42.99,-7.99,Texas Water Development Board,water_level,12110208
8860415,2025-02-27,43.01,-8.01,Texas Water Development Board,water_level,12110208
8860415,2025-02-28,42.48,-7.48,Texas Water Development Board,water_level,12110208
8860415,2025-03-01,42.37,-7.37,Texas Water Development Board,water_level,12110208
8860415,2025-03-02,42.32,-7.32,Texas Water Development Board,water_level,12110208
8860415,2025-03-03,42.27,-7.27,Texas Water Development Board,water_level,12110208
8860415,2025-03-04,42.25,-7.25,Texas Water Development Board,water_level,12110208
8860415,2025-03-05,42.26,-7.26,Texas Water Development Board,water_level,12110208
8860415,2025-03-06,42.75,-7.75,Texas Water Development Board,water_level,12110208
8860415,2025-03-07,42.47,-7.47,Texas Water Development Board,water_level,12110208
8860415,2025-03-08,42.57,-7.57,Texas Water Development Board,water_level,12110208
8860415,2025-03-09,42.49,-7.49,Texas Water Development Board,water_level,12110208
8860415,2025-03-10,42.47,-7.47,Texas Water Development Board,water_level,12110208
8860415,2025-03-11,42.43,-7.43,Texas Water Development Board,water_level,12110208
8860415,2025-03-12,43.13,-8.13,Texas Water Development Board,water_level,12110208
8860415,2025-03-13,43.31,-8.31,Texas Water Development Board,water_level,12110208
8860415,2025-03-14,42.64,-7.64,Texas Water Development Board,water_level,12110208
8860415,2025-03-15,42.54,-7.54,Texas Water Development Board,water_level,12110208
8860415,2025-03-16,42.56,-7.56,Texas Water Development Board,water_level,12110208
8860415,2025-03-17,42.83,-7.83,Texas Water Development Board,water_level,12110208
8860415,2025-03-18,43.08,-8.08,Texas Water Development Board,water_level,12110208
8860415,2025-03-19,42.72,-7.72,Texas Water Development Board,water_level,12110208
8860415,2025-03-20,42.65,-7.65,Texas Water Development Board,water_level,12110208
8860415,2025-03-21,42.6,-7.6,Texas Water Development Board,water_level,12110208
8860415,2025-03-22,42.55,-7.55,Texas Water Development Board,water_level,12110208
8860415,2025-03-23,42.83,-7.83,Texas Water Development Board,water_level,12110208
8860415,2025-03-24,42.77,-7.77,Texas Water Development Board,water_level,12110208
8860415,2025-03-25,42.85,-7.85,Texas Water Development Board,water_level,12110208
8860415,2025-03-26,42.79,-7.79,Texas Water Development Board,water_level,12110208
8860415,2025-03-27,42.33,-7.33,Texas Water Development Board,water_level,12110208
8860415,2025-03-28,42.95,-7.95,Texas Water Development Board,water_level,12110208
8860415,2025-03-29,43.07,-8.07,Texas Water Development Board,water_level,12110208
8860415,2025-03-30,43.24,-8.24,Texas Water Development Board,water_level,12110208
8860415,2025-03-31,43.7,-8.7,Texas Water Development Board,water_level,12110208
8860415,2025-04-01,43.58,-8.58,Texas Water Development Board,water_level,12110208
8860415,2025-04-02,42.85,-7.85,Texas Water Development Board,water_level,12110208
8860415,2025-04-03,43.26,-8.26,Texas Water Development Board,water_level,12110208
8860415,2025-04-04,42.95,-7.95,Texas Water Development Board,water_level,12110208
8860415,2025-04-05,42.01,-7.01,Texas Water Development Board,water_level,12110208
8860415,2025-04-06,41.66,-6.66,Texas Water Development Board,water_level,12110208
8860415,2025-04-07,41.47,-6.47,Texas Water Development Board,water_level,12110208
8860415,2025-04-08,41.92,-6.92,Texas Water Development Board,water_level,12110208
8860415,2025-04-09,41.99,-6.99,Texas Water Development Board,water_level,12110208
8860415,2025-04-10,42.44,-7.44,Texas Water Development Board,water_level,12110208
8860415,2025-04-11,42.59,-7.59,Texas Water Development Board,water_level,12110208
8860415,2025-04-12,42.68,-7.68,Texas Water Development Board,water_level,12110208
8860415,2025-04-13,42.65,-7.65,Texas Water Development Board,water_level,12110208
8860415,2025-04-14,41.71,-6.71,Texas Water Development Board,water_level,12110208
8860415,2025-04-15,41.42,-6.42,Texas Water Development Board,water_level,12110208
8860415,2025-04-16,41.82,-6.82,Texas Water Development Board,water_level,12110208
8860415,2025-04-17,41.34,-6.34,Texas Water Development Board,water_level,12110208
8860415,2025-04-18,41.68,-6.68,Texas Water Development Board,water_level,12110208
8860415,2025-04-19,42.16,-7.16,Texas Water Development Board,water_level,12110208
8860415,2025-04-20,42.17,-7.17,Texas Water Development Board,water_level,12110208
8860415,2025-04-21,42.31,-7.31,Texas Water Development Board,water_level,12110208
8860415,2025-04-22,42.54,-7.54,Texas Water Development Board,water_level,12110208
8860415,2025-04-23,42.37,-7.37,Texas Water Development Board,water_level,12110208
8860415,2025-04-24,41.92,-6.92,Texas Water Development Board,water_level,12110208
8860415,2025-04-25,41.7,-6.7,Texas Water Development Board,water_level,12110208
8860415,2025-04-26,41.48,-6.48,Texas Water Development Board,water_level,12110208
8860415,2025-04-27,41.61,-6.61,Texas Water Development Board,water_level,12110208
8860415,2025-04-28,41.65,-6.65,Texas Water Development Board,water_level,12110208
8860415,2025-04-29,41.63,-6.63,Texas Water Development Board,water_level,12110208
8860415,2025-04-30,41.61,-6.61,Texas Water Development Board,water_level,12110208
8860415,2025-05-01,40.85,-5.85,Texas Water Development Board,water_level,12110208
8860415,2025-05-02,41.06,-6.06,Texas Water Development Board,water_level,12110208
8860415,2025-05-03,41.86,-6.86,Texas Water Development Board,water_level,12110208
8860415,2025-05-04,41.89,-6.89,Texas Water Development Board,water_level,12110208
8860415,2025-05-05,42.22,-7.22,Texas Water Development Board,water_level,12110208
8860415,2025-05-06,41.62,-6.62,Texas Water Development Board,water_level,12110208
8860415,2025-05-07,41.69,-6.69,Texas Water Development Board,water_level,12110208
8860415,2025-05-08,41.51,-6.51,Texas Water Development Board,water_level,12110208
8860415,2025-05-09,42.03,-7.03,Texas Water Development Board,water_level,12110208
8860415,2025-05-10,42,-7,Texas Water Development Board,water_level,12110208
8860415,2025-05-11,41.85,-6.85,Texas Water Development Board,water_level,12110208
8860415,2025-05-12,41.87,-6.87,Texas Water Development Board,water_level,12110208
8860415,2025-05-13,42.62,-7.62,Texas Water Development Board,water_level,12110208
8860415,2025-05-14,43.32,-8.32,Texas Water Development Board,water_level,12110208
8860415,2025-05-15,43.13,-8.13,Texas Water Development Board,water_level,12110208
8860415,2025-05-16,42.7,-7.7,Texas Water Development Board,water_level,12110208
8860415,2025-05-17,42.21,-7.21,Texas Water Development Board,water_level,12110208
8860415,2025-05-18,42.04,-7.04,Texas Water Development Board,water_level,12110208
8860415,2025-05-19,41.34,-6.34,Texas Water Development Board,water_level,12110208
8860415,2025-05-20,41.14,-6.14,Texas Water Development Board,water_level,12110208
8860415,2025-05-21,40.26,-5.26,Texas Water Development Board,water_level,12110208
8860415,2025-05-22,40.83,-5.83,Texas Water Development Board,water_level,12110208
8860415,2025-05-23,41.54,-6.54,Texas Water Development Board,water_level,12110208
8860415,2025-05-24,41.63,-6.63,Texas Water Development Board,water_level,12110208
8860415,2025-05-25,42.26,-7.26,Texas Water Development Board,water_level,12110208
8860415,2025-05-26,42.18,-7.18,Texas Water Development Board,water_level,12110208
8860415,2025-05-27,42.27,-7.27,Texas Water Development Board,water_level,12110208
8860415,2025-05-28,41.93,-6.93,Texas Water Development Board,water_level,12110208
8860415,2025-05-29,41.83,-6.83,Texas Water Development Board,water_level,12110208
8860415,2025-05-30,42.89,-7.89,Texas Water Development Board,water_level,12110208
8860415,2025-05-31,43.84,-8.84,Texas Water Development Board,water_level,12110208
8860415,2025-06-01,42.39,-7.39,Texas Water Development Board,water_level,12110208
8860415,2025-06-02,42.22,-7.22,Texas Water Development Board,water_level,12110208
8860415,2025-06-03,43.84,-8.84,Texas Water Development Board,water_level,12110208
8860415,2025-06-04,43.61,-8.61,Texas Water Development Board,water_level,12110208
8860415,2025-06-05,43.77,-8.77,Texas Water Development Board,water_level,12110208
8860415,2025-06-06,43.02,-8.02,Texas Water Development Board,water_level,12110208
8860415,2025-06-07,43.96,-8.96,Texas Water Development Board,water_level,12110208
8860415,2025-06-08,43.9,-8.9,Texas Water Development Board,water_level,12110208
8860415,2025-06-09,43.86,-8.86,Texas Water Development Board,water_level,12110208
8860415,2025-06-10,44.09,-9.09,Texas Water Development Board,water_level,12110208
8860415,2025-06-11,45.02,-10.02,Texas Water Development Board,water_level,12110208
8860415,2025-06-12,44.94,-9.94,Texas Water Development Board,water_level,12110208
8860415,2025-06-13,44.85,-9.85,Texas Water Development Board,water_level,12110208
8860415,2025-06-14,44.88,-9.88,Texas Water Development Board,water_level,12110208
8860415,2025-06-15,44.61,-9.61,Texas Water Development Board,water_level,12110208
8860415,2025-06-16,44.41,-9.41,Texas Water Development Board,water_level,12110208
8860415,2025-06-17,44.43,-9.43,Texas Water Development Board,water_level,12110208
8860415,2025-06-18,44.58,-9.58,Texas Water Development Board,water_level,12110208
8860415,2025-06-19,45.32,-10.32,Texas Water Development Board,water_level,12110208
8860415,2025-06-20,44.26,-9.26,Texas Water Development Board,water_level,12110208
8860415,2025-06-21,44.24,-9.24,Texas Water Development Board,water_level,12110208
8860415,2025-06-22,44.15,-9.15,Texas Water Development Board,water_level,12110208
8860415,2025-06-23,44.14,-9.14,Texas Water Development Board,water_level,12110208
8860415,2025-06-24,45.1,-10.1,Texas Water Development Board,water_level,12110208
8860415,2025-06-25,45.23,-10.23,Texas Water Development Board,water_level,12110208
8860415,2025-06-26,45.08,-10.08,Texas Water Development Board,water_level,12110208
8860415,2025-06-27,44.55,-9.55,Texas Water Development Board,water_level,12110208
8860415,2025-06-28,44.52,-9.52,Texas Water Development Board,water_level,12110208
8860415,2025-06-29,44.44,-9.44,Texas Water Development Board,water_level,12110208
8860415,2025-06-30,44.67,-9.67,Texas Water Development Board,water_level,12110208
8860415,2025-07-01,44.8,-9.8,Texas Water Development Board,water_level,12110208
8860415,2025-07-02,44.35,-9.35,Texas Water Development Board,water_level,12110208
8860415,2025-07-03,44.34,-9.34,Texas Water Development Board,water_level,12110208
8860415,2025-07-04,44.4,-9.4,Texas Water Development Board,water_level,12110208
8860415,2025-07-05,44.25,-9.25,Texas Water Development Board,water_level,12110208
8860415,2025-07-06,45.01,-10.01,Texas Water Development Board,water_level,12110208
8860415,2025-07-07,45.55,-10.55,Texas Water Development Board,water_level,12110208
8860415,2025-07-08,45.33,-10.33,Texas Water Development Board,water_level,12110208
8860415,2025-07-09,45.21,-10.21,Texas Water Development Board,water_level,12110208
8860415,2025-07-10,45.13,-10.13,Texas Water Development Board,water_level,12110208
8860415,2025-07-11,45.09,-10.09,Texas Water Development Board,water_level,12110208
8860415,2025-07-12,45.07,-10.07,Texas Water Development Board,water_level,12110208
8860415,2025-07-13,45.28,-10.28,Texas Water Development Board,water_level,12110208
8860415,2025-07-14,45.24,-10.24,Texas Water Development Board,water_level,12110208
8860415,2025-07-15,45.21,-10.21,Texas Water Development Board,water_level,12110208
8860415,2025-07-16,45.4,-10.4,Texas Water Development Board,water_level,12110208
8860415,2025-07-17,45.38,-10.38,Texas Water Development Board,water_level,12110208
8860415,2025-07-18,45.37,-10.37,Texas Water Development Board,water_level,12110208
8860415,2025-07-19,45.59,-10.59,Texas Water Development Board,water_level,12110208
8860415,2025-07-20,45.25,-10.25,Texas Water Development Board,water_level,12110208
8860415,2025-07-21,45.23,-10.23,Texas Water Development Board,water_level,12110208
8860415,2025-07-22,45.51,-10.51,Texas Water Development Board,water_level,12110208
8860415,2025-07-23,45.52,-10.52,Texas Water Development Board,water_level,12110208
8860415,2025-07-24,45.46,-10.46,Texas Water Development Board,water_level,12110208
8860415,2025-07-25,45.58,-10.58,Texas Water Development Board,water_level,12110208
8860415,2025-07-26,45.96,-10.96,Texas Water Development Board,water_level,12110208
8860415,2025-07-27,46.01,-11.01,Texas Water Development Board,water_level,12110208
8860415,2025-07-28,46.43,-11.43,Texas Water Development Board,water_level,12110208
8860415,2025-07-29,46.09,-11.09,Texas Water Development Board,water_level,12110208
8860415,2025-07-30,44.95,-9.95,Texas Water Development Board,water_level,12110208
8860415,2025-07-31,43.94,-8.94,Texas Water Development Board,water_level,12110208
8860415,2025-08-01,43.88,-8.88,Texas Water Development Board,water_level,12110208
8860415,2025-08-02,43.88,-8.88,Texas Water Development Board,water_level,12110208
8860415,2025-08-03,43.88,-8.88,Texas Water Development Board,water_level,12110208
8860415,2025-08-04,43.84,-8.84,Texas Water Development Board,water_level,12110208
8860415,2025-08-05,44.52,-9.52,Texas Water Development Board,water_level,12110208
8860415,2025-08-06,41.59,-6.59,Texas Water Development Board,water_level,12110208
8860415,2025-08-07,43.45,-8.45,Texas Water Development Board,water_level,12110208
8860415,2025-08-08,44.41,-9.41,Texas Water Development Board,water_level,12110208
8860415,2025-08-09,44.46,-9.46,Texas Water Development Board,water_level,12110208
8860415,2025-08-10,44.08,-9.08,Texas Water Development Board,water_level,12110208
8860415,2025-08-11,44.14,-9.14,Texas Water Development Board,water_level,12110208
8860415,2025-08-12,42.65,-7.65,Texas Water Development Board,water_level,12110208
8860415,2025-08-13,43.47,-8.47,Texas Water Development Board,water_level,12110208
8860415,2025-08-14,44.4,-9.4,Texas Water Development Board,water_level,12110208
8860415,2025-08-15,44.58,-9.58,Texas Water Development Board,water_level,12110208
8860415,2025-08-16,44.61,-9.61,Texas Water Development Board,water_level,12110208
8860415,2025-08-17,44.61,-9.61,Texas Water Development Board,water_level,12110208
8860415,2025-08-18,43.45,-8.45,Texas Water Development Board,water_level,12110208
8860415,2025-08-19,43.42,-8.42,Texas Water Development Board,water_level,12110208
8860415,2025-08-20,43.65,-8.65,Texas Water Development Board,water_level,12110208
8860415,2025-08-21,43.54,-8.54,Texas Water Development Board,water_level,12110208
8860415,2025-08-22,43.93,-8.93,Texas Water Development Board,water_level,12110208
8860415,2025-08-23,43.56,-8.56,Texas Water Development Board,water_level,12110208
8860415,2025-08-24,43.43,-8.43,Texas Water Development Board,water_level,12110208
8860415,2025-08-25,43.41,-8.41,Texas Water Development Board,water_level,12110208
8860415,2025-08-26,43.42,-8.42,Texas Water Development Board,water_level,12110208
8860415,2025-08-27,43.44,-8.44,Texas Water Development Board,water_level,12110208
8860415,2025-08-28,43.44,-8.44,Texas Water Development Board,water_level,12110208
8860415,2025-08-29,43.43,-8.43,Texas Water Development Board,water_level,12110208
8860415,2025-08-30,43.43,-8.43,Texas Water Development Board,water_level,12110208
8860415,2025-08-31,43.45,-8.45,Texas Water Development Board,water_level,12110208
8860415,2025-09-01,43.13,-8.13,Texas Water Development Board,water_level,12110208
8860415,2025-09-02,42.65,-7.65,Texas Water Development Board,water_level,12110208
8860415,2025-09-03,42.96,-7.96,Texas Water Development Board,water_level,12110208
8860415,2025-09-04,43.32,-8.32,Texas Water Development Board,water_level,12110208
8860415,2025-09-05,43.45,-8.45,Texas Water Development Board,water_level,12110208
8860415,2025-09-06,42.16,-7.16,Texas Water Development Board,water_level,12110208
8860415,2025-09-07,42.21,-7.21,Texas Water Development Board,water_level,12110208
8860415,2025-09-08,43.03,-8.03,Texas Water Development Board,water_level,12110208
8860415,2025-09-09,43.24,-8.24,Texas Water Development Board,water_level,12110208
8860415,2025-09-10,43.2,-8.2,Texas Water Development Board,water_level,12110208
8860415,2025-09-11,43.22,-8.22,Texas Water Development Board,water_level,12110208
8860415,2025-09-12,43.3,-8.3,Texas Water Development Board,water_level,12110208
8860415,2025-09-13,43.34,-8.34,Texas Water Development Board,water_level,12110208
8860415,2025-09-14,43.31,-8.31,Texas Water Development Board,water_level,12110208
8860415,2025-09-15,43.36,-8.36,Texas Water Development Board,water_level,12110208
8860415,2025-09-16,42.8,-7.8,Texas Water Development Board,water_level,12110208
8860415,2025-09-17,42.85,-7.85,Texas Water Development Board,water_level,12110208
8860415,2025-09-18,43.31,-8.31,Texas Water Development Board,water_level,12110208
8860415,2025-09-19,42.36,-7.36,Texas Water Development Board,water_level,12110208
8860415,2025-09-20,42.57,-7.57,Texas Water Development Board,water_level,12110208
8860415,2025-09-21,43.24,-8.24,Texas Water Development Board,water_level,12110208
8860415,2025-09-22,43.4,-8.4,Texas Water Development Board,water_level,12110208
8860415,2025-09-23,43.44,-8.44,Texas Water Development Board,water_level,12110208
8860415,2025-09-24,43.1,-8.1,Texas Water Development Board,water_level,12110208
8860415,2025-09-25,42.36,-7.36,Texas Water Development Board,water_level,12110208
8860415,2025-09-26,42.72,-7.72,Texas Water Development Board,water_level,12110208
8860415,2025-09-27,43.27,-8.27,Texas Water Development Board,water_level,12110208
8860415,2025-09-28,43.48,-8.48,Texas Water Development Board,water_level,12110208
8860415,2025-09-29,43.49,-8.49,Texas Water Development Board,water_level,12110208
8860415,2025-09-30,43.52,-8.52,Texas Water Development Board,water_level,12110208
8860415,2025-10-01,43.67,-8.67,Texas Water Development Board,water_level,12110208
8860415,2025-10-02,40.5,-5.5,Texas Water Development Board,water_level,12110208
8860415,2025-10-03,40.93,-5.93,Texas Water Development Board,water_level,12110208
8860415,2025-10-04,42.66,-7.66,Texas Water Development Board,water_level,12110208
8860415,2025-10-05,43.11,-8.11,Texas Water Development Board,water_level,12110208
8860415,2025-10-06,43.33,-8.33,Texas Water Development Board,water_level,12110208
8860415,2025-10-07,43.45,-8.45,Texas Water Development Board,water_level,12110208
8860415,2025-10-08,43.44,-8.44,Texas Water Development Board,water_level,12110208
8860415,2025-10-09,43.51,-8.51,Texas Water Development Board,water_level,12110208
8860415,2025-10-10,43.72,-8.72,Texas Water Development Board,water_level,12110208
8860415,2025-10-11,43.44,-8.44,Texas Water Development Board,water_level,12110208
8860415,2025-10-12,43.48,-8.48,Texas Water Development Board,water_level,12110208
8860415,2025-10-13,43.41,-8.41,Texas Water Development Board,water_level,12110208
8860415,2025-10-14,43.49,-8.49,Texas Water Development Board,water_level,12110208
8860415,2025-10-15,43.74,-8.74,Texas Water Development Board,water_level,12110208
8860415,2025-10-16,43.74,-8.74,Texas Water Development Board,water_level,12110208
8860415,2025-10-17,44.31,-9.31,Texas Water Development Board,water_level,12110208
8860415,2025-10-18,44.3,-9.3,Texas Water Development Board,water_level,12110208
8860415,2025-10-19,44.34,-9.34,Texas Water Development Board,water_level,12110208
8860415,2025-10-20,44.39,-9.39,Texas Water Development Board,water_level,12110208
8860415,2025-10-21,41.21,-6.21,Texas Water Development Board,water_level,12110208
8860415,2025-10-22,42.42,-7.42,Texas Water Development Board,water_level,12110208
8860415,2025-10-23,43.62,-8.62,Texas Water Development Board,water_level,12110208
8860415,2025-10-24,43.8,-8.8,Texas Water Development Board,water_level,12110208
8860415,2025-10-25,43.97,-8.97,Texas Water Development Board,water_level,12110208
8860415,2025-10-26,44.59,-9.59,Texas Water Development Board,water_level,12110208
8860415,2025-10-27,44.63,-9.63,Texas Water Development Board,water_level,12110208
8860415,2025-10-28,44,-9,Texas Water Development Board,water_level,12110208
8860415,2025-10-29,44.42,-9.42,Texas Water Development Board,water_level,12110208
8860415,2025-10-30,45.58,-10.58,Texas Water Development Board,water_level,12110208
8860415,2025-10-31,45.64,-10.64,Texas Water Development Board,water_level,12110208
8860415,2025-11-01,46,-11,Texas Water Development Board,water_level,12110208
8860415,2025-11-02,45.37,-10.37,Texas Water Development Board,water_level,12110208
8860415,2025-11-03,45.41,-10.41,Texas Water Development Board,water_level,12110208
8860415,2025-11-04,46.24,-11.24,Texas Water Development Board,water_level,12110208
8860415,2025-11-05,46.69,-11.69,Texas Water Development Board,water_level,12110208
8860415,2025-11-06,46.96,-11.96,Texas Water Development Board,water_level,12110208
8860415,2025-11-07,47.03,-12.03,Texas Water Development Board,water_level,12110208
8860415,2025-11-08,46.31,-11.31,Texas Water Development Board,water_level,12110208
8860415,2025-11-09,46.7,-11.7,Texas Water Development Board,water_level,12110208
8860415,2025-11-10,46.82,-11.82,Texas Water Development Board,water_level,12110208
8860415,2025-11-11,46.79,-11.79,Texas Water Development Board,water_level,12110208
8860415,2025-11-12,47.12,-12.12,Texas Water Development Board,water_level,12110208
8860415,2025-11-13,46.74,-11.74,Texas Water Development Board,water_level,12110208
8860415,2025-11-14,46.7,-11.7,Texas Water Development Board,water_level,12110208
8860415,2025-11-15,47.27,-12.27,Texas Water Development Board,water_level,12110208
8860415,2025-11-16,47.51,-12.51,Texas Water Development Board,water_level,12110208
8860415,2025-11-17,45.31,-10.31,Texas Water Development Board,water_level,12110208
8860415,2025-11-18,45.58,-10.58,Texas Water Development Board,water_level,12110208
8860415,2025-11-19,47.35,-12.35,Texas Water Development Board,water_level,12110208
8860415,2025-11-20,47.35,-12.35,Texas Water Development Board,water_level,12110208
8860415,2025-11-21,47.39,-12.39,Texas Water Development Board,water_level,12110208
8860415,2025-11-22,47.37,-12.37,Texas Water Development Board,water_level,12110208
8860415,2025-11-23,47.35,-12.35,Texas Water Development Board,water_level,12110208
8860415,2025-11-24,46.64,-11.64,Texas Water Development Board,water_level,12110208
8860415,2025-11-25,46.62,-11.62,Texas Water Development Board,water_level,12110208
8860415,2025-11-26,47.33,-12.33,Texas Water Development Board,water_level,12110208
8860415,2025-11-27,47.11,-12.11,Texas Water Development Board,water_level,12110208
8860415,2025-11-28,47.32,-12.32,Texas Water Development Board,water_level,12110208
8860415,2025-11-29,47.29,-12.29,Texas Water Development Board,water_level,12110208
8860415,2025-11-30,47.29,-12.29,Texas Water Development Board,water_level,12110208
8860415,2025-12-01,46.9,-11.9,Texas Water Development Board,water_level,12110208
8860415,2025-12-02,47.02,-12.02,Texas Water Development Board,water_level,12110208
8860415,2025-12-03,46.62,-11.62,Texas Water Development Board,water_level,12110208
8860415,2025-12-04,47.26,-12.26,Texas Water Development Board,water_level,12110208
8860415,2025-12-05,46.68,-11.68,Texas Water Development Board,water_level,12110208
8860415,2025-12-06,46.32,-11.32,Texas Water Development Board,water_level,12110208
8860415,2025-12-07,46.54,-11.54,Texas Water Development Board,water_level,12110208
8860415,2025-12-08,47.19,-12.19,Texas Water Development Board,water_level,12110208
8860415,2025-12-09,47.2,-12.2,Texas Water Development Board,water_level,12110208
8860415,2025-12-10,43.84,-8.84,Texas Water Development Board,water_level,12110208
8860415,2025-12-11,43.71,-8.71,Texas Water Development Board,water_level,12110208
8860415,2025-12-12,45.51,-10.51,Texas Water Development Board,water_level,12110208
8860415,2025-12-13,46.37,-11.37,Texas Water Development Board,water_level,12110208
8860415,2025-12-14,46.82,-11.82,Texas Water Development Board,water_level,12110208
8860415,2025-12-15,46.98,-11.98,Texas Water Development Board,water_level,12110208
8860415,2025-12-16,46.99,-11.99,Texas Water Development Board,water_level,12110208
8860415,2025-12-17,43.9,-8.9,Texas Water Development Board,water_level,12110208
8860415,2025-12-18,44.61,-9.61,Texas Water Development Board,water_level,12110208
8860415,2025-12-19,45.22,-10.22,Texas Water Development Board,water_level,12110208
8860415,2025-12-20,45.13,-10.13,Texas Water Development Board,water_level,12110208
8860415,2025-12-21,45.25,-10.25,Texas Water Development Board,water_level,12110208
8860415,2025-12-22,45.25,-10.25,Texas Water Development Board,water_level,12110208
8860415,2025-12-23,44.53,-9.53,Texas Water Development Board,water_level,12110208
8860415,2025-12-24,45.13,-10.13,Texas Water Development Board,water_level,12110208
8860415,2025-12-25,45.25,-10.25,Texas Water Development Board,water_level,12110208
8860415,2025-12-26,45.57,-10.57,Texas Water Development Board,water_level,12110208
8860415,2025-12-27,45.87,-10.87,Texas Water Development Board,water_level,12110208
8860415,2025-12-28,45.95,-10.95,Texas Water Development Board,water_level,12110208
8860415,2025-12-29,39.62,-4.62,Texas Water Development Board,water_level,12110208
8860415,2025-12-30,41.25,-6.25,Texas Water Development Board,water_level,12110208
8860415,2025-12-31,42.1,-7.1,Texas Water Development Board,water_level,12110208
8860415,2026-01-01,43.57,-8.57,Texas Water Development Board,water_level,12110208
8860415,2026-01-02,45.05,-10.05,Texas Water Development Board,water_level,12110208
8860415,2026-01-03,45.55,-10.55,Texas Water Development Board,water_level,12110208
8860415,2026-01-04,45.87,-10.87,Texas Water Development Board,water_level,12110208
8860415,2026-01-05,45.38,-10.38,Texas Water Development Board,water_level,12110208
8860415,2026-01-06,44.13,-9.13,Texas Water Development Board,water_level,12110208
8860415,2026-01-07,44.02,-9.02,Texas Water Development Board,water_level,12110208
8860415,2026-01-08,45.88,-10.88,Texas Water Development Board,water_level,12110208
8860415,2026-01-09,42.86,-7.86,Texas Water Development Board,water_level,12110208
8860415,2026-01-10,43.92,-8.92,Texas Water Development Board,water_level,12110208
8860415,2026-01-11,45.61,-10.61,Texas Water Development Board,water_level,12110208
8860415,2026-01-12,45.95,-10.95,Texas Water Development Board,water_level,12110208
8860415,2026-01-13,44.61,-9.61,Texas Water Development Board,water_level,12110208
8860415,2026-01-14,44.29,-9.29,Texas Water Development Board,water_level,12110208
8860415,2026-01-15,45.37,-10.37,Texas Water Development Board,water_level,12110208
8860415,2026-01-16,43.88,-8.88,Texas Water Development Board,water_level,12110208
8860415,2026-01-17,45.62,-10.62,Texas Water Development Board,water_level,12110208
8860415,2026-01-18,45.62,-10.62,Texas Water Development Board,water_level,12110208
8860415,2026-01-19,45.61,-10.61,Texas Water Development Board,water_level,12110208
8860415,2026-01-20,43.31,-8.31,Texas Water Development Board,water_level,12110208
8860415,2026-01-21,43.96,-8.96,Texas Water Development Board,water_level,12110208
8860415,2026-01-22,40.13,-5.13,Texas Water Development Board,water_level,12110208
8860415,2026-01-23,41.09,-6.09,Texas Water Development Board,water_level,12110208
8860415,2026-01-24,42.74,-7.74,Texas Water Development Board,water_level,12110208
8860415,2026-01-25,44.57,-9.57,Texas Water Development Board,water_level,12110208
8860415,2026-01-26,44.62,-9.62,Texas Water Development Board,water_level,12110208
8860415,2026-01-27,45.08,-10.08,Texas Water Development Board,water_level,12110208
8860415,2026-01-28,45.27,-10.27,Texas Water Development Board,water_level,12110208
8860415,2026-01-29,45.24,-10.24,Texas Water Development Board,water_level,12110208
8860415,2026-01-29,45.44,-10.44,Texas Water Development Board,water_level,12110208
8860415,2026-01-30,46.06,-11.06,Texas Water Development Board,water_level,12110208
8860415,2026-01-31,46.27,-11.27,Texas Water Development Board,water_level,12110208
8860415,2026-02-01,46.24,-11.24,Texas Water Development Board,water_level,12110208
8860415,2026-02-02,46.18,-11.18,Texas Water Development Board,water_level,12110208
8860415,2026-02-03,45.9,-10.9,Texas Water Development Board,water_level,12110208
8860415,2026-02-04,43.76,-8.76,Texas Water Development Board,water_level,12110208
8860415,2026-02-05,44.84,-9.84,Texas Water Development Board,water_level,12110208
8860415,2026-02-06,45.91,-10.91,Texas Water Development Board,water_level,12110208
8860415,2026-02-07,46.45,-11.45,Texas Water Development Board,water_level,12110208
8860415,2026-02-08,46.24,-11.24,Texas Water Development Board,water_level,12110208
8860415,2026-02-09,44.01,-9.01,Texas Water Development Board,water_level,12110208
8860415,2026-02-10,46.11,-11.11,Texas Water Development Board,water_level,12110208
8860415,2026-02-11,44.19,-9.19,Texas Water Development Board,water_level,12110208
8860415,2026-02-12,43.82,-8.82,Texas Water Development Board,water_level,12110208
8860415,2026-02-13,44.01,-9.01,Texas Water Development Board,water_level,12110208
8860415,2026-02-14,46.17,-11.17,Texas Water Development Board,water_level,12110208
8860415,2026-02-15,46.8,-11.8,Texas Water Development Board,water_level,12110208
8860415,2026-02-16,45.74,-10.74,Texas Water Development Board,water_level,12110208
8860415,2026-02-17,45.7,-10.7,Texas Water Development Board,water_level,12110208
8860415,2026-02-18,45.17,-10.17,Texas Water Development Board,water_level,12110208
8860415,2026-02-19,45.02,-10.02,Texas Water Development Board,water_level,12110208
8860415,2026-02-20,45.21,-10.21,Texas Water Development Board,water_level,12110208
8860415,2026-02-21,45.8,-10.8,Texas Water Development Board,water_level,12110208
8860415,2026-02-22,45.89,-10.89,Texas Water Development Board,water_level,12110208
8860415,2026-02-23,46.06,-11.06,Texas Water Development Board,water_level,12110208
8860415,2026-02-24,46.27,-11.27,Texas Water Development Board,water_level,12110208
8860415,2026-02-25,46.48,-11.48,Texas Water Development Board,water_level,12110208
8860415,2026-02-26,46.55,-11.55,Texas Water Development Board,water_level,12110208
8860415,2026-02-27,46.14,-11.14,Texas Water Development Board,water_level,12110208
8860415,2026-02-28,45.27,-10.27,Texas Water Development Board,water_level,12110208
8860415,2026-03-01,45.22,-10.22,Texas Water Development Board,water_level,12110208
8860415,2026-03-02,45.53,-10.53,Texas Water Development Board,water_level,12110208
8860415,2026-03-03,45.7,-10.7,Texas Water Development Board,water_level,12110208
8860415,2026-03-04,45.84,-10.84,Texas Water Development Board,water_level,12110208
8860415,2026-03-05,45.7,-10.7,Texas Water Development Board,water_level,12110208
8860415,2026-03-06,45.8,-10.8,Texas Water Development Board,water_level,12110208
8860415,2026-03-07,46.85,-11.85,Texas Water Development Board,water_level,12110208
8860415,2026-03-08,47.72,-12.72,Texas Water Development Board,water_level,12110208
8860415,2026-03-09,47.95,-12.95,Texas Water Development Board,water_level,12110208
8860415,2026-03-10,48.26,-13.26,Texas Water Development Board,water_level,12110208
8860415,2026-03-11,46.8,-11.8,Texas Water Development Board,water_level,12110208
8860415,2026-03-12,47.81,-12.81,Texas Water Development Board,water_level,12110208
8860415,2026-03-13,48.62,-13.62,Texas Water Development Board,water_level,12110208
8860415,2026-03-14,47.71,-12.71,Texas Water Development Board,water_level,12110208
8860415,2026-03-15,45.72,-10.72,Texas Water Development Board,water_level,12110208
8860415,2026-03-16,44.55,-9.55,Texas Water Development Board,water_level,12110208
8860415,2026-03-17,42.66,-7.66,Texas Water Development Board,water_level,12110208
8860415,2026-03-18,44.42,-9.42,Texas Water Development Board,water_level,12110208
8860415,2026-03-19,46.26,-11.26,Texas Water Development Board,water_level,12110208
8860415,2026-03-20,47.51,-12.51,Texas Water Development Board,water_level,12110208
8860415,2026-03-21,47.77,-12.77,Texas Water Development Board,water_level,12110208
8860415,2026-03-22,47.99,-12.99,Texas Water Development Board,water_level,12110208
8860415,2026-03-23,47.3,-12.3,Texas Water Development Board,water_level,12110208
8860415,2026-03-24,47.42,-12.42,Texas Water Development Board,water_level,12110208
8860415,2026-03-25,47.5,-12.5,Texas Water Development Board,water_level,12110208
8860415,2026-03-26,45.88,-10.88,Texas Water Development Board,water_level,12110208
8860415,2026-03-27,46.45,-11.45,Texas Water Development Board,water_level,12110208
8860415,2026-03-28,47.6,-12.6,Texas Water Development Board,water_level,12110208
8860415,2026-03-29,47.82,-12.82,Texas Water Development Board,water_level,12110208
8860415,2026-03-30,47.81,-12.81,Texas Water Development Board,water_level,12110208
8860415,2026-03-31,47.7,-12.7,Texas Water Development Board,water_level,12110208
8860415,2026-04-01,47.66,-12.66,Texas Water Development Board,water_level,12110208
8860415,2026-04-02,47.72,-12.72,Texas Water Development Board,water_level,12110208
8860415,2026-04-03,47.55,-12.55,Texas Water Development Board,water_level,12110208
8860415,2026-04-04,45.44,-10.44,Texas Water Development Board,water_level,12110208
8860415,2026-04-05,42.01,-7.01,Texas Water Development Board,water_level,12110208
8860415,2026-04-06,42.75,-7.75,Texas Water Development Board,water_level,12110208
8860415,2026-04-07,46.61,-11.61,Texas Water Development Board,water_level,12110208
8860415,2026-04-08,46.88,-11.88,Texas Water Development Board,water_level,12110208
8860415,2026-04-09,46.96,-11.96,Texas Water Development Board,water_level,12110208
8860415,2026-04-10,45.89,-10.89,Texas Water Development Board,water_level,12110208
8860415,2026-04-11,42.63,-7.63,Texas Water Development Board,water_level,12110208
8860415,2026-04-12,43.52,-8.52,Texas Water Development Board,water_level,12110208
8860415,2026-04-13,43.62,-8.62,Texas Water Development Board,water_level,12110208
8860415,2026-04-14,43.48,-8.48,Texas Water Development Board,water_level,12110208
8860415,2026-04-15,43.34,-8.34,Texas Water Development Board,water_level,12110208
8860415,2026-04-16,46.18,-11.18,Texas Water Development Board,water_level,12110208
8860415,2026-04-17,47.05,-12.05,Texas Water Development Board,water_level,12110208
8860415,2026-04-18,47.11,-12.11,Texas Water Development Board,water_level,12110208
8860415,2026-04-19,47.07,-12.07,Texas Water Development Board,water_level,12110208
8860415,2026-04-20,47.19,-12.19,Texas Water Development Board,water_level,12110208
8860415,2026-04-21,47.2,-12.2,Texas Water Development Board,water_level,12110208
8860415,2026-04-22,47.09,-12.09,Texas Water Development Board,water_level,12110208
8860415,2026-04-23,46.93,-11.93,Texas Water Development Board,water_level,12110208
8860415,2026-04-24,46.83,-11.83,Texas Water Development Board,water_level,12110208
8860415,2026-04-25,44.55,-9.55,Texas Water Development Board,water_level,12110208
8860415,2026-04-26,45.58,-10.58,Texas Water Development Board,water_level,12110208
8860415,2026-04-27,44.83,-9.83,Texas Water Development Board,water_level,12110208
8860415,2026-04-28,44.58,-9.58,Texas Water Development Board,water_level,12110208
8860415,2026-04-29,44.54,-9.54,Texas Water Development Board,water_level,12110208
8860415,2026-04-30,46.27,-11.27,Texas Water Development Board,water_level,12110208
8860415,2026-05-01,46.24,-11.24,Texas Water Development Board,water_level,12110208
8860415,2026-05-02,46.27,-11.27,Texas Water Development Board,water_level,12110208
8860415,2026-05-03,45.32,-10.32,Texas Water Development Board,water_level,12110208
8860415,2026-05-04,45.49,-10.49,Texas Water Development Board,water_level,12110208
8860415,2026-05-05,45.25,-10.25,Texas Water Development Board,water_level,12110208
8860415,2026-05-06,44.67,-9.67,Texas Water Development Board,water_level,12110208
8860415,2026-05-07,45.76,-10.76,Texas Water Development Board,water_level,12110208
8860415,2026-05-08,43.75,-8.75,Texas Water Development Board,water_level,12110208
8860415,2026-05-09,43.4,-8.4,Texas Water Development Board,water_level,12110208
8860415,2026-05-10,43.99,-8.99,Texas Water Development Board,water_level,12110208
8860415,2026-05-11,44.67,-9.67,Texas Water Development Board,water_level,12110208
8860415,2026-05-12,45.64,-10.64,Texas Water Development Board,water_level,12110208
8860415,2026-05-13,46.03,-11.03,Texas Water Development Board,water_level,12110208
8860415,2026-05-14,45.97,-10.97,Texas Water Development Board,water_level,12110208
8860415,2026-05-15,45.79,-10.79,Texas Water Development Board,water_level,12110208
8860415,2026-05-16,46.07,-11.07,Texas Water Development Board,water_level,12110208
8860415,2026-05-17,45.95,-10.95,Texas Water Development Board,water_level,12110208
8860415,2026-05-18,46.13,-11.13,Texas Water Development Board,water_level,12110208
8860415,2026-05-19,45.58,-10.58,Texas Water Development Board,water_level,12110208
8860415,2026-05-20,46.02,-11.02,Texas Water Development Board,water_level,12110208
8860415,2026-05-21,45.27,-10.27,Texas Water Development Board,water_level,12110208
8860415,2026-05-22,45.73,-10.73,Texas Water Development Board,water_level,12110208
8860415,2026-05-23,46.1,-11.1,Texas Water Development Board,water_level,12110208
8860415,2026-05-24,46.19,-11.19,Texas Water Development Board,water_level,12110208
8860415,2026-05-25,44.35,-9.35,Texas Water Development Board,water_level,12110208
8860415,2026-05-26,44.1,-9.1,Texas Water Development Board,water_level,12110208
8860415,2026-05-27,43.64,-8.64,Texas Water Development Board,water_level,12110208
8860415,2026-05-28,44.54,-9.54,Texas Water Development Board,water_level,12110208
8860415,2026-05-29,45.27,-10.27,Texas Water Development Board,water_level,12110208
8860415,2026-05-30,45.43,-10.43,Texas Water Development Board,water_level,12110208
8860415,2026-05-31,45.88,-10.88,Texas Water Development Board,water_level,12110208
8860415,2026-06-01,43.5,-8.5,Texas Water Development Board,water_level,12110208
8860415,2026-06-02,44.53,-9.53,Texas Water Development Board,water_level,12110208
8860415,2026-06-03,45.24,-10.24,Texas Water Development Board,water_level,12110208
8860415,2026-06-04,45.53,-10.53,Texas Water Development Board,water_level,12110208
8860415,2026-06-05,45.21,-10.21,Texas Water Development Board,water_level,12110208
8860415,2026-06-06,45.22,-10.22,Texas Water Development Board,water_level,12110208
8860415,2026-06-07,45.43,-10.43,Texas Water Development Board,water_level,12110208
8860415,2026-06-08,45.22,-10.22,Texas Water Development Board,water_level,12110208
8860415,2026-06-09,45.35,-10.35,Texas Water Development Board,water_level,12110208
8860415,2026-06-10,45.39,-10.39,Texas Water Development Board,water_level,12110208
8860415,2026-06-11,45.41,-10.41,Texas Water Development Board,water_level,12110208
8860415,2026-06-12,45.47,-10.47,Texas Water Development Board,water_level,12110208
8860415,2026-06-13,45.6,-10.6,Texas Water Development Board,water_level,12110208
8860415,2026-06-14,45.47,-10.47,Texas Water Development Board,water_level,12110208
8860415,2026-06-15,44.11,-9.11,Texas Water Development Board,water_level,12110208
8860415,2026-06-16,45.03,-10.03,Texas Water Development Board,water_level,12110208
8860415,2026-06-17,45.24,-10.24,Texas Water Development Board,water_level,12110208
8860415,2026-06-18,45.26,-10.26,Texas Water Development Board,water_level,12110208
8860415,2026-06-19,45.3,-10.3,Texas Water Development Board,water_level,12110208
8860415,2026-06-20,44.7,-9.7,Texas Water Development Board,water_level,12110208
8860415,2026-06-21,44.86,-9.86,Texas Water Development Board,water_level,12110208
8860415,2026-06-22,45.12,-10.12,Texas Water Development Board,water_level,12110208
8860415,2026-06-23,45.24,-10.24,Texas Water Development Board,water_level,12110208
8860415,2026-06-24,45.28,-10.28,Texas Water Development Board,water_level,12110208
8860415,2026-06-25,45.16,-10.16,Texas Water Development Board,water_level,12110208
8860415,2026-06-26,44.44,-9.44,Texas Water Development Board,water_level,12110208
8860415,2026-06-27,44.32,-9.32,Texas Water Development Board,water_level,12110208
8860415,2026-06-28,44.7,-9.7,Texas Water Development Board,water_level,12110208
8860415,2026-06-29,45.07,-10.07,Texas Water Development Board,water_level,12110208
8860415,2026-06-30,45.19,-10.19,Texas Water Development Board,water_level,12110208
8860501,1952-09-02,27,25,Other or Source of Measurement Unknown,water_level,12110208
8860501,1972-09-21,7.54,44.46,Texas Water Development Board,water_level,12110208
8860501,1995-09-21,,,Texas Water Development Board,water_level,12110208
8860502,1970-09-02,9,26,Registered Water Well Driller,water_level,12110208
8860503,1972-10-11,11.44,23.56,Texas Water Development Board,water_level,12110208
8860503,,24,11,Other or Source of Measurement Unknown,water_level,12110208
8860504,,8,22,Other or Source of Measurement Unknown,water_level,12110208
8860505,1952-10-14,18.9,16.1,Other or Source of Measurement Unknown,water_level,12110208
8860506,1945-08-10,34.9,3.1,Other or Source of Measurement Unknown,water_level,12110208
8860507,,20,17,Other or Source of Measurement Unknown,water_level,12110208
8860508,1952-07-22,14.4,18.6,Other or Source of Measurement Unknown,water_level,12110208
8860512,1945-08-10,21.1,17.9,U.S. Geological Survey,water_level,12110208
8860514,2003-07-19,15.21,15.79,Registered Water Well Driller,water_level,12110208
8860515,2003-08-05,14.9,16.1,Registered Water Well Driller,water_level,12110208
8860516,2003-07-17,16.65,16.35,Registered Water Well Driller,water_level,12110208
8860517,2003-08-04,20.68,16.32,Registered Water Well Driller,water_level,12110208
8860518,2003-06-11,14.33,16.67,Registered Water Well Driller,water_level,12110208
8860519,2003-09-07,15.1,15.9,Registered Water Well Driller,water_level,12110208
8860520,2003-05-20,15.24,15.76,Registered Water Well Driller,water_level,12110208
8860521,2003-06-25,18.75,15.25,Registered Water Well Driller,water_level,12110208
8860701,1952-06-16,18,21,Other or Source of Measurement Unknown,water_level,12110208
8860701,1957-09-12,25.57,13.43,Other or Source of Measurement Unknown,water_level,12110208
8860701,1959-03-02,16.06,22.94,Other or Source of Measurement Unknown,water_level,12110208
8860701,1960-08-30,15.86,23.14,Other or Source of Measurement Unknown,water_level,12110208
8860701,1962-06-27,18.72,20.28,Texas Water Development Board,water_level,12110208
8860701,1963-08-15,18.6,20.4,Texas Water Development Board,water_level,12110208
8860701,1964-08-26,20.51,18.49,Texas Water Development Board,water_level,12110208
8860701,1965-08-11,,,Texas Water Development Board,water_level,12110208
8860701,1965-08-12,18.9,20.1,Texas Water Development Board,water_level,12110208
8860701,1966-07-28,17.46,21.54,Texas Water Development Board,water_level,12110208
8860701,1967-07-27,19.95,19.05,Texas Water Development Board,water_level,12110208
8860701,1968-08-28,,,Texas Water Development Board,water_level,12110208
8860701,1969-08-18,17.67,21.33,Texas Water Development Board,water_level,12110208
8860701,1970-08-19,14.75,24.25,Texas Water Development Board,water_level,12110208
8860701,1971-08-16,16.03,22.97,Texas Water Development Board,water_level,12110208
8860701,1972-08-07,10.88,28.12,Texas Water Development Board,water_level,12110208
8860701,1973-08-28,11.12,27.88,Texas Water Development Board,water_level,12110208
8860701,1974-08-19,13.13,25.87,Texas Water Development Board,water_level,12110208
8860701,1975-08-13,12.1,26.9,Texas Water Development Board,water_level,12110208
8860701,1976-08-18,9.7,29.3,Texas Water Development Board,water_level,12110208
8860701,1977-08-03,9.48,29.52,Texas Water Development Board,water_level,12110208
8860701,1978-08-24,,,Texas Water Development Board,water_level,12110208
8860701,1979-08-16,,,Texas Water Development Board,water_level,12110208
8860701,1980-09-17,11.1,27.9,Texas Water Development Board,water_level,12110208
8860701,1980-12-15,,,Texas Water Development Board,water_level,12110208
8860701,1982-02-16,11.32,27.68,Texas Water Development Board,water_level,12110208
8860701,1983-02-15,,,Texas Water Development Board,water_level,12110208
8860701,1984-02-07,10.7,28.3,Texas Water Development Board,water_level,12110208
8860701,1985-02-19,11.74,27.26,Texas Water Development Board,water_level,12110208
8860701,1985-12-06,,,Texas Water Development Board,water_level,12110208
8860701,1987-01-14,,,Texas Water Development Board,water_level,12110208
8860701,1988-01-05,,,Texas Water Development Board,water_level,12110208
8860701,1989-01-03,11.81,27.19,Texas Water Development Board,water_level,12110208
8860701,1989-11-29,11.9,27.1,Texas Water Development Board,water_level,12110208
8860701,1990-11-12,15.4,23.6,Texas Water Development Board,water_level,12110208
8860701,1991-11-12,12.5,26.5,Texas Water Development Board,water_level,12110208
8860701,1992-12-29,11,28,Texas Water Development Board,water_level,12110208
8860701,1993-10-07,14.4,24.6,Texas Water Development Board,water_level,12110208
8860701,1994-11-29,12,27,Texas Water Development Board,water_level,12110208
8860701,1995-09-21,,,Texas Water Development Board,water_level,12110208
8860701,1996-02-14,11.59,27.41,Texas Water Development Board,water_level,12110208
8860701,1997-02-08,14.7,24.3,Texas Water Development Board,water_level,12110208
8860701,1998-02-24,13,26,Texas Water Development Board,water_level,12110208
8860701,1999-02-25,18.8,20.2,Texas Water Development Board,water_level,12110208
8860701,2000-02-23,,,Texas Water Development Board,water_level,12110208
8860701,2001-02-23,16.01,22.99,Texas Water Development Board,water_level,12110208
8860701,2002-02-27,,,Texas Water Development Board,water_level,12110208
8860701,2003-02-14,,,Texas Water Development Board,water_level,12110208
8860701,,26,13,Other or Source of Measurement Unknown,water_level,12110208
8860702,1952-08-20,24.5,16.5,Other or Source of Measurement Unknown,water_level,12110208
8860702,1957-09-12,30.56,10.44,Other or Source of Measurement Unknown,water_level,12110208
8860702,1959-03-02,15.13,25.87,Other or Source of Measurement Unknown,water_level,12110208
8860702,1962-06-26,,,Texas Water Development Board,water_level,12110208
8860702,1995-09-21,14.33,26.67,Texas Water Development Board,water_level,12110208
8860702,1998-07-24,20.67,20.33,Texas Water Development Board,water_level,12110208
8860703,1968-12-18,20,22,Registered Water Well Driller,water_level,12110208
8860703,1995-09-21,,,Texas Water Development Board,water_level,12110208
8860706,1972-09-22,18.08,24.92,Texas Water Development Board,water_level,12110208
8860706,1995-09-21,,,Texas Water Development Board,water_level,12110208
8860707,1972-09-22,18.3,23.7,Texas Water Development Board,water_level,12110208
8860708,1957-07-03,31.03,13.97,Texas Commission on Environmental Quality,water_level,12110208
8860708,1972-10-11,18.75,26.25,Texas Water Development Board,water_level,12110208
8860714,1952-06-26,23.7,18.3,Other or Source of Measurement Unknown,water_level,12110208
8860720,,20,20,Registered Water Well Driller,water_level,12110208
8860723,2002-02-01,19.4,18.6,Groundwater Consultant,water_level,12110208
8860724,2003-08-16,23.85,17.15,Registered Water Well Driller,water_level,12110208
8860725,2003-12-08,15.1,21.9,Registered Water Well Driller,water_level,12110208
8860726,2003-12-17,16.9,22.1,Registered Water Well Driller,water_level,12110208
8860802,1952-06-17,23.4,11.6,Other or Source of Measurement Unknown,water_level,12110208
8860804,1952-07-08,24,11,Other or Source of Measurement Unknown,water_level,12110208
8860808,1996-06-24,16.3,18.7,Texas Water Development Board,water_level,12110208
8860811,1998-12-22,16,21,Registered Water Well Driller,water_level,12110208
8860811,1999-10-05,14.73,22.27,Texas Water Development Board,water_level,12110208
8860811,2000-06-22,70.9,-33.9,Texas Water Development Board,water_level,12110208
8860812,2003-05-07,20.8,16.2,Registered Water Well Driller,water_level,12110208
8860812,2013-09-12,48.5,-11.5,Texas Water Development Board,water_level,12110208
8860812,2014-01-28,43.2,-6.2,Texas Water Development Board,water_level,12110208
8860812,2015-01-21,,,Texas Water Development Board,water_level,12110208
8860812,2016-01-25,44.31,-7.31,Texas Water Development Board,water_level,12110208
8860812,2017-01-10,23.31,13.69,Texas Water Development Board,water_level,12110208
8860812,2018-01-17,49.74,-12.74,Texas Water Development Board,water_level,12110208
8860812,2019-01-22,49.2,-12.2,Texas Water Development Board,water_level,12110208
8860812,2020-01-29,51.26,-14.26,Texas Water Development Board,water_level,12110208
8860812,2021-01-31,,,Texas Water Development Board,water_level,12110208
8860812,2022-01-27,43.54,-6.54,Texas Water Development Board,water_level,12110208
8860812,2023-01-23,46.99,-9.99,Texas Water Development Board,water_level,12110208
8860812,2024-02-01,,,Texas Water Development Board,water_level,12110208
8860812,2025-01-28,48.02,-11.02,Texas Water Development Board,water_level,12110208
8860812,2026-01-29,51.28,-14.28,Texas Water Development Board,water_level,12110208
8860813,2003-04-16,21.3,17.7,Registered Water Well Driller,water_level,12110208
8860814,2003-09-07,21.79,16.21,Registered Water Well Driller,water_level,12110208
8860815,2003-04-02,19.24,17.76,Registered Water Well Driller,water_level,12110208
8860901,1972-10-16,11.17,19.83,Texas Water Development Board,water_level,12110208
8861401,,22,12,U.S. Geological Survey,water_level,12110208
8861701,1972-10-16,-0.82,17.82,Texas Water Development Board,water_level,12110208
8863301,1996-12-03,10,-5,Texas Water Development Board,water_level,12110208
8863601,1952-01-07,3,6,U.S. Geological Survey,water_level,12110208
8904101,1962-06-27,30.16,13.84,Texas Water Development Board,water_level,12110208
8904101,1963-08-15,22.78,21.22,Texas Water Development Board,water_level,12110208
8904101,1964-08-26,32.12,11.88,Texas Water Development Board,water_level,12110208
8904101,1965-08-11,23.8,20.2,Texas Water Development Board,water_level,12110208
8904101,1966-07-28,27,17,Texas Water Development Board,water_level,12110208
8904101,1967-07-27,24.13,19.87,Texas Water Development Board,water_level,12110208
8904101,1968-08-28,21.46,22.54,Texas Water Development Board,water_level,12110208
8904101,1969-08-18,19.32,24.68,Texas Water Development Board,water_level,12110208
8904101,1970-08-19,21.06,22.94,Texas Water Development Board,water_level,12110208
8904101,1971-08-16,33.47,10.53,Texas Water Development Board,water_level,12110208
8904101,1972-08-07,16.37,27.63,Texas Water Development Board,water_level,12110208
8904101,1973-08-28,15.26,28.74,Texas Water Development Board,water_level,12110208
8904101,1974-08-19,19.7,24.3,Texas Water Development Board,water_level,12110208
8904101,1975-08-13,16.05,27.95,Texas Water Development Board,water_level,12110208
8904101,1976-08-18,13.35,30.65,Texas Water Development Board,water_level,12110208
8904101,1977-08-04,14.3,29.7,Texas Water Development Board,water_level,12110208
8904101,1978-08-24,,,Texas Water Development Board,water_level,12110208
8904101,1979-08-16,15.05,28.95,Texas Water Development Board,water_level,12110208
8904101,1980-09-17,16.85,27.15,Texas Water Development Board,water_level,12110208
8904101,1980-12-15,,,Texas Water Development Board,water_level,12110208
8904101,1982-02-16,16.16,27.84,Texas Water Development Board,water_level,12110208
8904101,1983-02-15,16.35,27.65,Texas Water Development Board,water_level,12110208
8904101,1984-02-07,,,Texas Water Development Board,water_level,12110208
8904101,1985-02-19,16.15,27.85,Texas Water Development Board,water_level,12110208
8904101,1985-12-06,,,Texas Water Development Board,water_level,12110208
8904101,1987-01-14,,,Texas Water Development Board,water_level,12110208
8904101,1995-09-21,,,Texas Water Development Board,water_level,12110208
8904102,1972-09-22,16.37,28.63,Texas Water Development Board,water_level,12110208
8904102,1995-09-21,,,Texas Water Development Board,water_level,12110208
8904103,1972-09-22,15.29,24.71,Texas Water Development Board,water_level,12110208
8904104,1995-09-21,,,Texas Water Development Board,water_level,12110208
8904104,,22,17,Other or Source of Measurement Unknown,water_level,12110208
8904104,,22,17,Other or Source of Measurement Unknown,water_level,12110208
8904105,1969-08-30,18,23,Registered Water Well Driller,water_level,12110208
8904106,1968-04-24,18,21,Registered Water Well Driller,water_level,12110208
8904107,1968-12-27,20,23,Registered Water Well Driller,water_level,12110208
8904108,1970-06-01,20,22,Registered Water Well Driller,water_level,12110208
8904109,1970-06-12,20,20,Registered Water Well Driller,water_level,12110208
8904110,1970-06-24,20,21,Registered Water Well Driller,water_level,12110208
8904111,1970-09-11,48,1,Registered Water Well Driller,water_level,12110208
8904112,1969-10-30,35,8,Texas Water Development Board,water_level,12110208
8904113,1971-08-20,70,-25,Registered Water Well Driller,water_level,12110208
8904114,,18,26,Other or Source of Measurement Unknown,water_level,12110208
8904117,1999-07-13,,,Texas Water Development Board,water_level,13090002
8904118,1999-07-12,18.5,31.5,Texas Water Development Board,water_level,12110208
8904119,1996-09-16,60,-12,Registered Water Well Driller,water_level,13090002
8904201,1952-08-20,21,18,Other or Source of Measurement Unknown,water_level,12110208
8904203,,20,18,Other or Source of Measurement Unknown,water_level,12110208
8904204,1952-08-19,17.2,20.8,Other or Source of Measurement Unknown,water_level,12110208
8904207,1952-08-28,12.5,20.5,Other or Source of Measurement Unknown,water_level,12110208
8904208,1973-03-11,15,20,Texas Water Development Board,water_level,12110208
8904208,1973-04-02,15.41,19.59,Texas Water Development Board,water_level,12110208
8904208,1973-04-15,14.69,20.31,Texas Water Development Board,water_level,12110208
8904208,1973-05-14,16.5,18.5,Texas Water Development Board,water_level,12110208
8904208,1973-10-17,12.17,22.83,Texas Water Development Board,water_level,12110208
8904208,1995-09-21,,,Texas Water Development Board,water_level,12110208
8904209,1973-04-02,5.85,27.15,Texas Water Development Board,water_level,12110208
8904209,1973-10-19,4.77,28.23,Texas Water Development Board,water_level,12110208
8904209,1974-08-19,10.24,22.76,Texas Water Development Board,water_level,12110208
8904209,1975-02-25,7.41,25.59,Texas Water Development Board,water_level,12110208
8904209,1995-09-21,,,Texas Water Development Board,water_level,12110208
8904301,1966-04-20,16,10,Registered Water Well Driller,water_level,12110208
8904301,1973-04-20,16,10,Registered Water Well Driller,water_level,12110208
8904302,1970-10-01,10,21,Registered Water Well Driller,water_level,12110208
8904303,1970-06-02,18,5,Registered Water Well Driller,water_level,12110208
8904307,,8.8,20.2,Other or Source of Measurement Unknown,water_level,12110208
8904307,,20,9,Other or Source of Measurement Unknown,water_level,12110208
8904308,1973-03-26,8.72,26.28,Texas Water Development Board,water_level,12110208
8904308,1973-04-15,8.28,26.72,Texas Water Development Board,water_level,12110208
8904308,1973-05-09,9.12,25.88,Texas Water Development Board,water_level,12110208
8904308,1973-10-16,7.74,27.26,Texas Water Development Board,water_level,12110208
8904308,1974-06-14,11.4,23.6,Texas Water Development Board,water_level,12110208
8904308,1975-02-26,9.76,25.24,Texas Water Development Board,water_level,12110208
8904308,1995-09-21,,,Texas Water Development Board,water_level,12110208
8904309,1973-04-02,9.55,22.45,Texas Water Development Board,water_level,12110208
8904309,1973-04-15,9.71,22.29,Texas Water Development Board,water_level,12110208
8904309,1973-05-14,10.59,21.41,Texas Water Development Board,water_level,12110208
8904309,1973-10-15,9.23,22.77,Texas Water Development Board,water_level,12110208
8904309,1974-06-13,10.78,21.22,Texas Water Development Board,water_level,12110208
8904309,1975-02-27,11.2,20.8,Texas Water Development Board,water_level,12110208
8904309,1995-09-21,11.6,20.4,Texas Water Development Board,water_level,12110208
8904310,1975-01-25,32,-2,Registered Water Well Driller,water_level,12110208
8904312,1996-05-02,15,11,Texas Water Development Board,water_level,12110208
8904314,,16,12,U.S. Geological Survey,water_level,12110208
8904501,1969-07-16,12,26,Registered Water Well Driller,water_level,12110208
8904502,1972-03-26,16,22,Registered Water Well Driller,water_level,12110208
8904503,1968-09-20,16,19,Registered Water Well Driller,water_level,12110208
8904506,1969-11-24,19,17,Registered Water Well Driller,water_level,12110208
8904507,1971-06-04,15,23,Registered Water Well Driller,water_level,12110208
8904508,1969-09-29,15,22,Registered Water Well Driller,water_level,12110208
8904510,1973-04-02,13.35,26.65,Texas Water Development Board,water_level,13090002
8904510,1973-04-15,13.52,26.48,Texas Water Development Board,water_level,13090002
8904510,1973-05-14,14.38,25.62,Texas Water Development Board,water_level,13090002
8904510,1973-10-21,11.47,28.53,Texas Water Development Board,water_level,13090002
8904510,1974-02-25,14.54,25.46,Texas Water Development Board,water_level,13090002
8904510,1974-06-13,14.92,25.08,Texas Water Development Board,water_level,13090002
8904510,1974-08-19,15.24,24.76,Texas Water Development Board,water_level,13090002
8904510,1995-09-21,,,Texas Water Development Board,water_level,13090002
8904601,1953-09-30,22.5,11.5,Other or Source of Measurement Unknown,water_level,12110208
8904601,1957-09-11,18.2,15.8,Other or Source of Measurement Unknown,water_level,12110208
8904601,1962-06-27,,,Texas Water Development Board,water_level,12110208
8904601,1963-08-15,14.05,19.95,Texas Water Development Board,water_level,12110208
8904602,1953-09-30,22.4,11.6,Other or Source of Measurement Unknown,water_level,12110208
8904602,1957-09-30,16.91,17.09,Other or Source of Measurement Unknown,water_level,12110208
8904602,1960-08-30,10.3,23.7,Other or Source of Measurement Unknown,water_level,12110208
8904602,1962-06-27,,,Texas Water Development Board,water_level,12110208
8904602,1963-08-15,14.5,19.5,Texas Water Development Board,water_level,12110208
8904602,1964-08-26,,,Texas Water Development Board,water_level,12110208
8904602,1965-08-11,,,Texas Water Development Board,water_level,12110208
8904602,1966-07-28,19.18,14.82,Texas Water Development Board,water_level,12110208
8904602,1967-07-27,21.75,12.25,Texas Water Development Board,water_level,12110208
8904602,1968-08-28,15,19,Texas Water Development Board,water_level,12110208
8904602,1969-08-18,,,Texas Water Development Board,water_level,12110208
8904602,1970-08-19,14.1,19.9,Texas Water Development Board,water_level,12110208
8904602,1971-08-16,18.7,15.3,Texas Water Development Board,water_level,12110208
8904602,1972-08-07,11.45,22.55,Texas Water Development Board,water_level,12110208
8904602,1973-08-28,10.67,23.33,Texas Water Development Board,water_level,12110208
8904602,1974-08-19,20.98,13.02,Texas Water Development Board,water_level,12110208
8904602,1975-08-14,12.25,21.75,Texas Water Development Board,water_level,12110208
8904602,1976-08-18,,,Texas Water Development Board,water_level,12110208
8904602,1977-08-04,,,Texas Water Development Board,water_level,12110208
8904602,1978-08-24,,,Texas Water Development Board,water_level,12110208
8904602,1979-08-16,14.35,19.65,Texas Water Development Board,water_level,12110208
8904602,1980-09-17,13.9,20.1,Texas Water Development Board,water_level,12110208
8904602,1980-12-15,13.81,20.19,Texas Water Development Board,water_level,12110208
8904602,1983-02-15,9.1,24.9,Texas Water Development Board,water_level,12110208
8904602,1984-02-07,10.55,23.45,Texas Water Development Board,water_level,12110208
8904602,1985-02-19,10.88,23.12,Texas Water Development Board,water_level,12110208
8904602,1985-12-06,12.28,21.72,Texas Water Development Board,water_level,12110208
8904602,1987-01-14,12.7,21.3,Texas Water Development Board,water_level,12110208
8904602,1988-01-05,12.43,21.57,Texas Water Development Board,water_level,12110208
8904602,1989-01-03,14.4,19.6,Texas Water Development Board,water_level,12110208
8904602,1989-12-20,,,Texas Water Development Board,water_level,12110208
8904602,1990-11-12,16.7,17.3,Texas Water Development Board,water_level,12110208
8904602,1991-11-12,15.7,18.3,Texas Water Development Board,water_level,12110208
8904602,1992-12-29,12,22,Texas Water Development Board,water_level,12110208
8904602,1993-10-07,11.3,22.7,Texas Water Development Board,water_level,12110208
8904602,1994-11-29,15.9,18.1,Texas Water Development Board,water_level,12110208
8904602,1995-09-20,13.3,20.7,Texas Water Development Board,water_level,12110208
8904602,1996-02-14,12.1,21.9,Texas Water Development Board,water_level,12110208
8904602,1997-02-08,12.08,21.92,Texas Water Development Board,water_level,12110208
8904602,1998-02-24,13.05,20.95,Texas Water Development Board,water_level,12110208
8904602,1999-02-25,14.35,19.65,Texas Water Development Board,water_level,12110208
8904602,2000-02-23,,,Texas Water Development Board,water_level,12110208
8904602,2001-02-23,14.89,19.11,Texas Water Development Board,water_level,12110208
8904602,2002-02-27,18.9,15.1,Texas Water Development Board,water_level,12110208
8904602,2003-02-14,13.43,20.57,Texas Water Development Board,water_level,12110208
8904602,2004-02-19,11.76,22.24,Texas Water Development Board,water_level,12110208
8904602,2005-02-17,16.45,17.55,Texas Water Development Board,water_level,12110208
8904602,2006-02-16,17.91,16.09,Texas Water Development Board,water_level,12110208
8904602,2007-02-28,13.9,20.1,Texas Water Development Board,water_level,12110208
8904602,2008-02-13,12.52,21.48,Texas Water Development Board,water_level,12110208
8904602,2009-03-10,12.63,21.37,Texas Water Development Board,water_level,12110208
8904602,2010-01-26,15.28,18.72,Texas Water Development Board,water_level,12110208
8904602,2011-01-19,13.6,20.4,Texas Water Development Board,water_level,12110208
8904602,2012-01-13,16.2,17.8,Texas Water Development Board,water_level,12110208
8904602,2013-01-18,,,Texas Water Development Board,water_level,12110208
8904602,2014-01-28,16.65,17.35,Texas Water Development Board,water_level,12110208
8904602,2015-01-21,12.69,21.31,Texas Water Development Board,water_level,12110208
8904602,2016-01-25,14.6,19.4,Texas Water Development Board,water_level,12110208
8904602,2017-01-10,15.93,18.07,Texas Water Development Board,water_level,12110208
8904602,2018-01-17,20.67,13.33,Texas Water Development Board,water_level,12110208
8904602,2019-01-22,17.74,16.26,Texas Water Development Board,water_level,12110208
8904602,2020-01-29,16.73,17.27,Texas Water Development Board,water_level,12110208
8904602,2021-01-31,,,Texas Water Development Board,water_level,12110208
8904602,2022-01-27,13.53,20.47,Texas Water Development Board,water_level,12110208
8904602,2023-01-23,14.76,19.24,Texas Water Development Board,water_level,12110208
8904602,2024-02-01,15.91,18.09,Texas Water Development Board,water_level,12110208
8904602,2025-01-28,13.45,20.55,Texas Water Development Board,water_level,12110208
8904602,2026-01-29,15.61,18.39,Texas Water Development Board,water_level,12110208
8904603,1953-09-30,21.77,11.23,Other or Source of Measurement Unknown,water_level,12110208
8904603,1957-09-13,18.22,14.78,Other or Source of Measurement Unknown,water_level,12110208
8904603,1959-03-02,10.7,22.3,Other or Source of Measurement Unknown,water_level,12110208
8904603,1962-06-27,,,Texas Water Development Board,water_level,12110208
8904603,1963-08-15,,,Texas Water Development Board,water_level,12110208
8904603,1995-09-20,,,Texas Water Development Board,water_level,12110208
8904605,1970-12-03,12,19,Registered Water Well Driller,water_level,12110208
8904606,1969-08-15,9,18,Registered Water Well Driller,water_level,12110208
8904607,,17,15,Registered Water Well Driller,water_level,12110208
8904608,1972-09-26,18.65,14.35,Texas Water Development Board,water_level,12110208
8904609,1966-01-14,20,16,Registered Water Well Driller,water_level,12110208
8904610,1970-05-21,9,16,Registered Water Well Driller,water_level,12110208
8904611,1970-03-20,17,17,Registered Water Well Driller,water_level,12110208
8904612,1970-05-21,16,18,Registered Water Well Driller,water_level,12110208
8904613,1971-08-11,11,16,Registered Water Well Driller,water_level,12110208
8904614,1970-03-02,17,18,Registered Water Well Driller,water_level,12110208
8904615,1969-05-11,19,12,Registered Water Well Driller,water_level,12110208
8904616,1953-09-30,20.6,13.4,Other or Source of Measurement Unknown,water_level,12110208
8904616,1973-04-02,12.2,21.8,Texas Water Development Board,water_level,12110208
8904616,1973-04-15,11.6,22.4,Texas Water Development Board,water_level,12110208
8904616,1973-05-14,12.2,21.8,Texas Water Development Board,water_level,12110208
8904616,1973-10-18,18.76,15.24,Texas Water Development Board,water_level,12110208
8904616,1995-09-20,11.7,22.3,Texas Water Development Board,water_level,12110208
8904617,1953-09-30,21.1,12.9,Other or Source of Measurement Unknown,water_level,12110208
8904617,1995-09-20,,,Texas Water Development Board,water_level,12110208
8904618,1952-10-23,14.3,19.7,Other or Source of Measurement Unknown,water_level,12110208
8904620,,14,21,Registered Water Well Driller,water_level,12110208
8904622,,16,17,Other or Source of Measurement Unknown,water_level,12110208
8904624,1968-07-30,17,19,Registered Water Well Driller,water_level,12110208
8904625,1970-12-22,16,14,Registered Water Well Driller,water_level,12110208
8904628,1973-04-02,11.4,21.6,Texas Water Development Board,water_level,12110208
8904628,1973-04-15,11.1,21.9,Texas Water Development Board,water_level,12110208
8904628,1973-05-09,12.7,20.3,Texas Water Development Board,water_level,12110208
8904628,1973-10-16,9.9,23.1,Texas Water Development Board,water_level,12110208
8904628,1995-09-20,13.4,19.6,Texas Water Development Board,water_level,12110208
8904629,1973-04-02,11,26,Texas Water Development Board,water_level,12110208
8904629,1973-04-13,11,26,Texas Water Development Board,water_level,12110208
8904629,1973-05-09,14.3,22.7,Texas Water Development Board,water_level,12110208
8904629,1973-06-15,43.2,-6.2,Texas Water Development Board,water_level,12110208
8904629,1973-10-18,8.1,28.9,Texas Water Development Board,water_level,12110208
8904629,1995-09-20,,,Texas Water Development Board,water_level,12110208
8904630,1973-04-18,10.4,19.6,Texas Water Development Board,water_level,12110208
8904630,1973-05-14,11.8,18.2,Texas Water Development Board,water_level,12110208
8904630,1973-06-18,15.7,14.3,Texas Water Development Board,water_level,12110208
8904630,1973-10-15,9.8,20.2,Texas Water Development Board,water_level,12110208
8904630,1995-09-20,,,Texas Water Development Board,water_level,12110208
8904633,1981-06-15,14,21,Registered Water Well Driller,water_level,12110208
8904634,1996-01-22,13,22,Texas Water Development Board,water_level,12110208
8904635,1996-06-08,14,21,Texas Water Development Board,water_level,12110208
8904638,1984-06-16,14,24,Registered Water Well Driller,water_level,12110208
8904902,1973-03-08,21.86,9.14,Texas Water Development Board,water_level,12110208
8904902,1973-04-08,22.76,8.24,Texas Water Development Board,water_level,12110208
8904902,1973-05-04,23.65,7.35,Texas Water Development Board,water_level,12110208
8904902,1973-10-20,21.22,9.78,Texas Water Development Board,water_level,12110208
8904902,1973-10-25,21.33,9.67,Texas Water Development Board,water_level,12110208
8904902,1973-10-30,21.26,9.74,Texas Water Development Board,water_level,12110208
8904902,1973-11-05,21.6,9.4,Texas Water Development Board,water_level,12110208
8904902,1973-11-10,21.98,9.02,Texas Water Development Board,water_level,12110208
8904902,1973-11-15,21.8,9.2,Texas Water Development Board,water_level,12110208
8904902,1973-11-20,21.92,9.08,Texas Water Development Board,water_level,12110208
8904902,1973-11-25,22.02,8.98,Texas Water Development Board,water_level,12110208
8904902,1973-11-30,22.6,8.4,Texas Water Development Board,water_level,12110208
8904902,1973-12-05,22.5,8.5,Texas Water Development Board,water_level,12110208
8904902,1973-12-10,22.54,8.46,Texas Water Development Board,water_level,12110208
8904902,1973-12-15,22.32,8.68,Texas Water Development Board,water_level,12110208
8904902,1973-12-18,22.31,8.69,Texas Water Development Board,water_level,12110208
8904902,1973-12-20,22.67,8.33,Texas Water Development Board,water_level,12110208
8904902,1973-12-25,22.49,8.51,Texas Water Development Board,water_level,12110208
8904902,1973-12-30,22.69,8.31,Texas Water Development Board,water_level,12110208
8904902,1974-01-05,22.59,8.41,Texas Water Development Board,water_level,12110208
8904902,1974-01-10,22.91,8.09,Texas Water Development Board,water_level,12110208
8904902,1974-01-15,22.81,8.19,Texas Water Development Board,water_level,12110208
8904902,1974-01-20,22.73,8.27,Texas Water Development Board,water_level,12110208
8904902,1974-01-25,22.89,8.11,Texas Water Development Board,water_level,12110208
8904902,1974-01-30,22.78,8.22,Texas Water Development Board,water_level,12110208
8904902,1974-02-05,22.75,8.25,Texas Water Development Board,water_level,12110208
8904902,1974-02-10,23.06,7.94,Texas Water Development Board,water_level,12110208
8904902,1974-02-15,23.26,7.74,Texas Water Development Board,water_level,12110208
8904902,1974-02-20,23.15,7.85,Texas Water Development Board,water_level,12110208
8904902,1974-02-25,23.28,7.72,Texas Water Development Board,water_level,12110208
8904902,1974-03-05,23.35,7.65,Texas Water Development Board,water_level,12110208
8904902,1974-03-10,23.6,7.4,Texas Water Development Board,water_level,12110208
8904902,1974-03-15,24.15,6.85,Texas Water Development Board,water_level,12110208
8904902,1974-03-20,23.7,7.3,Texas Water Development Board,water_level,12110208
8904902,1974-03-25,23.92,7.08,Texas Water Development Board,water_level,12110208
8904902,1974-03-30,23.53,7.47,Texas Water Development Board,water_level,12110208
8904902,1974-04-05,23.43,7.57,Texas Water Development Board,water_level,12110208
8904902,1974-04-10,23.74,7.26,Texas Water Development Board,water_level,12110208
8904902,1974-04-15,23.85,7.15,Texas Water Development Board,water_level,12110208
8904902,1974-04-20,23.6,7.4,Texas Water Development Board,water_level,12110208
8904902,1974-04-25,23.86,7.14,Texas Water Development Board,water_level,12110208
8904902,1974-04-30,23.84,7.16,Texas Water Development Board,water_level,12110208
8904902,1974-05-05,24.04,6.96,Texas Water Development Board,water_level,12110208
8904902,1974-05-10,23.68,7.32,Texas Water Development Board,water_level,12110208
8904902,1974-05-15,23.55,7.45,Texas Water Development Board,water_level,12110208
8904902,1974-05-20,24,7,Texas Water Development Board,water_level,12110208
8904902,1974-05-25,24.12,6.88,Texas Water Development Board,water_level,12110208
8904902,1974-05-30,23.9,7.1,Texas Water Development Board,water_level,12110208
8904902,1974-06-05,24.25,6.75,Texas Water Development Board,water_level,12110208
8904902,1974-06-10,24.55,6.45,Texas Water Development Board,water_level,12110208
8904902,1974-06-12,24.33,6.67,Texas Water Development Board,water_level,12110208
8904902,1974-06-15,24,7,Texas Water Development Board,water_level,12110208
8904902,1974-06-20,23.76,7.24,Texas Water Development Board,water_level,12110208
8904902,1974-06-25,23.61,7.39,Texas Water Development Board,water_level,12110208
8904902,1974-06-30,24.17,6.83,Texas Water Development Board,water_level,12110208
8904902,1974-07-05,23.85,7.15,Texas Water Development Board,water_level,12110208
8904902,1974-07-10,23.91,7.09,Texas Water Development Board,water_level,12110208
8904902,1974-07-15,24.04,6.96,Texas Water Development Board,water_level,12110208
8904902,1974-07-20,24.33,6.67,Texas Water Development Board,water_level,12110208
8904902,1974-07-25,24.23,6.77,Texas Water Development Board,water_level,12110208
8904902,1974-07-30,24.7,6.3,Texas Water Development Board,water_level,12110208
8904902,1974-08-05,24.38,6.62,Texas Water Development Board,water_level,12110208
8904902,1974-08-10,24.27,6.73,Texas Water Development Board,water_level,12110208
8904902,1974-08-15,24.46,6.54,Texas Water Development Board,water_level,12110208
8904902,1974-08-16,24.72,6.28,Texas Water Development Board,water_level,12110208
8904902,1974-08-20,25.17,5.83,Texas Water Development Board,water_level,12110208
8904902,1974-08-25,25.6,5.4,Texas Water Development Board,water_level,12110208
8904902,1974-08-30,24.98,6.02,Texas Water Development Board,water_level,12110208
8904902,1974-09-05,24.96,6.04,Texas Water Development Board,water_level,12110208
8904902,1974-09-10,25.29,5.71,Texas Water Development Board,water_level,12110208
8904902,1974-09-15,25.05,5.95,Texas Water Development Board,water_level,12110208
8904902,1974-09-20,24.87,6.13,Texas Water Development Board,water_level,12110208
8904902,1974-09-25,24.67,6.33,Texas Water Development Board,water_level,12110208
8904902,1974-09-30,24.2,6.8,Texas Water Development Board,water_level,12110208
8904902,1974-10-05,24.43,6.57,Texas Water Development Board,water_level,12110208
8904902,1974-10-10,24.16,6.84,Texas Water Development Board,water_level,12110208
8904902,1974-10-15,24.29,6.71,Texas Water Development Board,water_level,12110208
8904902,1974-10-20,24.35,6.65,Texas Water Development Board,water_level,12110208
8904902,1974-10-25,23.85,7.15,Texas Water Development Board,water_level,12110208
8904902,1974-10-30,23.68,7.32,Texas Water Development Board,water_level,12110208
8904902,1974-11-05,23.4,7.6,Texas Water Development Board,water_level,12110208
8904902,1974-11-10,23.3,7.7,Texas Water Development Board,water_level,12110208
8904902,1974-11-15,23.64,7.36,Texas Water Development Board,water_level,12110208
8904902,1974-11-20,23.85,7.15,Texas Water Development Board,water_level,12110208
8904902,1974-11-25,23.87,7.13,Texas Water Development Board,water_level,12110208
8904902,1974-11-30,23.78,7.22,Texas Water Development Board,water_level,12110208
8904902,1974-12-05,23.92,7.08,Texas Water Development Board,water_level,12110208
8904902,1974-12-10,23.75,7.25,Texas Water Development Board,water_level,12110208
8904902,1974-12-15,23.65,7.35,Texas Water Development Board,water_level,12110208
8904902,1974-12-20,23.85,7.15,Texas Water Development Board,water_level,12110208
8904902,1974-12-25,23.75,7.25,Texas Water Development Board,water_level,12110208
8904902,1974-12-30,23.6,7.4,Texas Water Development Board,water_level,12110208
8904902,1975-01-05,23.57,7.43,Texas Water Development Board,water_level,12110208
8904902,1975-01-10,23.8,7.2,Texas Water Development Board,water_level,12110208
8904902,1975-01-15,23.86,7.14,Texas Water Development Board,water_level,12110208
8904902,1975-01-20,24.02,6.98,Texas Water Development Board,water_level,12110208
8904902,1975-01-25,23.94,7.06,Texas Water Development Board,water_level,12110208
8904902,1975-01-30,23.88,7.12,Texas Water Development Board,water_level,12110208
8904902,1975-02-05,23.8,7.2,Texas Water Development Board,water_level,12110208
8904902,1975-02-10,23.7,7.3,Texas Water Development Board,water_level,12110208
8904902,1975-02-15,23.87,7.13,Texas Water Development Board,water_level,12110208
8904902,1975-02-20,24.1,6.9,Texas Water Development Board,water_level,12110208
8904902,1975-02-25,23.96,7.04,Texas Water Development Board,water_level,12110208
8904902,1975-03-05,24.09,6.91,Texas Water Development Board,water_level,12110208
8904902,1975-03-10,24.14,6.86,Texas Water Development Board,water_level,12110208
8904902,1975-03-15,24.26,6.74,Texas Water Development Board,water_level,12110208
8904902,1975-03-20,24.25,6.75,Texas Water Development Board,water_level,12110208
8904902,1975-03-25,24.46,6.54,Texas Water Development Board,water_level,12110208
8904902,1975-03-30,24.48,6.52,Texas Water Development Board,water_level,12110208
8904902,1975-04-05,24.54,6.46,Texas Water Development Board,water_level,12110208
8904902,1975-04-10,24.72,6.28,Texas Water Development Board,water_level,12110208
8904902,1975-04-15,24.44,6.56,Texas Water Development Board,water_level,12110208
8904902,1975-04-20,24.32,6.68,Texas Water Development Board,water_level,12110208
8904902,1975-04-25,24.22,6.78,Texas Water Development Board,water_level,12110208
8904902,1975-04-30,24.38,6.62,Texas Water Development Board,water_level,12110208
8904902,1975-05-05,24.8,6.2,Texas Water Development Board,water_level,12110208
8904902,1975-05-06,24.85,6.15,Texas Water Development Board,water_level,12110208
8904902,1975-05-10,24.78,6.22,Texas Water Development Board,water_level,12110208
8904902,1975-05-15,24.6,6.4,Texas Water Development Board,water_level,12110208
8904902,1975-05-20,24.74,6.26,Texas Water Development Board,water_level,12110208
8904902,1975-05-25,25.05,5.95,Texas Water Development Board,water_level,12110208
8904902,1975-05-30,24.72,6.28,Texas Water Development Board,water_level,12110208
8904902,1975-06-05,24.85,6.15,Texas Water Development Board,water_level,12110208
8904902,1975-06-10,24.65,6.35,Texas Water Development Board,water_level,12110208
8904902,1975-06-15,24.5,6.5,Texas Water Development Board,water_level,12110208
8904902,1975-06-20,24.54,6.46,Texas Water Development Board,water_level,12110208
8904902,1975-06-25,24.84,6.16,Texas Water Development Board,water_level,12110208
8904902,1975-06-30,25.24,5.76,Texas Water Development Board,water_level,12110208
8904902,1975-07-05,24.87,6.13,Texas Water Development Board,water_level,12110208
8904902,1975-07-10,24.77,6.23,Texas Water Development Board,water_level,12110208
8904902,1975-07-15,24.36,6.64,Texas Water Development Board,water_level,12110208
8904902,1975-07-20,24.03,6.97,Texas Water Development Board,water_level,12110208
8904902,1975-07-25,23.9,7.1,Texas Water Development Board,water_level,12110208
8904902,1975-07-30,23.67,7.33,Texas Water Development Board,water_level,12110208
8904902,1975-08-05,23.64,7.36,Texas Water Development Board,water_level,12110208
8904902,1975-08-10,23.32,7.68,Texas Water Development Board,water_level,12110208
8904902,1975-08-13,23.2,7.8,Texas Water Development Board,water_level,12110208
8904902,1975-08-15,23.1,7.9,Texas Water Development Board,water_level,12110208
8904902,1975-08-20,22.95,8.05,Texas Water Development Board,water_level,12110208
8904902,1975-08-25,22.8,8.2,Texas Water Development Board,water_level,12110208
8904902,1975-08-30,22.89,8.11,Texas Water Development Board,water_level,12110208
8904902,1975-09-05,22.4,8.6,Texas Water Development Board,water_level,12110208
8904902,1975-09-10,22.2,8.8,Texas Water Development Board,water_level,12110208
8904902,1975-09-15,21.6,9.4,Texas Water Development Board,water_level,12110208
8904902,1975-09-20,21.32,9.68,Texas Water Development Board,water_level,12110208
8904902,1975-09-25,21.23,9.77,Texas Water Development Board,water_level,12110208
8904902,1975-09-30,21.46,9.54,Texas Water Development Board,water_level,12110208
8904902,1975-10-05,21.6,9.4,Texas Water Development Board,water_level,12110208
8904902,1975-10-10,22.09,8.91,Texas Water Development Board,water_level,12110208
8904902,1975-10-15,21.94,9.06,Texas Water Development Board,water_level,12110208
8904902,1975-10-20,22.41,8.59,Texas Water Development Board,water_level,12110208
8904902,1975-10-25,22.2,8.8,Texas Water Development Board,water_level,12110208
8904902,1975-10-30,22.48,8.52,Texas Water Development Board,water_level,12110208
8904902,1975-11-05,22.45,8.55,Texas Water Development Board,water_level,12110208
8904902,1975-11-10,22.34,8.66,Texas Water Development Board,water_level,12110208
8904902,1975-11-15,22.9,8.1,Texas Water Development Board,water_level,12110208
8904902,1975-11-20,22.69,8.31,Texas Water Development Board,water_level,12110208
8904902,1975-11-25,22.54,8.46,Texas Water Development Board,water_level,12110208
8904902,1975-11-30,22.48,8.52,Texas Water Development Board,water_level,12110208
8904902,1975-12-05,22.53,8.47,Texas Water Development Board,water_level,12110208
8904902,1975-12-10,22.56,8.44,Texas Water Development Board,water_level,12110208
8904902,1975-12-15,22.91,8.09,Texas Water Development Board,water_level,12110208
8904902,1975-12-20,23.39,7.61,Texas Water Development Board,water_level,12110208
8904902,1975-12-25,23,8,Texas Water Development Board,water_level,12110208
8904902,1975-12-30,22.85,8.15,Texas Water Development Board,water_level,12110208
8904902,1976-01-05,22.79,8.21,Texas Water Development Board,water_level,12110208
8904902,1976-01-10,22.77,8.23,Texas Water Development Board,water_level,12110208
8904902,1976-01-15,22.8,8.2,Texas Water Development Board,water_level,12110208
8904902,1976-01-20,22.83,8.17,Texas Water Development Board,water_level,12110208
8904902,1976-01-25,22.94,8.06,Texas Water Development Board,water_level,12110208
8904902,1976-01-30,23.47,7.53,Texas Water Development Board,water_level,12110208
8904902,1976-02-03,23.44,7.56,Texas Water Development Board,water_level,12110208
8904902,1976-02-05,23.36,7.64,Texas Water Development Board,water_level,12110208
8904902,1976-02-10,23.17,7.83,Texas Water Development Board,water_level,12110208
8904902,1976-02-15,23.5,7.5,Texas Water Development Board,water_level,12110208
8904902,1976-02-20,23.53,7.47,Texas Water Development Board,water_level,12110208
8904902,1976-02-25,23.38,7.62,Texas Water Development Board,water_level,12110208
8904902,1976-03-05,23.41,7.59,Texas Water Development Board,water_level,12110208
8904902,1976-03-10,23.63,7.37,Texas Water Development Board,water_level,12110208
8904902,1976-03-15,23.4,7.6,Texas Water Development Board,water_level,12110208
8904902,1976-03-20,24,7,Texas Water Development Board,water_level,12110208
8904902,1976-03-25,23.62,7.38,Texas Water Development Board,water_level,12110208
8904902,1976-03-30,23.44,7.56,Texas Water Development Board,water_level,12110208
8904902,1976-04-05,23.27,7.73,Texas Water Development Board,water_level,12110208
8904902,1976-04-10,23.15,7.85,Texas Water Development Board,water_level,12110208
8904902,1976-04-15,23,8,Texas Water Development Board,water_level,12110208
8904902,1976-04-20,22.96,8.04,Texas Water Development Board,water_level,12110208
8904902,1976-04-25,22.97,8.03,Texas Water Development Board,water_level,12110208
8904902,1976-04-26,22.97,8.03,Texas Water Development Board,water_level,12110208
8904902,1976-04-30,23.02,7.98,Texas Water Development Board,water_level,12110208
8904902,1976-05-05,22.85,8.15,Texas Water Development Board,water_level,12110208
8904902,1976-05-10,22.97,8.03,Texas Water Development Board,water_level,12110208
8904902,1976-05-15,22.8,8.2,Texas Water Development Board,water_level,12110208
8904902,1976-05-20,22.69,8.31,Texas Water Development Board,water_level,12110208
8904902,1976-05-25,22.55,8.45,Texas Water Development Board,water_level,12110208
8904902,1976-05-30,22.44,8.56,Texas Water Development Board,water_level,12110208
8904902,1976-06-05,22.96,8.04,Texas Water Development Board,water_level,12110208
8904902,1976-06-10,22.76,8.24,Texas Water Development Board,water_level,12110208
8904902,1976-06-15,22.7,8.3,Texas Water Development Board,water_level,12110208
8904902,1976-06-20,23.53,7.47,Texas Water Development Board,water_level,12110208
8904902,1976-06-25,23.24,7.76,Texas Water Development Board,water_level,12110208
8904902,1976-06-30,23.27,7.73,Texas Water Development Board,water_level,12110208
8904902,1976-07-05,23.5,7.5,Texas Water Development Board,water_level,12110208
8904902,1976-07-10,22.8,8.2,Texas Water Development Board,water_level,12110208
8904902,1976-07-15,23.14,7.86,Texas Water Development Board,water_level,12110208
8904902,1976-07-20,21.79,9.21,Texas Water Development Board,water_level,12110208
8904902,1976-07-25,21.37,9.63,Texas Water Development Board,water_level,12110208
8904902,1976-07-30,21.25,9.75,Texas Water Development Board,water_level,12110208
8904902,1976-08-05,21.24,9.76,Texas Water Development Board,water_level,12110208
8904902,1976-08-10,21.46,9.54,Texas Water Development Board,water_level,12110208
8904902,1976-08-15,21.29,9.71,Texas Water Development Board,water_level,12110208
8904902,1976-08-18,21.5,9.5,Texas Water Development Board,water_level,12110208
8904902,1976-08-20,21.56,9.44,Texas Water Development Board,water_level,12110208
8904902,1976-08-25,21.26,9.74,Texas Water Development Board,water_level,12110208
8904902,1976-08-30,20.9,10.1,Texas Water Development Board,water_level,12110208
8904902,1976-09-05,20.8,10.2,Texas Water Development Board,water_level,12110208
8904902,1976-09-10,21,10,Texas Water Development Board,water_level,12110208
8904902,1976-09-15,20.85,10.15,Texas Water Development Board,water_level,12110208
8904902,1976-09-20,20.77,10.23,Texas Water Development Board,water_level,12110208
8904902,1976-09-25,20.84,10.16,Texas Water Development Board,water_level,12110208
8904902,1976-09-30,20.89,10.11,Texas Water Development Board,water_level,12110208
8904902,1976-10-05,20.56,10.44,Texas Water Development Board,water_level,12110208
8904902,1976-10-10,20.63,10.37,Texas Water Development Board,water_level,12110208
8904902,1976-10-14,21.54,9.46,Texas Water Development Board,water_level,12110208
8904902,1976-10-15,21.12,9.88,Texas Water Development Board,water_level,12110208
8904902,1976-10-20,21.5,9.5,Texas Water Development Board,water_level,12110208
8904902,1976-10-25,21.44,9.56,Texas Water Development Board,water_level,12110208
8904902,1976-10-30,20.8,10.2,Texas Water Development Board,water_level,12110208
8904902,1976-11-05,20.4,10.6,Texas Water Development Board,water_level,12110208
8904902,1976-11-10,20.22,10.78,Texas Water Development Board,water_level,12110208
8904902,1976-11-15,20.05,10.95,Texas Water Development Board,water_level,12110208
8904902,1976-11-20,19.85,11.15,Texas Water Development Board,water_level,12110208
8904902,1976-11-25,19.59,11.41,Texas Water Development Board,water_level,12110208
8904902,1977-03-10,19.69,11.31,Texas Water Development Board,water_level,12110208
8904902,1977-03-15,19.82,11.18,Texas Water Development Board,water_level,12110208
8904902,1977-03-20,20.64,10.36,Texas Water Development Board,water_level,12110208
8904902,1977-03-25,20.65,10.35,Texas Water Development Board,water_level,12110208
8904902,1977-03-30,20.53,10.47,Texas Water Development Board,water_level,12110208
8904902,1977-04-05,21,10,Texas Water Development Board,water_level,12110208
8904902,1977-04-29,19.96,11.04,Texas Water Development Board,water_level,12110208
8904902,1977-08-04,22.05,8.95,Texas Water Development Board,water_level,12110208
8904902,1978-08-24,24.55,6.45,Texas Water Development Board,water_level,12110208
8904902,1979-08-16,,,Texas Water Development Board,water_level,12110208
8904902,1995-09-20,,,Texas Water Development Board,water_level,12110208
8904905,1996-05-03,12,23,Texas Water Development Board,water_level,12110208
8905102,1973-04-08,0.7,18.3,Texas Water Development Board,water_level,12110208
8905102,1973-04-18,0.6,18.4,Texas Water Development Board,water_level,12110208
8905102,1973-05-14,1.3,17.7,Texas Water Development Board,water_level,12110208
8905102,1973-06-15,4.5,14.5,Texas Water Development Board,water_level,12110208
8905102,1973-10-15,0.4,18.6,Texas Water Development Board,water_level,12110208
8905102,1995-09-20,,,Texas Water Development Board,water_level,12110208
8905401,1972-10-18,3.84,19.16,Texas Water Development Board,water_level,12110208
8905401,1995-09-20,,,Texas Water Development Board,water_level,12110208
8905404,1973-02-22,12.92,16.08,Texas Water Development Board,water_level,12110208
8905404,1973-04-10,11.39,17.61,Texas Water Development Board,water_level,12110208
8905404,1973-05-14,10.69,18.31,Texas Water Development Board,water_level,12110208
8905404,1973-06-21,12.13,16.87,Texas Water Development Board,water_level,12110208
8905404,1973-10-20,10.01,18.99,Texas Water Development Board,water_level,12110208
8905404,1973-10-21,10.01,18.99,Texas Water Development Board,water_level,12110208
8905404,1973-10-25,9.91,19.09,Texas Water Development Board,water_level,12110208
8905404,1973-10-30,9.85,19.15,Texas Water Development Board,water_level,12110208
8905404,1973-11-05,9.9,19.1,Texas Water Development Board,water_level,12110208
8905404,1973-11-10,9.88,19.12,Texas Water Development Board,water_level,12110208
8905404,1973-11-15,9.88,19.12,Texas Water Development Board,water_level,12110208
8905404,1973-11-20,9.91,19.09,Texas Water Development Board,water_level,12110208
8905404,1973-11-25,9.95,19.05,Texas Water Development Board,water_level,12110208
8905404,1973-11-30,10.1,18.9,Texas Water Development Board,water_level,12110208
8905404,1973-12-05,10.16,18.84,Texas Water Development Board,water_level,12110208
8905404,1973-12-10,10.23,18.77,Texas Water Development Board,water_level,12110208
8905404,1973-12-15,10.2,18.8,Texas Water Development Board,water_level,12110208
8905404,1973-12-18,10.21,18.79,Texas Water Development Board,water_level,12110208
8905404,1973-12-25,10.27,18.73,Texas Water Development Board,water_level,12110208
8905404,1973-12-30,10.28,18.72,Texas Water Development Board,water_level,12110208
8905404,1974-01-05,10.34,18.66,Texas Water Development Board,water_level,12110208
8905404,1974-01-10,10.37,18.63,Texas Water Development Board,water_level,12110208
8905404,1974-01-15,10.42,18.58,Texas Water Development Board,water_level,12110208
8905404,1974-03-10,10.87,18.13,Texas Water Development Board,water_level,12110208
8905404,1974-06-12,10.33,18.67,Texas Water Development Board,water_level,12110208
8905404,1974-06-15,11.3,17.7,Texas Water Development Board,water_level,12110208
8905404,1974-06-20,11.36,17.64,Texas Water Development Board,water_level,12110208
8905404,1974-08-16,12.01,16.99,Texas Water Development Board,water_level,12110208
8905404,1974-08-20,12.05,16.95,Texas Water Development Board,water_level,12110208
8905404,1974-08-25,12.18,16.82,Texas Water Development Board,water_level,12110208
8905404,1974-08-30,12.25,16.75,Texas Water Development Board,water_level,12110208
8905404,1974-09-05,12.32,16.68,Texas Water Development Board,water_level,12110208
8905404,1974-09-10,12.35,16.65,Texas Water Development Board,water_level,12110208
8905404,1974-09-15,12.34,16.66,Texas Water Development Board,water_level,12110208
8905404,1974-09-20,12.33,16.67,Texas Water Development Board,water_level,12110208
8905404,1974-09-25,12.19,16.81,Texas Water Development Board,water_level,12110208
8905404,1974-09-30,12.18,16.82,Texas Water Development Board,water_level,12110208
8905404,1974-10-05,12.13,16.87,Texas Water Development Board,water_level,12110208
8905404,1974-10-10,12.13,16.87,Texas Water Development Board,water_level,12110208
8905404,1974-10-15,12.13,16.87,Texas Water Development Board,water_level,12110208
8905404,1974-10-20,12.09,16.91,Texas Water Development Board,water_level,12110208
8905404,1974-10-25,11.94,17.06,Texas Water Development Board,water_level,12110208
8905404,1974-10-30,11.82,17.18,Texas Water Development Board,water_level,12110208
8905404,1974-11-05,11.75,17.25,Texas Water Development Board,water_level,12110208
8905404,1974-11-10,11.66,17.34,Texas Water Development Board,water_level,12110208
8905404,1974-11-15,11.69,17.31,Texas Water Development Board,water_level,12110208
8905404,1974-11-20,11.68,17.32,Texas Water Development Board,water_level,12110208
8905404,1974-11-26,11.84,17.16,Texas Water Development Board,water_level,12110208
8905404,1974-11-30,11.72,17.28,Texas Water Development Board,water_level,12110208
8905404,1974-12-05,11.65,17.35,Texas Water Development Board,water_level,12110208
8905404,1974-12-10,11.63,17.37,Texas Water Development Board,water_level,12110208
8905404,1974-12-15,11.58,17.42,Texas Water Development Board,water_level,12110208
8905404,1974-12-20,11.56,17.44,Texas Water Development Board,water_level,12110208
8905404,1974-12-25,11.6,17.4,Texas Water Development Board,water_level,12110208
8905404,1975-02-25,11.62,17.38,Texas Water Development Board,water_level,12110208
8905404,1975-05-06,11.7,17.3,Texas Water Development Board,water_level,12110208
8905404,1975-05-10,11.63,17.37,Texas Water Development Board,water_level,12110208
8905404,1975-05-15,11.63,17.37,Texas Water Development Board,water_level,12110208
8905404,1975-05-20,11.72,17.28,Texas Water Development Board,water_level,12110208
8905404,1975-05-25,11.82,17.18,Texas Water Development Board,water_level,12110208
8905404,1975-05-30,11.8,17.2,Texas Water Development Board,water_level,12110208
8905404,1975-06-05,11.93,17.07,Texas Water Development Board,water_level,12110208
8905404,1975-06-10,11.86,17.14,Texas Water Development Board,water_level,12110208
8905404,1975-06-15,11.8,17.2,Texas Water Development Board,water_level,12110208
8905404,1975-06-20,11.87,17.13,Texas Water Development Board,water_level,12110208
8905404,1975-06-25,11.9,17.1,Texas Water Development Board,water_level,12110208
8905404,1975-06-30,12.01,16.99,Texas Water Development Board,water_level,12110208
8905404,1975-07-05,11.94,17.06,Texas Water Development Board,water_level,12110208
8905404,1975-07-10,11.96,17.04,Texas Water Development Board,water_level,12110208
8905404,1975-07-15,11.7,17.3,Texas Water Development Board,water_level,12110208
8905404,1975-07-20,11.62,17.38,Texas Water Development Board,water_level,12110208
8905404,1975-07-25,11.63,17.37,Texas Water Development Board,water_level,12110208
8905404,1975-07-30,11.6,17.4,Texas Water Development Board,water_level,12110208
8905404,1975-08-05,11.57,17.43,Texas Water Development Board,water_level,12110208
8905404,1975-08-10,11.52,17.48,Texas Water Development Board,water_level,12110208
8905404,1975-08-14,11.4,17.6,Texas Water Development Board,water_level,12110208
8905404,1975-08-15,11.24,17.76,Texas Water Development Board,water_level,12110208
8905404,1975-08-20,11.17,17.83,Texas Water Development Board,water_level,12110208
8905404,1975-08-25,11.13,17.87,Texas Water Development Board,water_level,12110208
8905404,1975-08-30,11.08,17.92,Texas Water Development Board,water_level,12110208
8905404,1975-09-05,10.7,18.3,Texas Water Development Board,water_level,12110208
8905404,1975-09-10,10.6,18.4,Texas Water Development Board,water_level,12110208
8905404,1975-09-15,10.42,18.58,Texas Water Development Board,water_level,12110208
8905404,1975-09-20,10.42,18.58,Texas Water Development Board,water_level,12110208
8905404,1975-09-25,10.4,18.6,Texas Water Development Board,water_level,12110208
8905404,1975-09-30,10.35,18.65,Texas Water Development Board,water_level,12110208
8905404,1975-11-25,10.66,18.34,Texas Water Development Board,water_level,12110208
8905404,1975-11-30,10.62,18.38,Texas Water Development Board,water_level,12110208
8905404,1975-12-05,10.6,18.4,Texas Water Development Board,water_level,12110208
8905404,1975-12-10,10.45,18.55,Texas Water Development Board,water_level,12110208
8905404,1975-12-15,10.17,18.83,Texas Water Development Board,water_level,12110208
8905404,1975-12-20,10.18,18.82,Texas Water Development Board,water_level,12110208
8905404,1975-12-25,10.04,18.96,Texas Water Development Board,water_level,12110208
8905404,1975-12-30,10.31,18.69,Texas Water Development Board,water_level,12110208
8905404,1976-01-05,10.45,18.55,Texas Water Development Board,water_level,12110208
8905404,1976-01-10,10.25,18.75,Texas Water Development Board,water_level,12110208
8905404,1976-01-15,9.65,19.35,Texas Water Development Board,water_level,12110208
8905404,1976-01-20,10.11,18.89,Texas Water Development Board,water_level,12110208
8905404,1976-01-25,10.6,18.4,Texas Water Development Board,water_level,12110208
8905404,1976-01-30,10.69,18.31,Texas Water Development Board,water_level,12110208
8905404,1976-02-03,10.86,18.14,Texas Water Development Board,water_level,12110208
8905404,1976-02-05,10.68,18.32,Texas Water Development Board,water_level,12110208
8905404,1976-02-10,10.78,18.22,Texas Water Development Board,water_level,12110208
8905404,1976-02-15,10.81,18.19,Texas Water Development Board,water_level,12110208
8905404,1976-02-20,10.68,18.32,Texas Water Development Board,water_level,12110208
8905404,1976-02-25,10.37,18.63,Texas Water Development Board,water_level,12110208
8905404,1976-03-05,10.08,18.92,Texas Water Development Board,water_level,12110208
8905404,1976-03-10,10.36,18.64,Texas Water Development Board,water_level,12110208
8905404,1976-03-15,10.49,18.51,Texas Water Development Board,water_level,12110208
8905404,1976-03-20,10.15,18.85,Texas Water Development Board,water_level,12110208
8905404,1976-03-25,10.26,18.74,Texas Water Development Board,water_level,12110208
8905404,1976-03-30,10.22,18.78,Texas Water Development Board,water_level,12110208
8905404,1976-04-05,9.97,19.03,Texas Water Development Board,water_level,12110208
8905404,1976-04-10,10.04,18.96,Texas Water Development Board,water_level,12110208
8905404,1976-04-15,10.25,18.75,Texas Water Development Board,water_level,12110208
8905404,1976-04-20,10.32,18.68,Texas Water Development Board,water_level,12110208
8905404,1976-04-25,10.15,18.85,Texas Water Development Board,water_level,12110208
8905404,1976-04-26,10.04,18.96,Texas Water Development Board,water_level,12110208
8905404,1976-04-30,9.55,19.45,Texas Water Development Board,water_level,12110208
8905404,1976-05-05,9.78,19.22,Texas Water Development Board,water_level,12110208
8905404,1976-05-10,10.09,18.91,Texas Water Development Board,water_level,12110208
8905404,1976-05-15,9.97,19.03,Texas Water Development Board,water_level,12110208
8905404,1976-05-20,9.85,19.15,Texas Water Development Board,water_level,12110208
8905404,1976-05-25,9.56,19.44,Texas Water Development Board,water_level,12110208
8905404,1976-05-30,10.18,18.82,Texas Water Development Board,water_level,12110208
8905404,1976-06-05,9.93,19.07,Texas Water Development Board,water_level,12110208
8905404,1976-06-10,9.99,19.01,Texas Water Development Board,water_level,12110208
8905404,1976-06-15,9.94,19.06,Texas Water Development Board,water_level,12110208
8905404,1976-06-20,10,19,Texas Water Development Board,water_level,12110208
8905404,1976-06-25,10.08,18.92,Texas Water Development Board,water_level,12110208
8905404,1976-06-30,10.16,18.84,Texas Water Development Board,water_level,12110208
8905404,1976-07-05,10.3,18.7,Texas Water Development Board,water_level,12110208
8905404,1976-07-10,9.44,19.56,Texas Water Development Board,water_level,12110208
8905404,1976-07-15,9.48,19.52,Texas Water Development Board,water_level,12110208
8905404,1976-07-20,9.56,19.44,Texas Water Development Board,water_level,12110208
8905404,1976-07-25,9.53,19.47,Texas Water Development Board,water_level,12110208
8905404,1976-07-30,9.5,19.5,Texas Water Development Board,water_level,12110208
8905404,1976-08-05,9.57,19.43,Texas Water Development Board,water_level,12110208
8905404,1976-08-10,9.57,19.43,Texas Water Development Board,water_level,12110208
8905404,1976-08-15,9.61,19.39,Texas Water Development Board,water_level,12110208
8905404,1976-08-18,9.62,19.38,Texas Water Development Board,water_level,12110208
8905404,1976-10-14,9.55,19.45,Texas Water Development Board,water_level,12110208
8905404,1976-10-15,9.48,19.52,Texas Water Development Board,water_level,12110208
8905404,1976-10-20,9.68,19.32,Texas Water Development Board,water_level,12110208
8905404,1976-10-25,9.65,19.35,Texas Water Development Board,water_level,12110208
8905404,1976-10-30,8.98,20.02,Texas Water Development Board,water_level,12110208
8905404,1976-11-05,9.21,19.79,Texas Water Development Board,water_level,12110208
8905404,1976-11-10,9.19,19.81,Texas Water Development Board,water_level,12110208
8905404,1976-11-15,8.95,20.05,Texas Water Development Board,water_level,12110208
8905404,1976-11-20,8.74,20.26,Texas Water Development Board,water_level,12110208
8905404,1976-11-25,8.8,20.2,Texas Water Development Board,water_level,12110208
8905404,1976-11-30,8.78,20.22,Texas Water Development Board,water_level,12110208
8905404,1976-12-05,8.73,20.27,Texas Water Development Board,water_level,12110208
8905404,1976-12-10,8.74,20.26,Texas Water Development Board,water_level,12110208
8905404,1976-12-15,8.64,20.36,Texas Water Development Board,water_level,12110208
8905404,1976-12-20,8.53,20.47,Texas Water Development Board,water_level,12110208
8905404,1976-12-25,8.34,20.66,Texas Water Development Board,water_level,12110208
8905404,1976-12-30,8.35,20.65,Texas Water Development Board,water_level,12110208
8905404,1977-01-05,7.86,21.14,Texas Water Development Board,water_level,12110208
8905404,1977-01-10,7.71,21.29,Texas Water Development Board,water_level,12110208
8905404,1977-01-15,7.56,21.44,Texas Water Development Board,water_level,12110208
8905404,1977-02-14,7,22,Texas Water Development Board,water_level,12110208
8905404,1977-04-28,8.02,20.98,Texas Water Development Board,water_level,12110208
8905404,1977-08-04,9.43,19.57,Texas Water Development Board,water_level,12110208
8905404,1977-09-15,9.65,19.35,Texas Water Development Board,water_level,12110208
8905404,1977-09-20,9.75,19.25,Texas Water Development Board,water_level,12110208
8905404,1977-09-25,9.77,19.23,Texas Water Development Board,water_level,12110208
8905404,1977-09-30,9.93,19.07,Texas Water Development Board,water_level,12110208
8905404,1977-10-05,9.88,19.12,Texas Water Development Board,water_level,12110208
8905404,1977-10-10,9.99,19.01,Texas Water Development Board,water_level,12110208
8905404,1977-10-15,10.15,18.85,Texas Water Development Board,water_level,12110208
8905404,1977-10-20,10.11,18.89,Texas Water Development Board,water_level,12110208
8905404,1977-10-25,10.05,18.95,Texas Water Development Board,water_level,12110208
8905404,1977-10-30,10.04,18.96,Texas Water Development Board,water_level,12110208
8905404,1977-11-05,10.1,18.9,Texas Water Development Board,water_level,12110208
8905404,1977-11-10,10.11,18.89,Texas Water Development Board,water_level,12110208
8905404,1977-11-15,10.12,18.88,Texas Water Development Board,water_level,12110208
8905404,1977-11-20,9.93,19.07,Texas Water Development Board,water_level,12110208
8905404,1977-11-25,9.95,19.05,Texas Water Development Board,water_level,12110208
8905404,1977-11-30,10,19,Texas Water Development Board,water_level,12110208
8905404,1977-12-05,9.84,19.16,Texas Water Development Board,water_level,12110208
8905404,1977-12-10,10.04,18.96,Texas Water Development Board,water_level,12110208
8905404,1977-12-15,10.04,18.96,Texas Water Development Board,water_level,12110208
8905404,1977-12-20,10.11,18.89,Texas Water Development Board,water_level,12110208
8905404,1978-01-19,10,19,Texas Water Development Board,water_level,12110208
8905404,1978-04-11,9.91,19.09,Texas Water Development Board,water_level,12110208
8905404,1978-04-15,9.47,19.53,Texas Water Development Board,water_level,12110208
8905404,1978-04-20,9.68,19.32,Texas Water Development Board,water_level,12110208
8905404,1978-04-25,9.7,19.3,Texas Water Development Board,water_level,12110208
8905404,1978-04-30,9.74,19.26,Texas Water Development Board,water_level,12110208
8905404,1978-05-05,9.85,19.15,Texas Water Development Board,water_level,12110208
8905404,1978-05-10,9.93,19.07,Texas Water Development Board,water_level,12110208
8905404,1978-05-15,9.99,19.01,Texas Water Development Board,water_level,12110208
8905404,1978-05-20,10.12,18.88,Texas Water Development Board,water_level,12110208
8905404,1978-05-25,10.14,18.86,Texas Water Development Board,water_level,12110208
8905404,1978-05-30,10.19,18.81,Texas Water Development Board,water_level,12110208
8905404,1978-06-05,10.22,18.78,Texas Water Development Board,water_level,12110208
8905404,1978-06-10,10.25,18.75,Texas Water Development Board,water_level,12110208
8905404,1978-06-15,10.36,18.64,Texas Water Development Board,water_level,12110208
8905404,1978-06-20,10.28,18.72,Texas Water Development Board,water_level,12110208
8905404,1978-08-24,11.26,17.74,Texas Water Development Board,water_level,12110208
8905404,1978-08-25,11.23,17.77,Texas Water Development Board,water_level,12110208
8905404,1978-08-30,11.1,17.9,Texas Water Development Board,water_level,12110208
8905404,1978-09-05,10.94,18.06,Texas Water Development Board,water_level,12110208
8905404,1978-09-10,10.47,18.53,Texas Water Development Board,water_level,12110208
8905404,1978-09-15,10.42,18.58,Texas Water Development Board,water_level,12110208
8905404,1978-09-20,10.46,18.54,Texas Water Development Board,water_level,12110208
8905404,1978-09-25,9.91,19.09,Texas Water Development Board,water_level,12110208
8905404,1978-09-30,9.87,19.13,Texas Water Development Board,water_level,12110208
8905404,1978-10-05,10.03,18.97,Texas Water Development Board,water_level,12110208
8905404,1978-10-10,9.55,19.45,Texas Water Development Board,water_level,12110208
8905404,1978-10-15,9.7,19.3,Texas Water Development Board,water_level,12110208
8905404,1978-10-20,9.68,19.32,Texas Water Development Board,water_level,12110208
8905404,1978-10-25,9.61,19.39,Texas Water Development Board,water_level,12110208
8905404,1978-10-30,9.61,19.39,Texas Water Development Board,water_level,12110208
8905404,1978-11-05,9.53,19.47,Texas Water Development Board,water_level,12110208
8905404,1978-11-10,9.67,19.33,Texas Water Development Board,water_level,12110208
8905404,1978-11-15,9.76,19.24,Texas Water Development Board,water_level,12110208
8905404,1978-11-20,9.77,19.23,Texas Water Development Board,water_level,12110208
8905404,1978-11-25,9.79,19.21,Texas Water Development Board,water_level,12110208
8905404,1978-11-30,9.85,19.15,Texas Water Development Board,water_level,12110208
8905404,1978-12-05,9.64,19.36,Texas Water Development Board,water_level,12110208
8905404,1978-12-10,9.62,19.38,Texas Water Development Board,water_level,12110208
8905404,1978-12-15,9.3,19.7,Texas Water Development Board,water_level,12110208
8905404,1978-12-20,9.4,19.6,Texas Water Development Board,water_level,12110208
8905404,1978-12-25,8.67,20.33,Texas Water Development Board,water_level,12110208
8905404,1978-12-30,8.22,20.78,Texas Water Development Board,water_level,12110208
8905404,1979-01-15,8.19,20.81,Texas Water Development Board,water_level,12110208
8905404,1979-02-15,8.92,20.08,Texas Water Development Board,water_level,12110208
8905404,1979-03-15,8.18,20.82,Texas Water Development Board,water_level,12110208
8905404,1979-04-15,7.71,21.29,Texas Water Development Board,water_level,12110208
8905404,1979-05-15,7.9,21.1,Texas Water Development Board,water_level,12110208
8905404,1979-08-16,10.09,18.91,Texas Water Development Board,water_level,12110208
8905404,1980-09-17,7.7,21.3,Texas Water Development Board,water_level,12110208
8905404,1980-12-15,8.24,20.76,Texas Water Development Board,water_level,12110208
8905404,1980-12-16,,,Texas Water Development Board,water_level,12110208
8905405,1973-04-16,9,20,Texas Water Development Board,water_level,12110208
8905405,1973-05-14,9.6,19.4,Texas Water Development Board,water_level,12110208
8905405,1973-06-14,10.7,18.3,Texas Water Development Board,water_level,12110208
8905405,1995-09-20,,,Texas Water Development Board,water_level,12110208
8905407,1997-07-10,25,4,Registered Water Well Driller,water_level,12110208
8905407,1999-09-21,13.5,15.5,Texas Water Development Board,water_level,12110208
